Date,AAPL,ABNB,AMZN,BA,GOOGL,HPQ,MCD,MSFT,NVDA,TSLA,^GSPC,RF,Mkt_RF,AAPL_RF,ABNB_RF,AMZN_RF,BA_RF,GOOGL_RF,HPQ_RF,MCD_RF,MSFT_RF,NVDA_RF,TSLA_RF
2021-01-05,0.012363891376538705,0.06575644668788305,0.010004358381754175,0.043952267208251294,0.00806426280255046,0.014516940797097977,0.005993860878151125,0.000964566214261664,0.022209907345293045,0.007317368906131216,0.007082595157549276,3.5714285714285714e-06,0.007079023728977848,0.012360319947967276,0.06575287525931163,0.010000786953182746,0.043948695779679865,0.00806069137397903,0.014513369368526548,0.005990289449579697,0.0009609947856902355,0.022206335916721616,0.007313797477559788
2021-01-06,-0.03366174183878612,-0.03728926949089051,-0.024896614147709384,-0.0028351655704391687,-0.009867563164709381,0.020441543404298157,-0.0022696727096161995,-0.02592939974781361,-0.05895302415423165,0.028390302267496503,0.005709842747752214,3.5714285714285714e-06,0.005706271319180786,-0.03366531326735755,-0.03729284091946194,-0.024900185576280813,-0.0028387369990105975,-0.00987113459328081,0.020437971975726728,-0.0022732441381876282,-0.025932971176385038,-0.05895659558280308,0.028386730838925074
2021-01-07,0.03412312360407066,0.0595363153718107,0.0075771277744003385,0.007960991064248413,0.029868559882631818,0.03165066548539608,0.0046443084265130885,0.028457139143285737,0.057830401684699995,0.07944656360858104,0.014847403800101189,3.5714285714285714e-06,0.01484383237152976,0.03411955217549923,0.05953274394323927,0.00757355634582891,0.007957419635676984,0.02986498845406039,0.03164709405682465,0.00464073699794166,0.028453567714714308,0.057826830256128565,0.07944299218000962
2021-01-08,0.008631409214972408,-0.00991604387938183,0.006495514374673217,-0.013210534195331691,0.013238900272304788,-0.008543680715437874,0.01835083684311245,0.0060928127404145105,-0.005039873888572632,0.07840299470467449,0.005491862685268911,3.1746031746031746e-06,0.005488688082094308,0.008628234611797804,-0.009919218482556435,0.006492339771498614,-0.013213708798506295,0.013235725669130184,-0.008546855318612477,0.018347662239937848,0.0060896381372399075,-0.0050430484917472354,0.07839982010149989
2021-01-11,-0.023248819008605315,-0.010950119135103686,-0.021519462280005563,-0.014816582662147804,-0.023105933999423067,0.009792495660399858,-0.007597262981794639,-0.009698616406022098,0.02596642611953537,-0.07821411721500826,-0.006554750898592476,3.1746031746031746e-06,-0.006557925501767079,-0.023251993611779917,-0.01095329373827829,-0.021522636883180166,-0.014819757265322408,-0.02310910860259767,0.009789321057225254,-0.007600437584969242,-0.009701791009196702,0.025963251516360766,-0.07821729181818286
2021-01-12,-0.0013954874749773083,0.08553296260922094,0.002125797051401035,0.007834084958525667,-0.010738473890383293,0.005042625881441776,-0.012276436649581668,-0.011770642552187183,-0.010039358552983435,0.047152947996006445,0.0004157884466327033,3.5714285714285714e-06,0.00041221701806127474,-0.0013990589035487368,0.08552939118064952,0.002122225622829606,0.007830513529954237,-0.010742045318954722,0.005039054452870347,-0.012280008078153097,-0.011774213980758612,-0.010042929981554864,0.047149376567435015
2021-01-13,0.01622645725258387,0.057151755391747106,0.014438406874172749,-0.005757866355530994,0.005652139374339615,-0.007719101550227259,0.0023157761653735953,0.0065602733114635825,0.0034852672320191402,0.005850950889994211,0.0022756417379066196,3.5714285714285714e-06,0.002272070309335191,0.01622288582401244,0.057148183963175676,0.01443483544560132,-0.005761437784102422,0.005648567945768187,-0.007722672978798687,0.0023122047368021666,0.006556701882892154,0.0034816958034477115,0.005847379461422783
2021-01-14,-0.015126966477722936,0.061827131991348594,-0.012135545173177387,0.013030244007329994,-0.009346245910306639,-0.003500525992158887,-0.01692675881344219,-0.015346359391317566,-0.02449752561623697,-0.011013523157297866,-0.0037534511943366766,3.5714285714285714e-06,-0.0037570226229081054,-0.015130537906294365,0.061823560562777165,-0.012139116601748816,0.013026672578758565,-0.009349817338878068,-0.003504097420730316,-0.016930330242013618,-0.015349930819888995,-0.0245010970448084,-0.011017094585869296
2021-01-15,-0.013730546573611946,-0.06221604281185078,-0.007424600125642833,-0.026630442762931694,-0.00190649854095859,-0.01756448018426149,0.006762805065634092,-0.0017368101890862242,-0.02581401058746957,-0.02229585445953408,-0.007190027975370938,3.5714285714285714e-06,-0.007193599403942367,-0.013734118002183375,-0.06221961424042221,-0.007428171554214261,-0.026634014191503123,-0.0019100699695300185,-0.017568051612832918,0.006759233637062664,-0.0017403816176576527,-0.025817582016041,-0.02229942588810551
2021-01-19,0.005427290575244381,0.02611211707557337,0.005318518294228358,0.03127446730906125,0.032906697010639085,-0.0011918133912771633,-0.003906817614410252,0.01782276049974163,0.012889342412451432,0.022259629183488006,0.008136379515524483,3.5714285714285714e-06,0.008132808086953054,0.005423719146672953,0.026108545647001942,0.00531494686565693,0.03127089588048982,0.032903125582067656,-0.0011953848198485919,-0.00391038904298168,0.0178191890711702,0.012885770983880003,0.022256057754916576
2021-01-20,0.03285624606191995,-0.06828257495334245,0.04570048462239673,0.003511889377801891,0.05357336620262876,0.00238675120059062,0.02171331590289438,0.03649965489565732,0.026141479580057858,0.006985997867906768,0.013935625421946263,3.1746031746031746e-06,0.013932450818771659,0.032853071458745345,-0.06828574955651705,0.04569731001922213,0.003508714774627288,0.053570191599454156,0.002383576597416017,0.02171014129971978,0.036496480292482716,0.026138304976883256,0.006982823264732165
2021-01-21,0.036658291415411215,0.11474999601628988,0.013363421550624865,-0.019106140195980892,0.0021699147109794925,0.006349080342113345,-0.00046809309615747363,0.0028082792306107773,0.0375398513211862,-0.006420156263489907,0.0003167233075522802,3.5714285714285714e-06,0.0003131518789808516,0.036654719986839786,0.11474642458771846,0.013359850122053436,-0.01910971162455232,0.0021663432824080638,0.006345508913541916,-0.0004716645247289022,0.0028047078020393486,0.03753627989261477,-0.006423727692061335
2021-01-22,0.016073116453556135,0.00814856580065415,-0.00446331304512726,-0.007569583416894288,0.004463530934535775,-0.00354883748490864,-0.0007023051191092922,0.0043559796234393655,-0.011177204820213227,0.0019526425140827808,-0.0030106116552376383,3.1746031746031746e-06,-0.0030137862584122413,0.016069941850381533,0.008145391197479547,-0.004466487648301863,-0.007572758020068891,0.004460356331361172,-0.003552012088083243,-0.0007054797222838953,0.0043528050202647625,-0.01118037942338783,0.0019494679109081775
2021-01-25,0.027684188386431385,-0.023863179493099795,0.0005376354551673845,-0.012048172229210952,0.000909071078956325,-0.009893155702404233,-0.00018757099807464872,0.015844364035151326,-0.004320926637083167,0.04034780611460387,0.0036158389430824833,3.5714285714285714e-06,0.0036122675145110546,0.027680616957859956,-0.023866750921671225,0.000534064026595956,-0.01205174365778238,0.0009054996503848965,-0.009896727130975662,-0.0001911424266460773,0.015840792606579897,-0.004324498065654595,0.04034423468603244
2021-01-26,0.0016793141271997936,0.08567569885907633,0.009754137082109926,-0.0063926192361138945,0.0072163591190517185,-0.01598736326374961,0.009562356863427102,0.01219889029121246,-0.015966659252494297,0.0025999188207492807,-0.0014888337468982327,2.777777777777778e-06,-0.0014916115246760104,0.0016765363494220158,0.08567292108129855,0.009751359304332147,-0.006395397013891672,0.007213581341273941,-0.01599014104152739,0.009559579085649323,0.012196112513434682,-0.015969437030272076,0.002597141042971503
2021-01-27,-0.00768356837985007,0.04415271487131789,-0.02812581228312927,-0.03974066552667499,-0.04665213260790613,0.009342184620444005,-0.038908023765735544,0.0024531904873654753,-0.038518208915949814,-0.02143608477064074,-0.025677883699462,3.1746031746031746e-06,-0.025681058302636603,-0.007686742983024673,0.044149540268143286,-0.028128986886303872,-0.03974384012984959,-0.04665530721108073,0.009339010017269401,-0.038911198368910146,0.0024500158841908723,-0.038521383519124416,-0.021439259373815342
2021-01-28,-0.03498540209623857,-0.06896896836180122,0.0015591193708615059,0.016492279381406627,0.018835149211881008,0.0008047421678658573,-0.0008696214080200493,0.025891122403741917,0.010315215716795612,-0.033246240146660666,0.009760625975629766,2.777777777777778e-06,0.009757848197851988,-0.03498817987401635,-0.068971746139579,0.0015563415930837281,0.01648950160362885,0.01883237143410323,0.0008019643900880795,-0.000872399185797827,0.02588834462596414,0.010312437939017833,-0.03324901792443844
2021-01-29,-0.037420563636455406,-0.01996045435148719,-0.009704654514695155,-0.015413442944714917,-0.013943550191627296,-0.021310738233300097,0.004931778345119042,-0.029171717095944016,-0.004693225990763383,-0.05015373491403896,-0.019311475173124593,2.3809523809523808e-06,-0.019313856125505544,-0.03742294458883636,-0.01996283530386814,-0.009707035467076106,-0.015415823897095868,-0.013945931144008248,-0.02131311918568105,0.00492939739273809,-0.029174098048324968,-0.004695606943144336,-0.050156115866419916
2021-02-01,0.01652026021443609,-0.017371901958190383,0.042629902924745666,0.00849680146114773,0.03595916075172867,0.005751903739682707,0.0004330534302852129,0.033152375335881334,0.019034476997427108,0.058321672867634566,0.016051767614439383,2.777777777777778e-06,0.016048989836661604,0.01651748243665831,-0.017374679735968162,0.04262712514696789,0.00849402368336995,0.035956382973950894,0.005749125961904929,0.00043027565250743516,0.03314959755810356,0.01903169921964933,0.05831889508985679
2021-02-02,0.0063365981634304624,-0.007038374281076343,0.011104214562255077,0.02604169831946046,0.013760710174765656,0.016748237304038183,0.008800993117506373,-0.0005843645131078379,0.02415574455789482,0.039270726531715816,0.013898223484416938,2.777777777777778e-06,0.01389544570663916,0.006333820385652685,-0.0070411520588541205,0.011101436784477298,0.02603892054168268,0.013757932396987877,0.016745459526260404,0.008798215339728594,-0.0005871422908856156,0.024152966780117042,0.03926794875393804
2021-02-03,-0.007778336278561393,0.0365574768024588,-0.019961565909300982,0.0320991184924615,0.07282499132727183,0.01366004722962888,-0.005005740039402129,0.01457148505952377,-0.001936456563085831,-0.020738065332563282,0.0010087690809532646,1.5873015873015873e-06,0.001007181779365963,-0.007779923580148695,0.0365558895008715,-0.019963153210888283,0.0320975311908742,0.07282340402568452,0.013658459928041579,-0.005007327340989431,0.014569897757936469,-0.0019380438646731325,-0.020739652634150584
2021-02-04,0.025757759780512313,0.05427526257161697,0.005575845147329783,0.01567095814438879,-0.002549923532969234,0.028537452422456644,0.011115693861016629,-0.0040739368734390435,0.009885341347536825,-0.005499119810906672,0.010853322230420792,1.5873015873015873e-06,0.010851734928833491,0.02575617247892501,0.054273675270029666,0.005574257845742481,0.01566937084280149,-0.0025515108345565353,0.028535865120869343,0.011114106559429328,-0.0040755241750263455,0.009883754045949524,-0.005500707112493974
2021-02-05,-0.0030982143796867145,-0.0025025816421185842,0.006349415177487883,-0.012865584512531836,0.017140359571607977,0.00770729419241678,0.007345165682529187,0.0007849781461186645,-0.005360844327369274,0.0026353496607176563,0.003897495164625342,1.1904761904761904e-06,0.0038963046884348657,-0.0030994048558771908,-0.0025037721183090605,0.006348224701297407,-0.012866774988722312,0.0171391690954175,0.0077061037162263046,0.007343975206338711,0.0007837876699281883,-0.00536203480355975,0.00263415918452718
2021-02-08,0.001097074826700073,0.02621471087598315,-0.008713780773966562,0.019333450748152625,-0.0020633729835745074,0.04397702506173218,-0.00470429738135969,0.0011145994422707695,0.062375904170212104,0.0131302972383458,0.007399348360373592,1.984126984126984e-06,0.007397364233389465,0.001095090699715946,0.02621272674899902,-0.008715764900950688,0.019331466621168497,-0.002065357110558634,0.04397504093474805,-0.004706281508343817,0.0011126153152866425,0.062373920043227976,0.013128313111361674
2021-02-09,-0.006573859862658238,-0.002744039380665031,-0.00539885256244832,0.014956349207777553,-0.0043798778053258935,-0.007692553143087588,0.02079614907497862,0.005361795640207223,-0.012154949296341644,-0.016168321643152184,-0.0011135249921484514,1.5873015873015873e-06,-0.0011151122937357529,-0.00657544716424554,-0.0027456266822523325,-0.005400439864035622,0.014954761906190252,-0.0043814651069131955,-0.00769414044467489,0.02079456177339132,0.005360208338619921,-0.012156536597928945,-0.016169908944739485
2021-02-10,-0.004558696023928999,0.05893535366983471,-0.005573405440383872,-0.014875404522480484,0.005343547881548449,0.0022148611165764276,-0.007315624462027159,-0.003897012826294066,0.03512534594106009,-0.052550944303998315,-0.00034518493235935477,1.984126984126984e-06,-0.00034716905934348177,-0.004560680150913126,0.05893336954285058,-0.005575389567367999,-0.01487738864946461,0.005341563754564322,0.002212876989592301,-0.0073176085890112865,-0.003898996953278193,0.035123361814075965,-0.05255292843098244
2021-02-11,-0.0019200659527122133,0.024473176727571877,-0.007439273910078148,-0.0059456139945390785,0.0010878500767623756,0.008471537667498863,-0.0006064006627051199,0.006877131989014185,0.03295108168863714,0.008498789811735685,0.0016624551635393559,1.984126984126984e-06,0.0016604710365552288,-0.0019220500796963403,0.02447119260058775,-0.007441258037062275,-0.005947598121523206,0.0010858659497782485,0.008469553540514737,-0.0006083847896892469,0.0068751478620300574,0.03294909756165301,0.008496805684751559
2021-02-12,0.0017760283328318582,-0.01918466949071096,0.004775969497859078,0.0015189977208152072,0.0030066815144762504,0.004017655731753944,-0.0017266249820839796,0.002045271271554183,-0.01898262641271764,0.005494900903412869,0.0047110331133788375,1.5873015873015873e-06,0.0047094458117915355,0.0017744410312445567,-0.01918625679229826,0.004774382196271776,0.0015174104192279057,0.003005094212888949,0.004016068430166642,-0.0017282122836712811,0.0020436839699668817,-0.01898421371430494,0.005493313601825567
2021-02-16,-0.016103965966090095,-0.01325931992920737,-0.0026726192693009576,0.029386657852856102,0.007479686513138795,-0.012004394647399219,0.005282840052203142,-0.005265359224718935,0.02466373358792895,-0.024383660823671938,-0.0005692724183511411,1.5873015873015873e-06,-0.0005708597199384427,-0.016105553267677396,-0.01326090723079467,-0.002674206570888259,0.0293850705512688,0.007478099211551493,-0.01200598194898652,0.00528125275061584,-0.005266946526306237,0.024662146286341648,-0.02438524812525924
2021-02-17,-0.017644088746861297,-0.037644114521625194,0.012141589169594624,-0.0076433762745284906,0.003752217328801377,-0.03240055421591148,-0.007347863881022154,0.004359312123727532,-0.0276739057166423,0.002423867227268506,-0.0003204020092266724,1.5873015873015873e-06,-0.00032198931081397396,-0.0176456760484486,-0.037645701823212495,0.012140001868007323,-0.0076449635761157925,0.0037506300272140756,-0.03240214151749878,-0.007349451182609456,0.00435772482214023,-0.0276754930182296,0.0024222799256812043
2021-02-18,-0.00863645313472794,-0.019409849957512493,0.005920814274298136,-0.03266522088604773,-0.0060465858235216885,0.0049467748398599465,0.00927612422166213,-0.0016788816783326332,-0.0051658352871025714,-0.013493691045324274,-0.004415835627354592,1.1904761904761904e-06,-0.004417026103545068,-0.008637643610918415,-0.01941104043370297,0.00591962379810766,-0.032666411362238204,-0.006047776299712164,0.004945584363669471,0.009274933745471654,-0.0016800721545231095,-0.005167025763293047,-0.01349488152151475
2021-02-19,0.0012335341491436225,0.015300010809978781,-0.023535055745747435,0.04312166959612318,-0.008072755527228637,0.026126449068947233,-0.014807438536967088,-0.011567338246241898,0.006574925455067104,-0.007721833533733569,-0.0018548966445751658,1.5873015873015873e-06,-0.0018564839461624673,0.001231946847556321,0.01529842350839148,-0.023536643047334736,0.04312008229453588,-0.008074342828815938,0.026124861767359932,-0.014809025838554389,-0.0115689255478292,0.006573338153479802,-0.007723420835320871
2021-02-22,-0.029799159897888394,-0.028497591772047026,-0.021280609604111933,-0.021106342539780387,-0.01654040245748767,0.0007378411302243482,-0.0008481513308384869,-0.02680825223017813,-0.03823728874514809,-0.08549845855559934,-0.0077328394581538396,1.1904761904761904e-06,-0.007734029934344315,-0.029800350374078872,-0.028498782248237504,-0.02128180008030241,-0.021107533015970865,-0.016541592933678146,0.000736650654033872,-0.0008493418070289631,-0.02680944270636861,-0.038238479221338564,-0.08549964903178982
2021-02-23,-0.0011112321386544943,-0.03967441458632148,0.004326059526709614,-0.0035701322256328494,0.0028526760738063484,0.009587027033766127,-0.0034895666627959843,-0.00528772034267333,-0.014889584142136036,-0.021917429429917368,0.0012563181187927874,1.5873015873015873e-06,0.001254730817205486,-0.0011128194402417958,-0.039676001887908784,0.004324472225122312,-0.003571719527220151,0.002851088772219047,0.009585439732178826,-0.0034911539643832858,-0.005289307644260632,-0.014891171443723338,-0.02191901673150467
2021-02-24,-0.004051908622349831,0.06722107178699521,-0.010946968676518232,0.08118047151184316,0.01149907783359616,0.02154869866115572,0.009227758391264773,0.005487216788286453,0.02524392907297801,0.06178807266392283,0.01135161376597904,1.1904761904761904e-06,0.011350423289788565,-0.004053099098540307,0.06721988131080474,-0.010948159152708708,0.08117928103565268,0.011497887357405685,0.02154750818496524,0.009226567915074297,0.005486026312095977,0.025242738596787533,0.06178688218773236
2021-02-25,-0.034782700692288615,-0.09060938894188997,-0.03240038681954516,-0.05620475972563199,-0.03256518277641551,0.007865393686480093,-0.010878433083036265,-0.02370488079623667,-0.08217808153425865,-0.08059082496045278,-0.02447880752512621,1.5873015873015873e-06,-0.024480394826713513,-0.034784287993875916,-0.09061097624347728,-0.03240197412113246,-0.05620634702721929,-0.032566770078002814,0.007863806384892792,-0.010880020384623566,-0.023706468097823973,-0.08217966883584596,-0.08059241226204009
2021-02-26,0.0022316054691715603,0.13341760337607633,0.011700387973209825,-0.020512832081341692,0.0029564008244087336,0.027669655948806993,-0.01678881973302626,0.01480406323324468,0.03058446765480216,-0.009850152211020369,-0.004750214169902844,1.5873015873015873e-06,-0.004751801471490146,0.002230018167584259,0.13341601607448902,0.011698800671622524,-0.020514419382928993,0.002954813522821432,0.02766806864721969,-0.016790407034613562,0.014802475931657379,0.03058288035321486,-0.00985173951260767
2021-03-01,0.05385130199475796,-0.048122159635841655,0.017203798394717307,0.05839349655005677,0.023616306950051458,0.02105614057667693,0.010235561443638685,0.01962314206490312,0.009278395984144927,0.06355291148192554,0.023790763506800205,1.984126984126984e-06,0.023788779379816077,0.05384931786777383,-0.04812414376282578,0.01720181426773318,0.05839151242307264,0.02361432282306733,0.0210541564496928,0.010233577316654559,0.019621157937918993,0.0092764118571608,0.06355092735494142
2021-03-02,-0.020893747847337107,-0.033194197806950876,-0.016404262105025436,-0.005570658244128834,-0.0025029263078029107,0.015551038613189405,0.002016699738711214,-0.012956940700808661,-0.03146277371534856,-0.044527636486599076,-0.008080851690870694,1.5873015873015873e-06,-0.008082438992457995,-0.02089533514892441,-0.03319578510853818,-0.016405849406612737,-0.005572245545716136,-0.002504513609390212,0.015549451311602104,0.0020151124371239125,-0.012958528002395962,-0.03146436101693586,-0.04452922378818638
2021-03-03,-0.024456489187984487,-0.05002633125506317,-0.02893170479822993,0.02428967546728744,-0.025705993712694664,-0.007323482659292724,-0.013657715994032316,-0.026980787930188987,-0.044867101765600714,-0.048423758283395735,-0.01306622187199813,1.984126984126984e-06,-0.013068205998982256,-0.024458473314968615,-0.0500283153820473,-0.028933688925214057,0.024287691340303313,-0.02570797783967879,-0.007325466786276851,-0.013659700121016442,-0.026982772057173116,-0.04486908589258484,-0.04842574241037986
2021-03-04,-0.015811785556571922,-0.0009423402145064541,-0.009128157985388907,-0.01684455235321547,0.011195900419414428,-0.05868561143482842,-0.004761722297851434,-0.0036472868782708723,-0.03393279634048729,-0.04862218183112743,-0.013417213930100202,1.5873015873015873e-06,-0.013418801231687504,-0.015813372858159223,-0.0009439275160937557,-0.009129745286976208,-0.01684613965480277,0.011194313117827127,-0.05868719873641572,-0.004763309599438736,-0.003648874179858174,-0.03393438364207459,-0.04862376913271473
2021-03-05,0.010738195937357586,-0.0023303455523586702,0.007687481916645478,-0.006630792793581919,0.031043359172379104,0.059850452914818275,0.012351304482624892,0.021479270244087356,0.007376608683354657,-0.03779931353128296,0.01949596819778221,1.5873015873015873e-06,0.01949438089619491,0.010736608635770285,-0.0023319328539459718,0.007685894615058176,-0.006632380095169221,0.031041771870791803,0.059848865613230974,0.01234971718103759,0.021477682942500055,0.007375021381767355,-0.037800900832870264
2021-03-08,-0.04167322366350845,0.0055614260251246606,-0.016167463748385735,0.003628696148034072,-0.042712060170064015,0.013781566379538202,0.008390903006701311,-0.018178012740782123,-0.06967447955028727,-0.0584496728285433,-0.005359231030161227,1.984126984126984e-06,-0.005361215157145354,-0.04167520779049258,0.005559441898140533,-0.016169447875369863,0.003626712021049945,-0.04271404429704814,0.013779582252554075,0.008388918879717185,-0.01817999686776625,-0.0696764636772714,-0.058451656955527426
2021-03-09,0.04064936971586608,0.012720552418637787,0.03756837366056898,0.029371074708334,0.016368742403032988,0.004471849442675202,-0.0026782331369993306,0.028101518172059192,0.08033279270779814,0.1964120760817838,0.01415464230382213,1.984126984126984e-06,0.014152658176838003,0.04064738558888195,0.01271856829165366,0.03756638953358485,0.02936909058134987,0.01636675827604886,0.004469865315691075,-0.0026802172639834574,0.028099534045075064,0.08033080858081401,0.19641009195479966
2021-03-10,-0.009166535493358663,0.00371357475569134,-0.0017010173123747085,0.06387405441461103,-0.0020438389564825243,0.005315497150853776,0.022824577754661624,-0.005817342096567701,-0.004153132039259599,-0.008195069108326458,0.006030313342701321,1.5873015873015873e-06,0.006028726041114019,-0.009168122794945964,0.0037119874541040386,-0.00170260461396201,0.06387246711302372,-0.002045426258069826,0.005313909849266474,0.022822990453074322,-0.005818929398155003,-0.004154719340846901,-0.00819665640991376
2021-03-11,0.016502583292848705,0.07660918627454483,0.018298429776605563,0.027146016799221684,0.0316032194053979,0.002643657469386662,-0.008157404178940841,0.02026495469091505,0.04212708063407655,0.04721134236531421,0.010395487004435822,1.5873015873015873e-06,0.01039389970284852,0.016500995991261404,0.07660759897295752,0.01829684247501826,0.027144429497634383,0.0316016321038106,0.0026420701677993606,-0.008158991480528142,0.020263367389327748,0.04212549333248925,0.04720975506372691
2021-03-12,-0.007625477340301723,0.04482746548168337,-0.0077402727850476305,0.06821429540240564,-0.024060561704973615,-0.001977419114738699,0.003639701427657238,-0.005819727160816246,-0.010582380109600553,-0.008390501992574073,0.0010153984958789497,1.5873015873015873e-06,0.0010138111942916482,-0.007627064641889025,0.04482587818009607,-0.0077418600866349324,0.06821270810081834,-0.024062149006560916,-0.0019790064163260003,0.0036381141260699366,-0.005821314462403548,-0.010583967411187854,-0.008392089294161374
2021-03-15,0.02445681755217488,0.015720227888392335,-0.0025279442445658162,-0.013224850575082714,0.002165875853475052,0.016842790223657644,0.03824042613909073,-0.003987209342882214,0.02607742211034858,0.020483461206222575,0.006491921301497117,1.5873015873015873e-06,0.006490333999909815,0.02445523025058758,0.015718640586805034,-0.0025295315461531177,-0.013226437876670015,0.0021642885518877507,0.016841202922070343,0.03823883883750343,-0.003988796644469516,0.02607583480876128,0.020481873904635274
2021-03-16,0.012743021637188656,-0.047526123745222804,0.0033034103914528767,-0.03922748927984354,0.014334936934405018,-0.01169232363849948,-0.0027214937387953775,0.012350448016780424,0.007580822834116097,-0.04387377195940423,-0.0015696837343783798,7.936507936507937e-07,-0.0015704773851720306,0.012742227986395006,-0.04752691739601646,0.0033026167406592258,-0.039228282930637196,0.014334143283611368,-0.01169311728929313,-0.0027222873895890285,0.012349654365986774,0.007580029183322446,-0.04387456561019788
2021-03-17,-0.006450568689029712,0.006749693218303099,0.014188848597238346,0.032835662409659294,-0.000801581756460501,0.010187433005154789,0.0193303592580647,-0.0028184689578507616,0.003761676879490139,0.03683074261011732,0.00287938213053085,7.936507936507937e-07,0.002878588479737199,-0.006451362339823363,0.006748899567509448,0.014188054946444695,0.03283486875886564,-0.0008023754072541518,0.010186639354361138,0.01932956560727105,-0.0028192626086444125,0.003760883228696488,0.03682994895932366
2021-03-18,-0.033905170485665326,-0.04921535375482089,-0.03435878370750434,-0.02856708859938817,-0.029238001841773054,-0.013988451519102107,-0.005399042932089926,-0.02666219775306422,-0.04637869596293531,-0.0693207276395118,-0.014760539319459198,3.9682539682539683e-07,-0.014760936144856024,-0.03390556731106215,-0.04921575058021772,-0.034359180532901164,-0.028567485424784995,-0.02923839866716988,-0.013988848344498933,-0.005399439757486751,-0.026662594578461048,-0.04637909278833214,-0.06932112446490862
2021-03-19,-0.004480309606666122,0.01535650294212898,0.015511909856343209,-0.0009372421958256938,0.0027803294359642905,-0.007588161608931165,-0.0020638588616340714,-0.0016036894129579649,0.009687631339904135,0.0026180050626212203,-0.0006027039747036333,3.9682539682539683e-07,-0.0006031008001004587,-0.004480706432062947,0.015356106116732155,0.015511513030946384,-0.0009376390212225192,0.0027799326105674652,-0.007588558434327991,-0.0020642556870308967,-0.0016040862383547903,0.00968723451450731,0.002617608237224395
2021-03-22,0.02833583991795474,0.003138024652846738,0.01167821172408301,-0.01794234799963268,0.00184030756907827,0.012965524900716563,0.011823413216346168,0.024484491332550817,0.026507099202035755,0.023103830299388672,0.007025118077311765,1.1904761904761904e-06,0.007023927601121289,0.028334649441764264,0.003136834176656262,0.011677021247892534,-0.017943538475823157,0.0018391170928877937,0.012964334424526087,0.011822222740155692,0.02448330085636034,0.026505908725845278,0.023102639823198195
2021-03-23,-0.006888681651838757,-0.0403076954377003,0.008560288075996736,-0.039724538857861647,0.0052395203902997345,-0.02920911025458728,-0.003109952927528137,0.006737458593245149,-0.0087593736103867,-0.01170146456365928,-0.007630854183940605,3.9682539682539683e-07,-0.0076312510093374305,-0.0068890784772355825,-0.040308092263097124,0.00855989125059991,-0.039724935683258474,0.005239123564902909,-0.029209507079984105,-0.003110349752924962,0.006737061767848324,-0.008759770435783526,-0.011701861389056106
2021-03-24,-0.019993629620446374,-0.044298350503208184,-0.016073304438495972,-0.008331583448024538,-0.004310759210072845,-0.007099299975709128,-0.0014262979114001428,-0.008923001902812144,-0.03272585950817297,-0.04816058727810213,-0.00546733601831495,7.936507936507937e-07,-0.0054681296691086005,-0.019994423271240024,-0.04429914415400184,-0.016074098089289623,-0.008332377098818188,-0.004311552860866496,-0.0071000936265027785,-0.0014270915621937936,-0.008923795553605795,-0.032726653158966626,-0.04816138092889578
2021-03-25,0.004163801638063402,-0.01504054989994974,-0.013219634289670767,0.033230215539638674,-3.455898491178111e-05,0.01770524810112284,0.0006695683616533277,-0.013250826066074306,-0.008522277030545866,0.016056627401557888,0.005240265846959469,7.936507936507937e-07,0.005239472196165818,0.004163007987269752,-0.01504134355074339,-0.013220427940464418,0.03322942188884502,-3.53526357054319e-05,0.01770445445032919,0.0006687747108596769,-0.013251619716867957,-0.008523070681339517,0.016055833750764237
2021-03-26,0.00514116619299454,-0.009990972576277013,0.0018941122432061253,-0.009385522477870722,-0.003803287097472352,0.05921703468775874,0.004504869116428001,0.0178186439386272,0.02425148975053326,-0.03385438241576766,0.016631202604519668,7.936507936507937e-07,0.016630408953726018,0.005140372542200889,-0.009991766227070664,0.0018933185924124745,-0.009386316128664373,-0.003804080748266003,0.05921624103696509,0.00450407546563435,0.01781785028783355,0.02425069609973961,-0.03385517606656131
2021-03-29,0.0014851230036618812,0.04644499075110864,0.007765307334585803,0.023073505402609662,0.010401474597834026,-0.018635621420718618,0.009502074283221251,-0.005243671203147282,0.008489709560564052,-0.011992667021112458,-0.0008680126852336212,1.1904761904761904e-06,-0.0008692031614240973,0.001483932527471405,0.046443800274918165,0.007764116858395327,0.023072314926419184,0.01040028412164355,-0.018636811896909095,0.009500883807030775,-0.005244861679337758,0.008488519084373576,-0.011993857497302933
2021-03-30,-0.01227456244143299,0.0032877046767978424,-0.006645597502498379,0.0059475898489709245,0.0003325072606077395,0.015770687041310794,-0.010424404143596577,-0.01441080996038746,-0.005908214092370523,0.0398010788512122,-0.0031578329337678124,7.936507936507937e-07,-0.0031586265845614634,-0.01227535609222664,0.0032869110260041914,-0.00664639115329203,0.005946796198177274,0.0003317136098140887,0.015769893390517143,-0.010425197794390228,-0.014411603611181111,-0.005909007743164173,0.03980028520041855
2021-03-31,0.01876555465391716,0.026433621936387874,0.01269600564306872,0.010753568401802527,0.007842636038595696,0.006020494384693542,-0.003733621204244031,0.016907623549870188,0.03701892711130994,0.05083220558444035,0.0036224990395776757,1.1904761904761904e-06,0.0036213085633871995,0.018764364177726683,0.026432431460197397,0.012694815166878244,0.010752377925612051,0.00784144556240522,0.006019303908503066,-0.003734811680434507,0.01690643307367971,0.037017736635119466,0.050831015108249875
2021-04-01,0.006958805487822017,0.0015962703408571866,0.02162845443110406,-0.0069095261400811125,0.032610576584479745,0.009448749123605493,0.004773872649814992,0.027908567373119864,0.03472383748477337,-0.009252455923120073,0.011825201774944727,7.936507936507937e-07,0.011824408124151076,0.006958011837028367,0.0015954766900635358,0.02162766078031041,-0.006910319790874763,0.03260978293368609,0.009447955472811843,0.004773078999021341,0.027907773722326213,0.034723043833979714,-0.009253249573913724
2021-04-05,0.0235772499841147,-0.008234185117542037,0.02079404593469847,0.0253003576369073,0.0418727946246249,0.012792527302984968,0.016162423268298642,0.027728473022770483,0.012724693293991729,0.04427659122771899,0.014438226417743616,1.1904761904761904e-06,0.01443703594155314,0.023576059507924223,-0.008235375593732512,0.02079285545850799,0.025299167160716823,0.041871604148434424,0.012791336826794493,0.016161232792108165,0.027727282546580006,0.012723502817801253,0.04427540075152851
2021-04-06,0.002462259124148769,0.017890600965302816,-0.0009018902147276409,-0.01615510263442399,-0.0043713681702057805,-0.005237068836957293,0.013371491863616969,-0.004858162875189587,-0.009008120249488827,0.0008247761127986308,-0.0009735307519511682,7.936507936507937e-07,-0.000974324402744819,0.002461465473355118,0.017889807314509166,-0.0009026838655212916,-0.01615589628521764,-0.004372161820999431,-0.005237862487750943,0.013370698212823318,-0.004858956525983237,-0.009008913900282477,0.0008239824620049801
2021-04-07,0.013390128673016699,-0.05309686050995177,0.01723733655641202,-0.010150081735611494,0.013475124442804187,-0.0003097994597582865,0.003018301592485839,0.00823057912238534,0.020344094079389086,-0.029857428208930892,0.001475232784985625,7.936507936507937e-07,0.0014744391341919743,0.013389335022223049,-0.053097654160745425,0.01723654290561837,-0.010150875386405144,0.013474330792010537,-0.0003105931105519373,0.003017507941692188,0.00822978547159169,0.020343300428595435,-0.029858221859724542
2021-04-08,0.019234156633532118,0.001333723636316675,0.006071242952548017,0.009383146329901226,0.00509150320187457,0.0030979428664925646,-0.010145681542916396,0.013405309286033784,0.012267343256335383,0.01912159613436426,0.0042206328286402695,3.9682539682539683e-07,0.004220236003243444,0.01923375980813529,0.0013333268109198494,0.006070846127151192,0.009382749504504401,0.005091106376477745,0.0030975460410957393,-0.010146078368313221,0.013404912460636959,0.012266946430938558,0.019121199308967433
2021-04-09,0.020251765891093676,-0.0037739632779586474,0.02209562242522667,-0.010158840434959515,0.008993730064205119,0.018529675160791292,0.005342090575851888,0.010266541205842472,0.005797167605095632,-0.00991515573303492,0.007719934348738189,7.936507936507937e-07,0.007719140697944538,0.020250972240300025,-0.0037747569287522984,0.022094828774433018,-0.010159634085753166,0.008992936413411468,0.018528881509997642,0.005341296925058237,0.010265747555048822,0.005796373954301982,-0.00991594938382857
2021-04-12,-0.013233398292879617,-0.016768771625826906,0.0021321218730274705,-0.011253749924797662,-0.011472245760455357,-0.007277014932045578,-0.0022464410446439986,0.00023445542438871314,0.056180382420260244,0.03686741230129442,-0.00019607884876882142,7.936507936507937e-07,-0.0001968724995624722,-0.013234191943673267,-0.016769565276620556,0.0021313282222338195,-0.011254543575591313,-0.011473039411249008,-0.0072778085828392285,-0.0022472346954376496,0.00023366177359506236,0.05617958876946659,0.03686661865050077
2021-04-13,0.024307077961319257,0.00827237469339126,0.006098747605224553,0.015028855145037712,0.004370394277723344,0.00916332166010192,0.0015585856885540483,0.010081528563072872,0.030935673170475297,0.08595690364784803,0.0032944868090414303,1.1904761904761904e-06,0.003293296332850954,0.02430588748512878,0.008271184217200784,0.006097557129034077,0.015027664668847236,0.004369203801532868,0.009162131183911444,0.001557395212363572,0.010080338086882397,0.03093448269428482,0.08595571317165755
2021-04-14,-0.017853342366340397,-0.00854174935952956,-0.01970591825597423,-0.0033166643602058343,-0.005553533437186786,0.004842649375804031,-0.004366210491208777,-0.011218790598696904,-0.02567042228678884,-0.03947166704647509,-0.004087726727828533,7.936507936507937e-07,-0.004088520378622184,-0.017854136017134047,-0.00854254301032321,-0.01970671190676788,-0.0033174580109994853,-0.005554327087980437,0.004841855725010381,-0.004367004142002428,-0.011219584249490554,-0.02567121593758249,-0.039472460697268744
2021-04-15,0.01870755374791777,-0.006121332069940477,0.013828409714570444,-0.005229141162813589,0.019331680601925694,0.01265050729424555,0.0042115842235188605,0.015298020675053925,0.056310221164580065,0.009040931223980753,0.01109419052516647,7.936507936507937e-07,0.011093396874372819,0.01870676009712412,-0.006122125720734128,0.013827616063776794,-0.005229934813607239,0.019330886951132043,0.0126497136434519,0.00421079057272521,0.015297227024260274,0.05630942751378641,0.009040137573187102
2021-04-16,-0.0025277479939216363,0.019047597500047475,0.006022342354579324,-0.01166822479171925,-0.0010940016355425186,0.010707763064035758,0.007782897261259691,0.004778263377734682,-0.01392741135741482,0.0012587029151958085,0.0036088195555097347,7.936507936507937e-07,0.0036080259047160837,-0.0025285416447152873,0.019046803849253825,0.006021548703785674,-0.011669018442512901,-0.0010947952863361694,0.010706969413242107,0.007782103610466041,0.004777469726941031,-0.013928205008208471,0.0012579092644021577
2021-04-19,0.00506842437242172,-0.023000730618375043,-0.00806900981526193,-0.016238209759968814,0.0030710130780216005,-0.008240287256997436,-0.0054487882616544026,-0.007670674450727333,-0.03461129678184316,-0.03399658468630862,-0.005306560094486046,7.936507936507937e-07,-0.005307353745279696,0.00506763072162807,-0.023001524269168693,-0.00806980346605558,-0.016239003410762464,0.0030702194272279495,-0.008241080907791087,-0.005449581912448053,-0.007671468101520983,-0.03461209043263681,-0.03399737833710227
2021-04-20,-0.012829643531004131,-0.028697413531271643,-0.011067567276491497,-0.04132703907487578,-0.0046948735812382125,-0.009792041982587318,0.005176634946518099,-0.0018548172611917435,-0.01240079968455754,0.006101017267521991,-0.006802319771775922,1.1904761904761904e-06,-0.006803510247966398,-0.012830834007194607,-0.02869860400746212,-0.011068757752681973,-0.041328229551066256,-0.004696064057428688,-0.009793232458777794,0.005175444470327624,-0.0018560077373822198,-0.012401990160748015,0.006099826791331515
2021-04-21,0.002929429816421969,-0.014743173273679133,0.008195669633476843,0.007946683028935642,-0.0002894909447396232,0.015882516941230218,-0.003218660240206672,0.008983010652283019,0.012474335249323065,0.034951793439894185,0.009306055472153574,1.1904761904761904e-06,0.009304864995963098,0.0029282393402314927,-0.014744363749869609,0.008194479157286367,0.007945492552745166,-0.0002906814209300994,0.01588132646503974,-0.0032198507163971484,0.008981820176092543,0.01247314477313259,0.03495060296370371
2021-04-22,-0.011685374237629276,0.021787270186590657,-0.015758395892332966,-0.006739557266154272,-0.011337295249912227,-0.0038348144307662757,0.00301375338416654,-0.013086149020732463,-0.033218399552824907,-0.03283069676699324,-0.009210657476561801,1.1904761904761904e-06,-0.009211847952752277,-0.011686564713819752,0.02178607971040018,-0.015759586368523443,-0.006740747742344748,-0.011338485726102703,-0.003836004906956752,0.0030125629079760636,-0.013087339496922938,-0.03321959002901538,-0.03283188724318371
2021-04-23,0.018038625139170428,0.02073688212118885,0.00962218974677076,0.01728333128541415,0.02104750697994473,0.019247746054624093,0.006954167493161911,0.015476026912702334,0.02794558575521977,0.013491908213451254,0.010928696540176919,1.1904761904761904e-06,0.010927506063986443,0.01803743466297995,0.02073569164499837,0.009620999270580284,0.017282140809223672,0.021046316503754253,0.019246555578433616,0.0069529770169714355,0.015474836436511858,0.027944395279029293,0.013490717737260778
2021-04-26,0.0029779368378743953,0.0036155230003587224,0.020389780364207244,0.012836636865151796,0.004347941401982247,-0.0026145026785519,-0.009676917384033645,0.0015318243462434378,0.013936995699780796,0.012064715006025795,0.001782270924804541,1.1904761904761904e-06,0.0017810804486140647,0.002976746361683919,0.003614332524168246,0.020388589888016766,0.01283544638896132,0.004346750925791771,-0.002615693154742376,-0.009678107860224121,0.0015306338700529615,0.01393580522359032,0.012063524529835319
2021-04-27,-0.002449646130513239,0.017497698268273965,0.0024729175512423485,0.004266065146130149,-0.008203572473159282,0.0029129502472364788,0.0114931319881455,0.001605848693109868,-0.006218557953043602,-0.045326479073682924,-0.00021489588801437698,3.9682539682539683e-07,-0.00021529271341120238,-0.002450042955910064,0.017497301442877138,0.002472520725845523,0.004265668320733324,-0.008203969298556107,0.0029125534218396535,0.011492735162748674,0.0016054518677130426,-0.006218954778440427,-0.04532687589907975
2021-04-28,-0.006026927962392903,0.011576922166627979,0.012017786731569835,-0.028910770287229215,0.029707696896395852,-0.0031952367075015475,-0.010936998753469429,-0.028285908881057087,-0.006826382312047574,-0.014672094304228334,-0.0008455399168898481,3.9682539682539683e-07,-0.0008459367422866735,-0.006027324787789728,0.011576525341231153,0.01201738990617301,-0.028911167112626042,0.029707300070999025,-0.003195633532898373,-0.010937395578866254,-0.028286305706453914,-0.0068267791374443994,-0.014672491129625159
2021-04-29,-0.0007486377190282223,-0.012888929578993014,0.0037039347600635875,0.002038544609923365,0.014294057465629395,0.011072249267811252,0.012047606021110768,-0.008053090245979444,0.003142116803920514,-0.02505755171974844,0.006762806734045723,3.9682539682539683e-07,0.006762409908648898,-0.0007490345444250477,-0.012889326404389839,0.003703537934666762,0.00203814778452654,0.01429366064023257,0.011071852442414426,0.012047209195713943,-0.00805348707137627,0.0031417199785236886,-0.025057948545145266
2021-04-30,-0.015133353117569137,-0.027971556544258536,-0.001120636171800582,-0.006908556692150292,-0.016407888507473878,-0.017002860377206996,0.003698794489088275,-0.0013067197363748617,-0.020571326879066265,0.04791723957558203,-0.007194706699326425,3.9682539682539683e-07,-0.0071951035247232505,-0.015133749942965962,-0.027971953369655363,-0.0011210329971974074,-0.006908953517547117,-0.016408285332870705,-0.017003257202603823,0.00369839766369145,-0.0013071165617716872,-0.020571723704463092,0.0479168427501852
2021-05-03,0.008215305482590862,-0.026634276675911228,-0.023340170719312603,0.0037557291280003735,-0.004427525402997401,0.010847351583030296,-0.0022025962736473836,-0.0012689220835497839,-0.011509311936299227,-0.034590632711300584,0.002748090747253684,1.5873015873015873e-06,0.0027465034456663827,0.008213718181003561,-0.02663586397749853,-0.023341758020899904,0.003754141826413072,-0.004429112704584703,0.010845764281442995,-0.002204183575234685,-0.0012705093851370854,-0.011510899237886528,-0.034592220012887885
2021-05-04,-0.03538557797146591,0.004699264072717924,-0.022034541333801894,-0.0066329246243466145,-0.015470979758811843,-0.015081163954435706,-0.0072169909545710675,-0.016159722934519394,-0.03272281903256591,-0.01649874089928194,-0.006678337608227225,7.936507936507937e-07,-0.0066791312590208755,-0.03538637162225956,0.004698470421924273,-0.022035334984595544,-0.006633718275140265,-0.015471773409605493,-0.015081957605229356,-0.007217784605364718,-0.016160516585313044,-0.03272361268335956,-0.01649953455007559
2021-05-05,0.001955598786892665,-0.03889871108850551,-0.012479432999494278,-0.023327535389835452,0.003441879454221919,0.014428874070116171,0.0050457267597912026,-0.0053270857315173,0.00747320217909464,-0.003948959080373626,0.0007034637617677753,7.936507936507937e-07,0.0007026701109741245,0.001954805136099014,-0.038899504739299165,-0.012480226650287928,-0.023328329040629103,0.003441085803428268,0.01442808041932252,0.005044933108997552,-0.005327879382310951,0.00747240852830099,-0.003949752731167277
2021-05-06,0.012802297395888562,-0.05353294119007268,0.010955401769447537,0.007143504843251325,0.009754920499208009,0.015384534122908189,-0.0007656917585887602,0.013226765173612431,0.004461158868713122,-0.011029338520784915,0.008165456466051824,7.936507936507937e-07,0.008164662815258173,0.012801503745094912,-0.053533734840866334,0.010954608118653886,0.007142711192457674,0.009754126848414358,0.015383740472114538,-0.0007664854093824109,0.013225971522818781,0.0044603652179194715,-0.011030132171578565
2021-05-07,0.005327345674211337,-0.01581614609108739,-0.0044640578502762596,0.024629057579038882,0.006237712680075891,0.016866822886155264,-8.509285379421083e-05,0.010931803155808995,0.01991660740891965,0.013307460953421169,0.007373341616968343,7.936507936507937e-07,0.0073725479661746925,0.005326552023417686,-0.01581693974188104,-0.00446485150106991,0.02462826392824523,0.00623691902928224,0.016866029235361613,-8.588650458786163e-05,0.010931009505015344,0.019915813758126,0.013306667302627518
2021-05-10,-0.025804430151967206,-0.029627741468232327,-0.03072052637375966,-0.010786972997639532,-0.025587556456768024,-0.008996475023535622,0.00966613084851864,-0.020914244747327504,-0.03689523263629879,-0.06444373139784076,-0.010435647322188157,7.936507936507937e-07,-0.010436440972981808,-0.025805223802760856,-0.029628535119025978,-0.03072132002455331,-0.010787766648433183,-0.025588350107561674,-0.008997268674329272,0.009665337197724989,-0.020915038398121154,-0.036896026287092445,-0.06444452504863442
2021-05-11,-0.007410239039371214,-0.027260956290270366,0.010474816917876772,-0.017387146010887422,-0.009464403664532717,-0.04709192037629595,-0.013706864507045502,-0.0038435281059810977,0.002839037807667477,-0.018822278764288547,-0.00867391280271812,3.9682539682539683e-07,-0.008674309628114945,-0.007410635864768039,-0.027261353115667193,0.010474420092479947,-0.01738754283628425,-0.009464800489929542,-0.047092317201692775,-0.013707261332442327,-0.003843924931377923,0.002838640982270652,-0.018822675589685374
2021-05-12,-0.024938501455072593,-0.017375434749351437,-0.022323796765424953,-0.035389749784664915,-0.030752401143447572,-0.048824308539043404,-0.02531416464123848,-0.029362373350116378,-0.03828753172190824,-0.0442482129268541,-0.021449400664502738,7.936507936507937e-07,-0.02145019431529639,-0.024939295105866243,-0.017376228400145088,-0.022324590416218603,-0.03539054343545857,-0.030753194794241222,-0.04882510218983706,-0.02531495829203213,-0.029363167000910028,-0.038288325372701895,-0.044249006577647756
2021-05-13,0.017919770840921112,-0.03208556149732622,0.0030235440044839024,0.008424678959306098,0.013084899927469307,0.013771562972510365,0.008028415293066749,0.016861753979417804,-0.006777666935534277,-0.030853203980896415,0.012173141406923493,7.936507936507937e-07,0.012172347756129843,0.01791897719012746,-0.032086355148119874,0.0030227503536902514,0.008423885308512447,0.013084106276675656,0.013770769321716714,0.008027621642273098,0.016860960328624153,-0.006778460586327927,-0.030853997631690066
2021-05-14,0.019844609814799963,0.04014730716937165,0.019430851184491837,0.026185779047058988,0.022134903051302945,0.016362990234279895,0.008486793091617706,0.02106734006822486,0.042279016672076786,0.03157303299711356,0.014917956876899785,3.9682539682539683e-07,0.01491756005150296,0.019844212989403136,0.04014691034397482,0.01943045435909501,0.02618538222166216,0.02213450622590612,0.016362593408883068,0.00848639626622088,0.021066943242828033,0.04227861984667996,0.03157263617171673
2021-05-17,-0.009258468746175752,-0.061614710596850975,0.0147351540352203,-0.002144725743187359,0.004626172786353466,0.003645386475382928,-0.0001726414599663162,-0.011968650574507245,-0.0054413716209832375,-0.02189098294684022,-0.0025300521932207776,7.936507936507937e-07,-0.0025308458440144285,-0.009259262396969403,-0.06161550424764463,0.014734360384426649,-0.00214551939398101,0.004625379135559816,0.003644592824589277,-0.00017343511075996698,-0.011969444225300895,-0.005442165271776888,-0.02189177659763387
2021-05-18,-0.011245763614069815,0.01901890016951646,-0.011653058569779051,-0.0018860982710742213,-0.011555750151639343,-0.02118663514914032,0.0010790458101817002,-0.008565203956607426,-0.01057157494169969,0.0018029458511532592,-0.008517292959364653,7.936507936507937e-07,-0.008518086610158303,-0.011246557264863465,0.01901810651872281,-0.011653852220572702,-0.001886891921867872,-0.011556543802432994,-0.02118742879993397,0.0010782521593880494,-0.008565997607401076,-0.010572368592493341,0.0018021522003596085
2021-05-19,-0.0012814491676039763,0.023477988954499596,-0.000148514828115065,-0.013755239906986794,0.003991405243035873,-0.016697682880362885,-0.007674916608511495,0.0024740292935947483,0.0035675712558775885,-0.02493638386588848,-0.002943411456817757,3.9682539682539683e-07,-0.0029438082822145824,-0.0012818459930008018,0.02347759212910277,-0.0001489116535118904,-0.013755636732383619,0.003991008417639047,-0.016698079705759712,-0.00767531343390832,0.002473632468197923,0.0035671744304807632,-0.024936780691285305
2021-05-20,0.02101212276030351,-0.014400502626865763,0.004913709794237331,0.014392637705609168,0.015606479317393562,0.007547262274223199,0.008820571215977457,0.013820463768613234,0.038870986894531834,0.04138712802336375,0.010554741756143349,3.9682539682539683e-07,0.010554344930746523,0.021011725934906682,-0.014400899452262588,0.004913312968840506,0.014392240880212343,0.015606082491996737,0.0075468654488263735,0.008820174390580632,0.013820066943216408,0.03887059006913501,0.041386731197966924
2021-05-21,-0.014767357402895476,-0.01093972296446688,-0.013732853548741542,0.031495776938147646,-0.0055573736109655325,-0.011860015613752828,-0.004048663089388227,-0.0053149474244227335,0.0259538695804431,-0.010054917128925145,-0.0007838806801412357,3.9682539682539683e-07,-0.0007842775055380611,-0.014767754228292301,-0.010940119789863706,-0.013733250374138367,0.03149538011275082,-0.005557770436362358,-0.011860412439149653,-0.004049059914785052,-0.005315344249819559,0.025953472755046274,-0.01005531395432197
2021-05-24,0.013314587594473792,0.008908001547287103,0.013084215261017773,0.01115746118502603,0.02916594205769263,0.02053052207770012,0.0028975973635665397,0.022882135337632725,0.04137270945723559,0.0440022264046771,0.009911292190138532,7.936507936507937e-07,0.009910498539344881,0.013313793943680142,0.008907207896493453,0.013083421610224123,0.01115666753423238,0.029165148406898978,0.02052972842690647,0.0028968037127728888,0.022881341686839075,0.041371915806441936,0.04400143275388345
2021-05-25,-0.001573655192621426,-0.01412698195284201,0.004332851226203749,0.01389826068828559,0.0007750794472745071,-0.01392751063319908,0.0009917255306728379,0.003748374207557248,0.002289839296934826,-0.002885668382965889,-0.0021252837802967495,7.936507936507937e-07,-0.0021260774310904004,-0.0015744488434150767,-0.014127775603635661,0.004332057575410098,0.01389746703749194,0.0007742857964808563,-0.013928304283992731,0.000990931879879187,0.003747580556763597,0.002289045646141175,-0.00288646203375954
2021-05-26,-0.0003941573351384786,0.00567202385012755,0.0018747562447005706,0.002616887968964088,0.007380890743611257,0.009730033704598906,0.0009045784362091691,-0.0009138024223737107,0.003339094151064481,0.023879957500782645,0.0018768165702687245,7.936507936507937e-07,0.0018760229194750737,-0.0003949509859321294,0.005671230199333899,0.0018739625939069198,0.002616094318170437,0.007380097092817606,0.009729240053805256,0.0009037847854155184,-0.0009145960731673614,0.00333830050027083,0.023879163849988994
2021-05-27,-0.01237678884289417,0.062486071754696226,-0.010734558114025683,0.03865435646433557,-0.007406669665522614,-0.0021759605597541087,0.010802609813851172,-0.008668350724233442,-0.013503030187617115,0.018929840154243704,0.0011653145418315525,7.936507936507937e-07,0.0011645208910379017,-0.012377582493687821,0.06248527810390257,-0.010735351764819333,0.03865356281354192,-0.007407463316316264,-0.0021767542105477597,0.010801816163057521,-0.008669144375027093,-0.013503823838410766,0.018929046503450054
2021-05-28,-0.005347943349793605,-0.019347658782479238,-0.0021794289420000723,-0.01467887004618118,-0.0024675796041845333,-0.08940806115452826,0.0013699728057114946,0.0014842043319165388,0.04884426508081363,-0.008924522802159496,0.0007688818911402162,3.9682539682539683e-07,0.0007684850657433908,-0.00534834017519043,-0.019348055607876065,-0.0021798257673968976,-0.014679266871578006,-0.0024679764295813585,-0.08940845797992508,0.0013695759803146691,0.0014838075065197133,0.048843868255416804,-0.008924919627556321
2021-06-01,-0.002648240154047521,0.02784903014306539,-0.0013714148069622345,0.03121201247561345,0.010322962506713163,0.021553239179244787,-0.0027789432660297875,-0.0091317879201398,0.001231003593553659,-0.002111268599623961,-0.0004923335226864056,7.936507936507937e-07,-0.0004931271734800564,-0.002649033804841172,0.02784823649227174,-0.0013722084577558853,0.031211218824819798,0.010322168855919512,0.021552445528451137,-0.0027797369168234384,-0.00913258157093345,0.0012302099427600082,-0.002112062250417612
2021-06-02,0.006276022846999796,0.046358551414221516,0.004765962837133042,0.003493893159721928,-0.004447153398101977,-0.002679227699900255,0.0023151691172431654,-0.00040409745548020126,0.03158719581638714,-0.030100952337768105,0.0014469348384307246,7.936507936507937e-07,0.0014461411876370738,0.006275229196206145,0.04635775776342786,0.0047651691863393915,0.003493099508928277,-0.004447947048895628,-0.002680021350693906,0.0023143754664495145,-0.0004048911062738521,0.03158640216559348,-0.030101745988561756
2021-06-03,-0.012154108008452735,-0.04509932158009111,-0.014526941142032901,-0.020733854527064666,-0.009706449700827569,0.005037017957522316,-0.0056890211661376755,-0.006429460384597907,0.011413548311338673,-0.05334476431283097,-0.0036287033416374515,7.936507936507937e-07,-0.0036294969924311024,-0.012154901659246386,-0.045100115230884766,-0.014527734792826551,-0.020734648177858316,-0.009707243351621219,0.005036224306728666,-0.005689814816931326,-0.006430254035391558,0.011412754660545022,-0.053345557963624626
2021-06-04,0.019022268644515172,0.04535677353074763,0.006027657821926935,-0.0015979911456112106,0.019590315825748883,0.023387886908311506,0.004000613425414468,0.02067473608761361,0.0358581039904553,0.045754470575515516,0.008834095710505974,7.936507936507937e-07,0.008833302059712323,0.019021474993721522,0.045355979879953975,0.0060268641711332845,-0.0015987847964048613,0.019589522174955232,0.023387093257517855,0.003999819774620817,0.02067394243681996,0.03585731033966165,0.04575367692472186
2021-06-07,7.940169454179191e-05,-0.011676471549945,-0.0025606925929613222,0.010963530382677833,0.0036472949786658937,-0.0026118752469127537,-0.007241293223663847,0.012041880826132667,0.002318159611100379,0.010149431698305733,-0.0007967387044511831,7.936507936507937e-07,-0.0007975323552448339,7.860804374814111e-05,-0.01167726520073865,-0.002561486243754973,0.010962736731884182,0.0036465013278722427,-0.0026126688977064047,-0.007242086874457498,0.012041087175339017,0.002317365960306728,0.010148638047512083
2021-06-08,0.006671763900508942,-0.013157056439594084,0.020669153552085318,0.00039575256580914875,-0.001606828923536363,0.00210830497594805,0.004100115461525,-0.004885301880890425,-0.00919430278467992,-0.002544921741878703,0.00017502486450582388,7.936507936507937e-07,0.0001742312137121731,0.006670970249715292,-0.013157850090387734,0.020668359901291667,0.00039495891501549794,-0.0016076225743300138,0.002107511325154399,0.00409932181073135,-0.004886095531684075,-0.00919509643547357,-0.002545715392672354
2021-06-09,0.00307713475141691,-0.014692799700906534,0.005220349302289318,-0.01859470268391361,0.003960885930312852,-0.012163106761788445,-0.005029286563746904,0.004038292159832535,-0.005429443690339819,-0.007968981371759054,-0.0018238673194856947,1.1904761904761904e-06,-0.001825057795676171,0.003075944275226434,-0.01469399017709701,0.005219158826098842,-0.01859589316010409,0.003959695454122376,-0.01216429723797892,-0.00503047703993738,0.004037101683642059,-0.005430634166530295,-0.00797017184794953
2021-06-10,-0.008023121833227509,0.008767614498851328,0.02087684594544914,0.0011287542612783419,0.011291762768068425,-0.002662121132759876,0.013479147234432443,0.014393171039230213,0.0038455879114445146,0.018938501740255687,0.004652243012262192,1.1904761904761904e-06,0.004651052536071716,-0.008024312309417985,0.008766424022660852,0.020875655469258663,0.0011275637850878656,0.01129057229187795,-0.002663311608950352,0.013477956758241967,0.014391980563039737,0.0038443974352540384,0.01893731126406521
2021-06-11,0.009832610564068034,0.015877411728340896,-0.0008418265339896758,-0.004268332021522436,-0.002024361926206586,0.003670245049883558,0.009975035773925445,0.0025272119126420467,0.022970181275649315,-0.0003770180312155924,0.0019484346695590737,1.1904761904761904e-06,0.0019472441933685975,0.009831420087877558,0.015876221252150418,-0.0008430170101801519,-0.004269522497712912,-0.002025552402397062,0.003669054573693082,0.009973845297734969,0.0025260214364515705,0.022968990799458838,-0.0003782085074060686
2021-06-14,0.02457802255287045,0.005187309753412972,0.011067127216432215,-0.00865415480513021,0.007698950510749203,-0.02293891574085627,0.00021120676327268662,0.007755303658799395,0.010855059522561827,0.012789221849023313,0.0018152018730952513,1.1904761904761904e-06,0.001814011396904775,0.02457683207667997,0.005186119277222496,0.01106593674024174,-0.008655345281320686,0.007697760034558727,-0.022940106217046747,0.00021001628708221042,0.007754113182608919,0.010853869046371352,0.012788031372832838
2021-06-15,-0.00643757756162755,0.01722399269345276,-0.0002186996793457352,0.00571099738912495,-0.008379283852494313,0.006805074398040345,-0.002658402901192125,-0.005887284890319866,-0.012778172352890471,-0.029675082579620482,-0.0020116937805257917,1.1904761904761904e-06,-0.002012884256716268,-0.006438768037818026,0.017222802217262283,-0.0002198901555362114,0.005709806912934474,-0.008380474328684788,0.006803883921849869,-0.0026595933773826013,-0.005888475366510342,-0.012779362829080947,-0.02967627305581096
2021-06-16,0.0039337393425600276,-0.017327743470579304,0.0094941835711142,-0.017319660622835298,-0.0053286824316503,-0.01892524707976717,-0.003258143846252226,-0.0037932811885361684,0.0012224570168859472,0.009193155632698069,-0.005390124612855707,1.5873015873015873e-06,-0.005391711914443009,0.003932152040972726,-0.017329330772166605,0.0094925962695269,-0.0173212479244226,-0.005330269733237602,-0.018926834381354472,-0.0032597311478395276,-0.00379486849012347,0.0012208697152986457,0.009191568331110768
2021-06-17,0.012600710341360566,0.010392243480972452,0.02166464377780497,-0.012589272291123943,0.008039893678080556,-0.013434369317354533,-0.007216108167499513,0.013676319674116089,0.04755704369748792,0.019392614586788648,-0.00043571559205179966,1.5873015873015873e-06,-0.00043730289363910123,0.012599123039773265,0.01039065617938515,0.02166305647621767,-0.012590859592711244,0.008038306376493255,-0.013435956618941834,-0.007217695469086815,0.013674732372528788,0.04755545639590062,0.019391027285201347
2021-06-18,-0.010091579955742502,0.012077022966654916,-0.0006706583139327593,-0.007817051699879785,-0.013409207243158416,0.0010475040072570607,-0.01821462424994791,-0.00563437519595178,-0.0009912542251800938,0.010882243306208572,-0.013124468779900589,1.984126984126984e-06,-0.013126452906884715,-0.010093564082726629,0.01207503883967079,-0.0006726424409168863,-0.007819035826863911,-0.013411191370142543,0.0010455198802729337,-0.018216608376932036,-0.005636359322935907,-0.0009932383521642208,0.010880259179224446
2021-06-21,0.014104013088374279,-0.01848942594560321,-0.009446804682075038,0.033410543382597524,0.014165944470575065,0.018835018619786315,0.01428455068800516,0.012334744904384465,-0.011347511751983341,-0.003978800587379094,0.014002289962720793,1.984126984126984e-06,0.014000305835736667,0.014102028961390152,-0.01849141007258734,-0.009448788809059165,0.033408559255613396,0.014163960343590938,0.018833034492802186,0.014282566561021033,0.012332760777400338,-0.011349495878967468,-0.003980784714363222
2021-06-22,0.012698271717221932,-0.0001336290772795401,0.01490466106187549,-0.006115459913018428,0.00425248060314698,-0.0023965600130401166,0.004207893458355372,0.010965916527900799,0.024935833207516023,0.004638983624973836,0.005124491902218642,1.5873015873015873e-06,0.00512290460063134,0.01269668441563463,-0.0001352163788668417,0.01490307376028819,-0.00611704721460573,0.004250893301559678,-0.002398147314627418,0.00420630615676807,0.010964329226313498,0.02493424590592872,0.004637396323386534
2021-06-23,-0.002089704818377558,0.012693808446323285,-0.0004621896804161141,-0.0008613973916220541,-0.0016635431946400159,0.0020590609380690683,-0.0027364610662720112,-0.0009038991314325173,0.009027654133866081,0.052684766182075515,-0.0010832833431588806,1.984126984126984e-06,-0.0010852674701430076,-0.0020916889453616847,0.012691824319339158,-0.0004641738074002411,-0.0008633815186061811,-0.0016655273216241429,0.0020570768110849415,-0.002738445193256138,-0.0009058832584166443,0.009025670006881955,0.05268278205509139
2021-06-24,-0.002169195871789764,-0.005607640145452786,-0.015622946391951387,0.02873917062654696,0.003054196425147815,0.009246655245123137,0.00038578761386731664,0.005353118526021161,0.007778968662526919,0.035411302984154513,0.005811249724885448,1.984126984126984e-06,0.0058092655979013206,-0.002171179998773891,-0.005609624272436913,-0.015624930518935513,0.028737186499562833,0.003052212298163688,0.00924467111813901,0.00038380348688318963,0.005351134399037034,0.007776984535542792,0.035409318857170385
2021-06-25,-0.0022486026532266834,-0.007032426117159929,-0.013806561613952328,-0.008740082122329018,6.941225238166204e-05,0.008143857457717285,-0.0039001975549463053,-0.006261726962709657,-0.009086039522555933,-0.011694312026312326,0.0033305973193167304,2.3809523809523808e-06,0.003328216366935778,-0.002250983605607636,-0.007034807069540881,-0.01380894256633328,-0.00874246307470997,6.703130000070966e-05,0.008141476505336333,-0.0039025785073272578,-0.00626410791509061,-0.009088420474936885,-0.011696692978693277
2021-06-28,0.012546023567315157,0.0018039972991525932,0.012474089136242261,-0.033899661822286875,0.00022450538872664794,0.00336577180632025,-0.005722237203842351,0.01396090192518673,0.05012909001082044,0.025079265670402195,0.0023149642620619026,1.984126984126984e-06,0.002312980135077776,0.01254403944033103,0.0018020131721684662,0.012472105009258135,-0.033901645949271,0.00022252126174252096,0.0033637876793361234,-0.005724221330826478,0.013958917798202604,0.050127105883836315,0.025077281543418067
2021-06-29,0.011500133275071267,-0.025743634437114138,0.0012340341405479016,-0.017502967534249958,-0.002150393270800244,0.011070146282076365,-0.003115611969953136,0.009973263861184023,0.002089047958266921,-0.011557681931349095,0.00027733619326086867,1.5873015873015873e-06,0.0002757488916735671,0.011498545973483966,-0.02574522173870144,0.0012324468389606,-0.01750455483583726,-0.0021519805723875453,0.011068558980489064,-0.0031171992715404375,0.009971676559596722,0.0020874606566796193,-0.011559269232936396
2021-06-30,0.004621074744074027,0.04832966504723091,-0.0023143032508132766,0.016118099509234485,-0.0014967147988880214,0.0016589535963682511,0.0026912813618047426,-0.0018425190860842378,-0.0012110717870503773,-0.0015570796861551495,0.0013281596467464851,1.984126984126984e-06,0.0013261755197623581,0.0046190906170899,0.04832768092024678,-0.0023162873777974034,0.016116115382250357,-0.0014986989258721484,0.0016569694693841241,0.002689297234820616,-0.0018445032130683648,-0.0012130559140345043,-0.0015590638131392765
2021-07-01,0.002263760533052661,-0.00039178241369253186,-0.0020900020900020966,0.0007096266934287776,0.0029077053371331374,0.005299705722057624,0.005541545434321726,0.0025843588837732856,0.01047355837459829,-0.0026188230779432553,0.0052216268542757405,1.984126984126984e-06,0.005219642727291613,0.0022617764060685343,-0.00039376654067665886,-0.0020919862169862234,0.0007076425664446506,0.0029057212101490106,0.005297721595073497,0.005539561307337599,0.002582374756789159,0.010471574247614164,-0.002620807204927382
2021-07-02,0.01959621240257592,-0.018617755875525832,0.022723749230608936,-0.012722659267154102,0.022973729581015956,0.011532247888986547,0.005854989253397447,0.022275174658779262,0.013606005814812638,0.0014456370513082906,0.007500081663913916,1.984126984126984e-06,0.007498097536929788,0.01959422827559179,-0.01861974000250996,0.022721765103624808,-0.012724643394138228,0.022971745454031828,0.01153026376200242,0.00585300512641332,0.022273190531795134,0.013604021687828512,0.0014436529243241636
2021-07-06,0.014718582928781254,-0.012381020190700864,0.04692710742205475,-0.0022815333059120757,0.007444691317062269,-0.016938099041865384,-0.003766660783756981,3.603004860130987e-05,0.010323695969576274,-0.028457809785947363,-0.0020218560598241897,1.984126984126984e-06,-0.0020238401868083165,0.014716598801797128,-0.01238300431768499,0.04692512329507062,-0.0022835174328962025,0.007442707190078141,-0.016940083168849512,-0.0037686449107411078,3.404592161718289e-05,0.010321711842592148,-0.02845979391293149
2021-07-07,0.01795520867302436,-0.03134052739444826,0.005669564076709488,-0.018463625906753878,0.0022504174939184107,0.0033135093712637342,0.008077641100985966,0.00817565782876084,-0.015786648310393114,-0.022635628571399224,0.003358975310182588,1.984126984126984e-06,0.0033569911831984613,0.01795322454604023,-0.03134251152143239,0.005667579949725361,-0.018465610033738006,0.002248433366934284,0.0033115252442796075,0.00807565697400184,0.008173673701776714,-0.015788632437377242,-0.022637612698383353
2021-07-08,-0.009199805491684532,-0.008280005784155442,0.009422227593882448,0.021529059968265596,-0.011306659508327876,-0.011889085523682175,-0.007629487047621897,-0.008966694986578871,-0.02302165134742984,0.012658037290573354,-0.008561024934316985,2.3809523809523808e-06,-0.008563405886697937,-0.009202186444065483,-0.008282386736536394,0.009419846641501497,0.021526679015884644,-0.011309040460708828,-0.011891466476063126,-0.007631868000002849,-0.008969075938959823,-0.02302403229981079,0.012655656338192402
2021-07-09,0.01305499307135416,0.049884239607418834,-0.003234704202571881,0.011910258962468445,0.0037947614811106867,0.004010686383104867,0.012197398906922619,0.0018743118900461653,0.007410863946461843,0.006341837079579582,0.011277947808795874,2.3809523809523808e-06,0.011275566856414922,0.013052612118973208,0.04988185865503788,-0.0032370851549528333,0.011907878010087494,0.003792380528729734,0.004008305430723914,0.012195017954541667,0.001871930937665213,0.007408482994080891,0.0063394561271986295
2021-07-12,-0.004203487127927397,-0.019713959905604317,-0.00021234814297510507,-0.005425948794308022,0.011607801122729855,-0.02762983722397827,-0.0002968774330657231,-0.0022307299935236946,0.023054595585828563,0.043762819403298625,0.0034511743312370946,1.984126984126984e-06,0.003449190204252968,-0.004205471254911524,-0.019715944032588445,-0.00021433226995923205,-0.005427932921292149,0.011605816995745729,-0.0276318213509624,-0.0002988615600498501,-0.0022327141205078214,0.023052611458844435,0.0437608352763145
2021-07-13,0.007889165470911452,-0.022360070384531028,-0.011076947823728478,-0.04234334895370451,0.002882496577714111,-0.03491967052081191,0.00237652954840617,0.01319809585495646,-0.012797083492754102,-0.025025526817094024,-0.0035168126585656267,1.984126984126984e-06,-0.0035187967855497535,0.007887181343927326,-0.022362054511515156,-0.011078931950712604,-0.042345333080688635,0.002880512450729984,-0.034921654647796035,0.002374545421422043,0.013196111727972333,-0.012799067619738229,-0.025027510944078152
2021-07-14,0.02410037885409566,-0.030123472658136086,0.0011747744165069296,-0.01643295376927867,0.007032235069277526,0.014189591673549273,0.004065037980084618,0.00544522331436359,-0.02017285476244801,-0.02267626253562338,0.0011649345752446916,2.3809523809523808e-06,0.0011625536228637393,0.02409799790171471,-0.030125853610517037,0.0011723934641259773,-0.01643533472165962,0.0070298541168965735,0.014187210721168322,0.004062657027703666,0.005442842361982637,-0.020175235714828963,-0.022678643488004333
2021-07-15,-0.004492162141380152,-0.011431421236276829,-0.013711143174944485,-0.007529527575783068,-0.009607236583884071,-0.017138828630767433,-0.0010542708509992949,-0.005238795118848061,-0.04411197642926756,-0.004254796226577984,-0.0032622408541723713,1.984126984126984e-06,-0.003264224981156498,-0.004494146268364279,-0.011433405363260955,-0.013713127301928611,-0.007531511702767195,-0.009609220710868198,-0.01714081275775156,-0.0010562549779834219,-0.005240779245832188,-0.04411396055625169,-0.004256780353562111
2021-07-16,-0.014075763791810969,-0.023200017755681812,-0.01585423166667721,-0.022535415413281634,-0.00027556285107122047,-0.02064083936383143,-0.00899175399310892,-0.0009962541840297101,-0.04245705327291427,-0.009806316575730611,-0.007538854211077806,1.984126984126984e-06,-0.007540838338061933,-0.014077747918795095,-0.02320200188266594,-0.015856215793661338,-0.022537399540265762,-0.0002775469780553475,-0.02064282349081556,-0.008993738120093046,-0.0009982383110138371,-0.0424590373998984,-0.009808300702714738
2021-07-19,-0.026914658513005785,-0.01809241843460796,-0.006727030092302577,-0.04937080797647675,-0.018839099607396714,0.002543733019809258,-0.02338658986838371,-0.013321676837730556,0.03407019162352887,0.003104482057777691,-0.015869512427409305,1.984126984126984e-06,-0.015871496554393433,-0.026916642639989913,-0.018094402561592088,-0.006729014219286704,-0.04937279210346088,-0.018841083734380842,0.002541748892825131,-0.02338857399536784,-0.013323660964714682,0.03406820749654474,0.0031024979307935643
2021-07-20,0.025974215950079538,0.031922894291815496,0.0066486136498793424,0.04908443950766439,0.013096257981487724,0.022471877071321922,0.021852840248925975,0.008339064688793085,-0.008932474966307336,0.02209778342837665,0.015162609437855634,1.984126984126984e-06,0.015160625310871508,0.02597223182309541,0.03192091016483137,0.006646629522895215,0.04908245538068026,0.013094273854503598,0.022469892944337794,0.021850856121941847,0.008337080561808959,-0.008934459093291462,0.02209579930139252
2021-07-21,-0.005131850534303761,0.023219955523134717,0.003361110852517335,0.024821549809565413,0.010613304698557924,0.010989200616882355,0.007085825237060472,0.007446705493222794,0.04287539572327037,-0.007888019850240235,0.008241819990835397,1.984126984126984e-06,0.008239835863851271,-0.0051338346612878885,0.02321797139615059,0.003359126725533208,0.024819565682581285,0.010611320571573797,0.010987216489898229,0.007083841110076345,0.007444721366238667,0.04287341159628624,-0.007890003977224362
2021-07-22,0.009628523428498292,0.0015799010463419805,0.01473563589596627,-0.00750426089389733,0.006840426126767163,-0.02524554758318054,0.011613806661930903,0.016844312383988758,0.009479650326282618,-0.009202007847976312,0.0020166699583279435,1.984126984126984e-06,0.0020146858313438167,0.009626539301514166,0.0015779169193578535,0.014733651768982144,-0.007506245020881457,0.006838441999783036,-0.025247531710164667,0.011611822534946777,0.01684232825700463,0.009477666199298492,-0.009203991974960439
2021-07-23,0.011989499342508259,-0.005305839870131224,0.005115384934792244,0.0029429491087213933,0.035768993017128325,0.014388569593171363,0.017974371809900802,0.01233678137179628,-0.0018370740434913158,-0.009056424875986235,0.010145452020822843,1.984126984126984e-06,0.010143467893838716,0.011987515215524132,-0.005307823997115351,0.005113400807808117,0.0029409649817372665,0.0357670088901442,0.014386585466187237,0.017972387682916674,0.012334797244812153,-0.0018390581704754428,-0.009058409002970362
2021-07-26,0.002894103872406406,0.023570996707035885,0.01180863619816197,0.01954677567507157,0.007668467610457919,0.00992900117646367,0.0041982631976784646,-0.0021406173200280154,-0.013498336183919157,0.022133069927244398,0.0023821998626283314,1.984126984126984e-06,0.0023802157356442046,0.0028921197454222793,0.023569012580051757,0.011806652071177844,0.019544791548087442,0.007666483483473791,0.009927017049479544,0.004196279070694337,-0.002142601447012142,-0.013500320310903284,0.02213108580026027
2021-07-27,-0.01490039569991164,-0.00295773358412188,-0.019846876786293155,-0.015851236370628352,-0.015928847577149186,-0.0028089556123805925,0.00971392086555345,-0.008683342051725274,-0.004457331795881925,-0.01952494819687267,-0.0047124448070912095,1.984126984126984e-06,-0.004714428934075337,-0.014902379826895766,-0.0029597177111060067,-0.019848860913277283,-0.01585322049761248,-0.015930831704133314,-0.0028109397393647193,0.009711936738569323,-0.0086853261787094,-0.004459315922866052,-0.0195269323238568
2021-07-28,-0.01219573380428074,0.012148617025415698,0.0010837371680696428,0.041841017109793155,0.03179679629762422,0.002464749358244367,-0.018550796638514222,-0.0011169678603227817,0.015358028464793616,0.0034120354402995545,-0.0001862618826539153,1.984126984126984e-06,-0.00018824600963804228,-0.012197717931264866,0.012146632898431571,0.0010817530410855158,0.04183903298280903,0.03179481217064009,0.00246276523126024,-0.01855278076549835,-0.0011189519873069087,0.01535604433780949,0.0034100513133154277
2021-07-29,0.004552421414643959,0.001186309597522639,-0.008373940689987869,0.00025909036877025393,-0.002325640620781999,0.010888760369351269,0.009264457869334608,0.0009784119361357924,0.008152731351178444,0.04694118807423009,0.004206152980007483,2.3809523809523808e-06,0.00420377202762653,0.0045500404622630065,0.0011839286451416867,-0.00837632164236882,0.00025670941638930155,-0.0023280215731629516,0.010886379416970317,0.009262076916953656,0.00097603098375484,0.008150350398797492,0.046938807121849134
2021-07-30,0.0015103817769641648,0.00376380624199002,-0.07564890713277761,-0.022233773892458286,-0.007740595600082556,0.003126983411032125,-0.005368204445706182,-0.005549701447924216,-0.008290182706583549,0.014541928508582602,-0.0054060480514769305,2.3809523809523808e-06,-0.005408429003857883,0.0015080008245832125,0.0037614252896090673,-0.07565128808515856,-0.022236154844839238,-0.0077429765524635085,0.0031246024586511724,-0.005370585398087134,-0.005552082400305168,-0.0082925636589645,0.01453954755620165
2021-08-02,-0.002330794011366377,0.010277140773433446,0.0011690369463182027,-0.0050335544469889415,0.0009502402698129409,0.009352269653307932,-0.01075358854817976,-0.0003160073842405353,0.012872544640993189,0.032697928666004294,-0.001842805614891363,1.984126984126984e-06,-0.00184478974187549,-0.002332778138350504,0.01027515664644932,0.0011670528193340756,-0.005035538573973069,0.0009482561428288138,0.009350285526323806,-0.010755572675163886,-0.0003179915112246623,0.012870560514009062,0.032695944539020166
2021-08-03,0.012644051402217249,0.001099652191076661,0.01043374884144277,0.01664151975212147,0.005750515162453285,0.013383975647014212,-0.013119722013321344,0.008075165075448032,0.0032912078647486798,9.862621233192037e-05,0.0082034265474622,1.984126984126984e-06,0.008201442420478074,0.012642067275233123,0.001097668064092534,0.010431764714458643,0.01663953562513734,0.005748531035469157,0.013381991520030086,-0.01312170614030547,0.008073180948463906,0.003289223737764553,9.664208534779338e-05
2021-08-04,-0.0027823253814122095,0.012015105206552468,-0.0034222398904129037,-0.01073810072199688,-0.003719535443084121,-0.015577564564198232,-0.008946904055759153,-0.0021246766187371646,0.023164496519131994,0.001662548831768751,-0.004632387901412294,1.984126984126984e-06,-0.004634372028396421,-0.0027843095083963363,0.012013121079568341,-0.0034242240173970304,-0.010740084848981006,-0.0037215195700682478,-0.015579548691182358,-0.00894888818274328,-0.0021266607457212914,0.023162512392147866,0.001660564704784624
2021-08-05,0.0007487787166446935,0.019810132623105936,0.006340362999381677,0.014605292711815876,0.008332997990335933,0.005504050330036536,0.006770828745503943,0.010505782967663801,0.017904271067057387,0.005218642492307302,0.006005446813494242,1.984126984126984e-06,0.006003462686510115,0.0007467945896605665,0.019808148496121808,0.00633837887239755,0.01460330858483175,0.008331013863351807,0.005502066203052409,0.006768844618519816,0.010503798840679675,0.01790228694007326,0.005216658365323174
2021-08-06,-0.0047672692188697186,-0.0021953287318761117,-0.009197334693852421,0.006045052513220961,-0.0037652013049773725,0.003078842980594132,-0.0006768383693496194,-0.0002069870281526942,-0.013131659291967468,-0.021731523084098203,0.001675266241764728,2.3809523809523808e-06,0.0016728852893837757,-0.004769650171250671,-0.002197709684257064,-0.009199715646233373,0.0060426715608400084,-0.003767582257358325,0.0030764620282131795,-0.0006792193217305718,-0.0002093679805336466,-0.01313404024434842,-0.021733904036479155
2021-08-09,-0.00034212741377259714,-0.003666931339521007,-0.0009177334401756498,0.0040634696492707345,0.008652724092526265,0.0,-0.006687457627910232,-0.0039042907795758808,-0.003486233353247714,0.020969779282746792,-0.0009399082741974318,2.3809523809523808e-06,-0.0009422892265783842,-0.0003445083661535495,-0.0036693122919019593,-0.0009201143925566022,0.004061088696889782,0.008650343140145313,-2.3809523809523808e-06,-0.006689838580291184,-0.003906671731956833,-0.0034886143056286666,0.02096739833036584
2021-08-10,-0.003353910480788258,-0.009970593340616896,-0.006340816609805455,0.015111699497446063,-0.0007742890143442871,0.013983711812454391,-0.005241107547373947,-0.006554350569248801,-0.017688997105805848,-0.005281893495678203,0.0009926793341701323,1.984126984126984e-06,0.0009906952071860053,-0.003355894607772385,-0.009972577467601022,-0.0063428007367895825,0.015109715370461936,-0.0007762731413284141,0.013981727685470265,-0.005243091674358074,-0.0065563346962329285,-0.017690981232789976,-0.00528387762266233
2021-08-11,0.0017856388819079694,0.0014194438539978371,-0.008603643493863333,0.015735035766710537,-0.0038593570830844914,0.012445398946551167,0.008995606863618333,0.001780253577691182,-0.0118878931158386,-0.0030563570472872392,0.0012757437876824707,1.984126984126984e-06,0.0012737596606983437,0.0017836547549238424,0.0014174597270137101,-0.00860562762084746,0.01573305163972641,-0.0038613412100686182,0.01244341481956704,0.008993622736634206,0.001778269450707055,-0.011889877242822726,-0.003058341174271366
2021-08-12,0.020773405099203668,0.020180819117647353,0.003459810192938395,-0.005470010385966728,0.0067142564549593775,0.009966639758525853,0.004754488750671415,0.009966514412347971,0.010457212328906618,0.020386528392057013,0.004146380281677686,2.3809523809523808e-06,0.004143999329296734,0.020771024146822716,0.0201784381652664,0.0034574292405574426,-0.005472391338347681,0.006711875502578425,0.009964258806144901,0.004752107798290463,0.00996413345996702,0.010454831376525666,0.02038414743967606
2021-08-13,0.0014101635163452642,0.010651674994139881,-0.0028848279463596915,-0.015618381376717227,0.0038884410834145733,-0.04572340463495894,0.0090845128895376,0.010490042078234119,0.014217552806238043,-0.007033557040174165,0.001607306655808216,2.3809523809523808e-06,0.0016049257034272638,0.0014077825639643119,0.01064929404175893,-0.002887208898740644,-0.015620762329098179,0.003886060131033621,-0.0457257855873399,0.009082131937156648,0.010487661125853167,0.014215171853857091,-0.007035937992555118
2021-08-16,0.013548136837399083,-0.02742856332342747,0.0015239472057770875,-0.02303168557810198,0.004225688117105886,0.014822246666360783,0.009002799674444395,0.005975706618686072,-0.011789044721016495,-0.04322549735370618,0.002620850702215849,2.3809523809523808e-06,0.0026184697498348964,0.013545755885018131,-0.02743094427580842,0.0015215662533961353,-0.02303406653048293,0.004223307164724933,0.014819865713979832,0.009000418722063443,0.005973325666305119,-0.011791425673397447,-0.04322787830608713
2021-08-17,-0.0061540095576746445,-0.031433083378283655,-0.01728702615047184,-0.029861156076110285,-0.01191516337742271,-0.025815345556029934,-0.002863683801007988,-0.0051597386389934385,-0.02466191624287839,-0.02981764971635037,-0.00706069881494753,2.777777777777778e-06,-0.007063476592725308,-0.006156787335452422,-0.03143586115606143,-0.01728980392824962,-0.029863933853888063,-0.01191794115520049,-0.025818123333807712,-0.0028664615787857657,-0.005162516416771216,-0.02466469402065617,-0.029820427494128148
2021-08-18,-0.02550093047876789,0.0197360091531531,-0.012566487390164305,-0.014490150315070394,-0.008872467869357692,-0.0160387632474962,-0.009155928637045285,-0.006119073821960641,-0.02148188682556207,0.03497015710402862,-0.010748470745585936,2.777777777777778e-06,-0.010751248523363715,-0.02550370825654567,0.01973323137537532,-0.012569265167942083,-0.014492928092848172,-0.00887524564713547,-0.01604154102527398,-0.009158706414823064,-0.006121851599738419,-0.021484664603339847,0.034967379326250846
2021-08-19,0.002322669575722136,-0.02787250540801034,-0.0042078187123096855,-0.03123285999036829,0.0017054257923703187,-0.015591879710538326,-0.003570130743576261,0.02077507140179824,0.0398107380790238,-0.022525688289902868,0.0012566922329095842,2.3809523809523808e-06,0.001254311280528632,0.0023202886233411836,-0.02787488636039129,-0.004210199664690638,-0.03123524094274924,0.0017030448399893664,-0.015594260662919277,-0.0035725116959572133,0.020772690449417288,0.039808357126642845,-0.02252806924228382
2021-08-20,0.010156927164024276,0.007360694684079405,0.003827154714335368,0.00240382022074348,0.01289436959673984,0.015838836951033608,0.005311203198900216,0.025575374403067563,0.05141924331476777,0.010082056516856452,0.008141567655737925,1.984126984126984e-06,0.008139583528753798,0.01015494303704015,0.007358710557095278,0.003825170587351241,0.0024018360937593532,0.012892385469755714,0.01583685282404948,0.005309219071916089,0.025573390276083435,0.05141725918778364,0.010080072389872326
2021-08-23,0.01025738581078528,0.021503106496262303,0.02060035500127988,0.03164525220051373,0.01900627942059807,0.012047904775962959,0.004905920526328211,0.000952921638310622,0.0548619116160336,0.03827951753459824,0.00852379036424833,1.984126984126984e-06,0.008521806237264203,0.010255401683801154,0.021501122369278175,0.02059837087429575,0.0316432680735296,0.019004295293613943,0.012045920648978832,0.004903936399344084,0.000950937511326495,0.05485992748904947,0.03827753340761411
2021-08-24,-0.0006012694371526628,0.09966622761740118,0.012220318769066596,0.00925250153039947,0.00871167235400283,0.011904967716187986,-0.005132344002268696,-0.006663161717099686,-0.0075145211806265655,0.0031006472789956163,0.0014957363013194946,1.984126984126984e-06,0.0014937521743353676,-0.0006032535641367898,0.09966424349041705,0.01221833464208247,0.009250517403415344,0.008709688227018704,0.01190298358920386,-0.005134328129252823,-0.006665145844083813,-0.007516505307610693,0.0030986631520114895
2021-08-25,-0.00842147725025899,-0.00662862146925447,-0.0019965141547840792,-0.0018064124541161686,0.005786956388513564,0.016954825712524935,0.0016776506211066966,-0.002015782661978438,0.01927218564025379,0.0038250458739308435,0.002220118224179668,2.3809523809523808e-06,0.0022177372717987155,-0.008423858202639942,-0.006631002421635422,-0.0019988951071650317,-0.0018087934064971208,0.005784575436132612,0.016952444760143983,0.0016752696687257443,-0.0020181636143593905,0.01926980468787284,0.003822664921549891
2021-08-26,-0.005527204428427801,-0.04752111060761288,0.005098257262930783,-0.02049495002630919,-0.00449372907523371,-0.00986723562417302,-0.007871787957717702,-0.009668641352156837,-0.006527361203109483,-0.014116975997208181,-0.005824918819612557,1.984126984126984e-06,-0.005826902946596684,-0.005529188555411928,-0.04752309473459701,0.005096273135946656,-0.020496934153293317,-0.004495713202217837,-0.009869219751157147,-0.007873772084701828,-0.009670625479140963,-0.00652934533009361,-0.014118960124192307
2021-08-27,0.007184892353854222,0.009493858369700403,0.01014175672465778,0.024249422632794504,0.018123904931261592,-0.006185593782271681,0.0022368715109808424,0.0021062345542179894,0.02573841157181822,0.015346011908018209,0.008807632480425154,1.984126984126984e-06,0.008805648353441027,0.007182908226870095,0.009491874242716277,0.010139772597673654,0.024247438505810376,0.018121920804277464,-0.006187577909255808,0.0022348873839967156,0.0021042504272338627,0.025736427444834092,0.015344027781034083
2021-08-30,0.030417315871478445,0.011934178778623794,0.021476998866989616,-0.018444177397477612,0.004073065513167995,0.028354007771640433,-0.0037479135109833583,0.012912043842703946,0.0022972564718952704,0.026674352644943333,0.004306570844779589,1.984126984126984e-06,0.004304586717795462,0.030415331744494317,0.011932194651639668,0.021475014740005488,-0.01844616152446174,0.004071081386183868,0.028352023644656305,-0.003749897637967485,0.01291005971571982,0.0022952723449111436,0.026672368517959205
2021-08-31,-0.008425040009285123,-0.0066017097236977795,0.01438520002272603,0.008453534443319421,0.0007398873538815298,0.0,0.009180043741763955,-0.005632422897079548,-0.013181208425514623,0.006580834075438302,-0.0013491160395050494,1.5873015873015873e-06,-0.001350703341092351,-0.008426627310872424,-0.0066032970252850815,0.014383612721138729,0.00845194714173212,0.0007383000522942282,-1.5873015873015873e-06,0.009178456440176654,-0.0056340101986668495,-0.013182795727101924,0.006579246773851
2021-09-01,0.004478805629850813,0.010323187225108832,0.0023654092095504176,-0.006287038190489702,0.0035798124002435205,-0.0174847816933541,0.0029056908497127054,-0.00016579545054751232,0.0025015575897411324,-0.0022155233598405433,0.0003116886257619189,1.984126984126984e-06,0.0003097044987777919,0.0044768215028666855,0.010321203098124706,0.0023634250825662908,-0.006289022317473829,0.0035778282732593938,-0.01748676582033823,0.0029037067227285786,-0.0001677795775316393,0.0024995734627570056,-0.00221750748682467
2021-09-02,0.00747461157520557,0.003895527330081139,-0.004564478889317991,0.01242438462558737,-0.013279961167421361,0.013005015116271501,0.007222268374070806,-0.0022529375102454674,-0.0020050452665409946,-0.002315788147756681,0.002842638410522902,1.984126984126984e-06,0.002840654283538775,0.0074726274482214425,0.003893543203097012,-0.004566463016302118,0.012422400498603244,-0.013281945294405488,0.013003030989287375,0.007220284247086679,-0.002254921637229594,-0.0020070293935251214,-0.002317772274740808
2021-09-03,0.004230470752123683,0.005089078036186079,0.004311086264728647,-0.012045481320714813,0.0031577270299627536,0.008783541488781355,-0.004377390574348383,-3.2732647024746875e-05,0.019959089729807866,0.0016111325842673718,-0.0003350311257153127,1.984126984126984e-06,-0.0003370152526994397,0.004228486625139556,0.005087093909201952,0.00430910213774452,-0.012047465447698939,0.0031557429029786268,0.008781557361797228,-0.00437937470133251,-3.471677400887386e-05,0.019957105602823738,0.0016091484572832448
2021-09-07,0.015489470303205355,0.044303797468354444,0.008982024369138308,-0.018013442309963934,0.0037637773960523813,-0.03424803332437465,-0.01101230099131223,-0.0031882641805371925,-0.007923736354385147,0.02637783858939624,-0.003395574405981705,1.984126984126984e-06,-0.003397558532965832,0.015487486176221229,0.044301813341370316,0.008980040242154182,-0.018015426436948062,0.0037617932690682545,-0.03425001745135878,-0.011014285118296356,-0.0031902483075213193,-0.007925720481369273,0.026375854462412113
2021-09-08,-0.010083539945928144,-0.006484892874053072,0.004619174430729789,-0.013349517069737193,-0.004085758107831405,-0.016055744994863397,0.010288367234239981,9.978641258623355e-05,-0.014253067781704765,0.0012617502122473923,-0.001318566739775151,1.984126984126984e-06,-0.001320550866759278,-0.01008552407291227,-0.006486877001037199,0.004617190303745662,-0.01335150119672132,-0.004087742234815533,-0.016057729121847525,0.010286383107255855,9.780228560210656e-05,-0.014255051908688891,0.0012597660852632653
2021-09-09,-0.0067049382391062284,0.012627386181324196,-0.011726004336084506,0.012110878510070089,-0.0010438275721633694,0.0007093674326412724,-4.202960910526521e-05,-0.009859756882271697,-0.007251960408239166,0.001313231087076927,-0.004605608657393345,1.5873015873015873e-06,-0.004607195958980647,-0.00670652554069353,0.012625798879736895,-0.011727591637671807,0.012109291208482788,-0.001045414873750671,0.0007077801310539708,-4.36169106925668e-05,-0.009861344183858999,-0.007253547709826468,0.0013116437854896255
2021-09-10,-0.033102055023469634,-0.004819295492516917,-0.004308001431212238,-0.017014113060250913,-0.01856599908654155,-0.007444098643123898,0.002388890956529055,-0.005180563409270311,0.013572738284399755,-0.024627038366134335,-0.007722578759925436,1.984126984126984e-06,-0.007724562886909563,-0.03310403915045376,-0.004821279619501045,-0.0043099855581963656,-0.01701609718723504,-0.01856798321352568,-0.007446082770108025,0.0023869068295449282,-0.0051825475362544384,0.013570754157415628,-0.024629022493118463
2021-09-13,0.0038936416350081604,-0.029539889310968626,-0.0034532897607970625,0.019876331978713635,0.010338720142724966,0.013571660165313526,0.008487234599653615,0.004328577926553834,-0.014503208228638154,0.00914066245943812,0.0022764876184568905,2.3809523809523808e-06,0.002274106666075938,0.003891260682627208,-0.029542270263349577,-0.003455670713178015,0.019873951026332683,0.010336339190344015,0.013569279212932574,0.008484853647272663,0.004326196974172881,-0.014505589181019105,0.009138281507057169
2021-09-14,-0.00956229519772167,0.018587796852532312,-0.002073980962099431,-0.013567644821370406,0.001489289260212523,-0.028893808692146417,-0.00033163153618320784,0.009427673524311508,0.0040629257077862135,0.0020053498586631857,-0.00574663850657553,1.5873015873015873e-06,-0.005748225808162832,-0.009563882499308972,0.01858620955094501,-0.0020755682636867325,-0.013569232122957707,0.0014877019586252214,-0.028895395993733718,-0.0003332188377705094,0.009426086222724207,0.004061338406198912,0.002003762557075884
2021-09-15,0.006143884621583551,0.018799706111803705,0.007475391332653958,0.012525376020918744,0.013224168090325339,0.014151000156431115,-0.0006220331846777949,0.016778821406300937,0.004450961389055763,0.015231899000174076,0.008473996979569742,1.5873015873015873e-06,0.008472409677982441,0.006142297319996249,0.018798118810216403,0.007473804031066656,0.012523788719331443,0.013222580788738038,0.014149412854843814,-0.0006236204862650965,0.016777234104713636,0.004449374087468461,0.015230311698586775
2021-09-16,-0.0016105963657396805,0.010699037275580192,0.0035819053548502566,-0.004014567292740856,-0.005674206963398043,0.0032202640151770545,0.009253922959172378,0.0013122143907324801,-0.0044312381192810335,0.0015347617076681974,-0.0015511404489350067,1.5873015873015873e-06,-0.0015527277505223082,-0.001612183667326982,0.010697449973992891,0.003580318053262955,-0.004016154594328158,-0.005675794264985345,0.003218676713589753,0.009252335657585077,0.0013106270891451786,-0.0044328254208683355,0.001533174406080896
2021-09-17,-0.018347919690815062,-0.009277416682834438,-0.007373319866162298,0.0,-0.019566744718119145,-0.01283896961024722,-0.002960421369790134,-0.017528479220808357,-0.015376385133051618,0.0033025333532406,-0.009110872450405094,1.5873015873015873e-06,-0.009112459751992395,-0.018349506992402363,-0.00927900398442174,-0.0073749071677496,-1.5873015873015873e-06,-0.019568332019706446,-0.01284055691183452,-0.0029620086713774353,-0.01753006652239566,-0.015377972434638919,0.0033009460516532983
2021-09-20,-0.0213611489437725,-0.029713650621626897,-0.03084174438431353,-0.018091491372841273,-0.014776230292223858,-0.01589603491461633,-0.014021213622599227,-0.018574792307655574,-0.0359358809890693,-0.03860484330594227,-0.01697731100841482,1.5873015873015873e-06,-0.01697889831000212,-0.021362736245359802,-0.029715237923214198,-0.03084333168590083,-0.018093078674428574,-0.014777817593811159,-0.01589762221620363,-0.014022800924186528,-0.018576379609242875,-0.0359374682906566,-0.03860643060752957
2021-09-21,0.003428259103454012,0.04732735662812848,-0.0036057473697842513,-0.004725563213193507,0.0022596369367855473,-0.015051428899947594,0.005897460184955294,0.0016990362331767983,0.0062992979063498655,0.012613531089680885,-0.0008123585165593639,1.1904761904761904e-06,-0.00081354899274984,0.003427068627263536,0.04732616615193801,-0.0036069378459747275,-0.004726753689383982,0.002258446460595071,-0.01505261937613807,0.0058962697087648185,0.001697845756986322,0.00629810743015939,0.01261234061349041
2021-09-22,0.016872005927365263,0.0039577851869951886,0.01089234819407503,0.04062155984770022,0.008994570883529285,0.028326296966716846,0.01093558647374393,0.012822064396268207,0.03271201761919906,0.0169871810945057,0.009519611195260236,1.1904761904761904e-06,0.00951842071906976,0.016870815451174786,0.003956594710804713,0.010891157717884554,0.04062036937150974,0.008993380407338809,0.02832510649052637,0.010934395997553454,0.012820873920077731,0.03271082714300859,0.01698599061831522
2021-09-23,0.006719073912923701,0.03041891012424558,0.01063594079605279,0.01898797334824387,0.006647113125882509,0.014135866320666768,0.006786289695073888,0.0032823758006654824,0.024657038352628113,0.00226081461648886,0.012134715784494876,1.1904761904761904e-06,0.0121335253083044,0.006717883436733225,0.030417719648055102,0.010634750319862314,0.018986782872053392,0.006645922649692033,0.014134675844476292,0.006785099218883412,0.003281185324475006,0.024655847876437636,0.0022596241402983836
2021-09-24,0.0006134895462255319,0.00428253285610225,0.0027868730462519142,0.0013115932977272315,0.00707434178318711,-0.003216646491291497,0.006699994698163403,-0.000700905859521983,-0.017836532058302823,0.027533059916662994,0.001461009046688222,1.1904761904761904e-06,0.0014598185704977457,0.0006122990700350557,0.004281342379911774,0.002785682570061438,0.0013104028215367553,0.0070731513069966345,-0.0032178369674819734,0.006698804221972927,-0.0007020963357124592,-0.0178377225344933,0.027531869440472517
2021-09-27,-0.010550065373563178,-0.009210884301805389,-0.005756835077931344,0.012511876236946273,-0.008037065319230763,0.02940120240600108,0.006858134427699669,-0.017304218168074703,-0.01906596674398442,0.02191406322043732,-0.0027763826213396126,1.5873015873015873e-06,-0.002777969922926914,-0.010551652675150479,-0.00921247160339269,-0.005758422379518646,0.012510288935358972,-0.008038652620818064,0.02939961510441378,0.006856547126112367,-0.017305805469662004,-0.01906755404557172,0.021912475918850018
2021-09-28,-0.023801455199992327,-0.03259493202588404,-0.0263784679831095,-0.02565132006630111,-0.03715838211411493,-0.004527896627332217,-0.01749229960577825,-0.03620367607954034,-0.0443676434689394,-0.01743835612317879,-0.020364110556098214,1.5873015873015873e-06,-0.020365697857685515,-0.02380304250157963,-0.03259651932747134,-0.0263800552846968,-0.02565290736788841,-0.03715996941570223,-0.004529483928919519,-0.01749388690736555,-0.03620526338112764,-0.0443692307705267,-0.01743994342476609
2021-09-29,0.006483184069071557,-0.003025237283761806,-0.004475351789266391,0.03182087281585422,-0.01087011375906155,-0.04443703812816746,0.002092177475781609,0.0016930915002904001,-0.008792513073310193,0.004822778775393388,0.0015691842194003325,1.5873015873015873e-06,0.001567596917813031,0.006481596767484255,-0.0030268245853491073,-0.004476939090853693,0.031819285514266916,-0.010871701060648852,-0.04443862542975476,0.0020905901741943077,0.0016915041987030986,-0.008794100374897494,0.004821191473806086
2021-09-30,-0.009312078791058442,-0.0019040120799270754,-0.0048710792439015105,-0.024050400045554365,-0.00504288238609607,0.0018310270583516974,-0.012976855907393947,-0.007323881213660455,0.009698919114701221,-0.0074618094773734045,-0.011909714125195148,1.5873015873015873e-06,-0.011911301426782449,-0.009313666092645743,-0.001905599381514377,-0.004872666545488812,-0.024051987347141666,-0.005044469687683372,0.001829439756764396,-0.012978443208981248,-0.007325468515247757,0.00969733181311392,-0.0074633967789607064
2021-10-01,0.008127296654232952,0.03135615205267328,-0.0005418778291703674,0.027552957585367688,0.021447308438845125,0.0259502352045462,0.007548421501706537,0.025468090275592603,0.0012551880659756876,-0.00033528879108346565,0.01149147763018199,1.5873015873015873e-06,0.011489890328594689,0.00812570935264565,0.03135456475108598,-0.000543465130757669,0.027551370283780387,0.021445721137257824,0.0259486479029589,0.007546834200119235,0.025466502974005302,0.001253600764388386,-0.0003368760926707672
2021-10-04,-0.024605465263769277,-0.049187878024582465,-0.028471678341373097,-0.009778790769323864,-0.02111780375111738,0.00035656924269478196,0.000617565319123603,-0.020719630925559063,-0.04869340724175997,0.008139621398127517,-0.012985898136748442,1.5873015873015873e-06,-0.012987485438335743,-0.02460705256535658,-0.049189465326169766,-0.028473265642960398,-0.009780378070911165,-0.021119391052704682,0.0003549819411074804,0.0006159780175363014,-0.020721218227146364,-0.04869499454334727,0.008138034096540216
2021-10-05,0.014158377836628322,0.0014589999584442293,0.00978753803838428,0.0028151610961755225,0.017682959927928454,0.007834509800190625,0.008803707929071036,0.019956894823391247,0.036438371538941805,-0.001202850103416031,0.010524514660609219,1.5873015873015873e-06,0.010522927359021918,0.01415679053504102,0.0014574126568569277,0.00978595073679698,0.002813573794588221,0.017681372626341153,0.007832922498603324,0.008802120627483735,0.019955307521803946,0.036436784237354504,-0.0012044374050033326
2021-10-06,0.006307189426546955,0.015236095806371086,0.012732016728672857,0.0025399132379890776,0.011336551392211458,-0.01943450676361802,0.007666457001207716,0.015064383722448893,0.012175421619932791,0.0027671424905384434,0.004102792854185466,1.5873015873015873e-06,0.004101205552598164,0.006305602124959653,0.015234508504783785,0.012730429427085556,0.002538325936401776,0.011334964090624157,-0.01943609406520532,0.007664869699620414,0.015062796420861592,0.01217383431834549,0.002765555188951142
2021-10-07,0.009084143676568512,0.014050858615938022,0.012391203105561077,0.0066224729898956,0.012066987209311542,0.010810718847281686,0.004937142511433068,0.005936543361327873,0.01811605000198968,0.013874260399496352,0.008298280656405366,1.984126984126984e-06,0.00829629652942124,0.009082159549584386,0.014048874488953896,0.01238921897857695,0.006620488862911473,0.012065003082327415,0.01080873472029756,0.004935158384448941,0.005934559234343746,0.018114065875005553,0.013872276272512226
2021-10-08,-0.0027215842659937817,0.002181574904907002,-0.004181805261295635,-0.00039736992047134656,0.004025892194778891,-0.0057040846596051464,-0.0024966586832226856,0.0,-0.011577671206863926,-0.010231834522373306,-0.0019137230947889883,1.984126984126984e-06,-0.0019157072217731153,-0.0027235683929779085,0.0021795907779228753,-0.004183789388279762,-0.00039935404745547356,0.004023908067794763,-0.005706068786589274,-0.0024986428102068124,-1.984126984126984e-06,-0.011579655333848053,-0.010233818649357433
2021-10-12,-0.009103276691039275,0.036479281801465424,0.0003172745113595443,-0.01271799365350268,-0.017745068088407145,-0.04082382653848671,-0.008354268832528433,-0.004588218841665714,-0.0011599102434978192,0.01740026730336086,-0.0024167805585421087,2.3809523809523808e-06,-0.002419161510923061,-0.009105657643420226,0.03647690084908447,0.00031489355897859194,-0.012720374605883631,-0.017747449040788097,-0.04082620749086766,-0.008356649784909385,-0.004590599794046667,-0.0011622911958787715,0.01739788635097991
2021-10-13,-0.004239966657785699,0.004804641569057466,0.011378601203982708,-0.008006478893772262,0.008303878887730098,-0.0026363653081281635,-0.007647740229094868,0.011711192039685514,0.012965209549927081,0.006652379022320076,0.00302251448379387,1.984126984126984e-06,0.003020530356809743,-0.004241950784769826,0.004802657442073339,0.011376617076998581,-0.008008463020756388,0.008301894760745972,-0.0026383494351122903,-0.007649724356078995,0.011709207912701388,0.012963225422942955,0.006650394895335949
2021-10-14,0.020225514217067975,-0.01774399008275418,0.004743759227551214,-0.019568925790325875,0.025940748478573417,0.03814174647561952,0.00783039103134442,0.021734175332442263,0.0385403376509903,0.008926471099504285,0.01706310194558336,1.984126984126984e-06,0.01706111781859923,0.020223530090083847,-0.017745974209738308,0.004741775100567087,-0.019570909917310003,0.02593876435158929,0.03813976234863539,0.007828406904360293,0.021732191205458135,0.03853835352400617,0.008924486972520159
2021-10-15,0.0075129934850028945,-0.007741978441165642,0.03308023939004423,-0.0018396300164742474,0.001537332113827894,0.028737827704060193,-0.009405203363810566,0.004822294159208429,0.00533460521419471,0.030195999501915205,0.007460210377712606,1.984126984126984e-06,0.007458226250728479,0.007511009358018767,-0.0077439625681497695,0.0330782552630601,-0.0018416141434583744,0.001535347986843767,0.028735843577076065,-0.009407187490794692,0.004820310032224302,0.005332621087210583,0.030194015374931077
2021-10-18,0.011806076025876022,0.01856020087703314,0.011064772529006062,-0.0002764354978332939,0.00997410585436076,0.01131555018004704,4.132905464393488e-05,0.010124700791269925,0.016466752344650448,0.03212224493643445,0.00337476955709759,2.3809523809523808e-06,0.0033723886047166375,0.01180369507349507,0.018557819924652188,0.01106239157662511,-0.0002788164502142463,0.009971724901979808,0.011313169227666089,3.89481022629825e-05,0.010122319838888973,0.016464371392269497,0.0321198639840535
2021-10-19,0.015080020739218325,-0.009168998165615894,-0.0007514424560826072,-0.004654781669846453,0.0032147288243480343,0.009090702654231064,0.002105217867651721,0.0030591606043277597,0.0030603546525080905,-0.006711860640270406,0.007393339551406308,1.984126984126984e-06,0.007391355424422181,0.015078036612234199,-0.00917098229260002,-0.0007534265830667342,-0.00465676579683058,0.0032127446973639075,0.009088718527246938,0.002103233740667594,0.003057176477343633,0.0030583705255239637,-0.006713844767254533
2021-10-20,0.003361227886139684,-0.005739785374244688,-0.008446195751808605,0.0009260404089075358,-0.010248855296607684,-0.009355455353968645,-0.012563177802879744,-0.0026604905953323543,-0.008389503001039578,0.0017703140411262641,0.0036640298040166996,1.984126984126984e-06,0.003662045677032573,0.003359243759155557,-0.005741769501228815,-0.008448179878792731,0.0009240562819234088,-0.01025083942359181,-0.009357439480952771,-0.01256516192986387,-0.002662474722316481,-0.008391487128023704,0.0017683299141421371
2021-10-21,0.0014739565204313632,0.004359127692680653,0.005841756945129006,-0.008465568055491368,0.0008251302019384177,0.06925514460574411,0.007007833769806293,0.010897709612873507,0.02664748981627052,0.03257101073349511,0.002995871849622578,2.3809523809523808e-06,0.0029934908972416253,0.0014715755680504109,0.004356746740299701,0.005839375992748054,-0.00846794900787232,0.0008227492495574653,0.06925276365336316,0.007005452817425341,0.010895328660492556,0.026645108863889568,0.032568629781114154
2021-10-22,-0.005285163342944266,-0.02263929976745782,-0.028954833317208384,-0.0063916914276132,-0.030443198830961693,-0.0032713036464830925,-0.01226156286882829,-0.005148937520017105,0.0014985266317311119,0.01753910755951127,-0.0010725536274130976,2.3809523809523808e-06,-0.0010749345797940498,-0.005287544295325218,-0.022641680719838773,-0.028957214269589335,-0.006394072379994152,-0.030445579783342645,-0.003273684598864045,-0.012263943821209242,-0.0051513184723980575,0.0014961456793501596,0.017536726607130317
2021-10-25,-0.0003359443634890491,0.015602533083525216,-0.004550989805058192,-0.00046957835818384197,-0.0008685887968281625,0.0052509015161192885,-0.004613517766673736,-0.0033315265408220274,0.019361330177451785,0.12661598362581983,0.004748196569493546,2.3809523809523808e-06,0.004745815617112593,-0.0003383253158700015,0.015600152131144265,-0.0045533707574391446,-0.00047195931056479435,-0.0008709697492091149,0.005248520563738336,-0.004615898719054688,-0.00333390749320298,0.019358949225070834,0.12661360267343888
2021-10-26,0.004574714959136861,0.011226623935326696,0.01677526160393561,-0.014374959500089268,0.013543250503400106,-0.015997188563395937,-0.0038762380460749535,0.006425784291497427,0.06695149579950899,-0.006274050392506725,0.0018197952535197182,2.3809523809523808e-06,0.0018174143011387659,0.004572334006755908,0.011224242982945744,0.016772880651554658,-0.01437734045247022,0.013540869551019154,-0.015999569515776888,-0.003878618998455906,0.006423403339116475,0.06694911484712804,-0.006276431344887677
2021-10-27,-0.0031476749228351864,-0.011920026255745064,0.004863638245470758,-0.015251880203413393,0.049595048025330435,-0.014598462619964558,0.026690030695199374,0.04211415269564189,-0.010761974887614323,0.019078438805710585,-0.005051568068462853,2.3809523809523808e-06,-0.005053949020843805,-0.003150055875216139,-0.011922407208126016,0.004861257293089806,-0.015254261155794344,0.04959266707294948,-0.01460084357234551,0.026687649742818422,0.04211177174326094,-0.010764355839995274,0.019076057853329633
2021-10-28,0.024991331905869885,0.015375462749155355,0.01594115275917063,0.0060016721818927365,-0.0025203888756499815,0.02525258125547092,0.011411592628794098,0.003650930684761189,0.020040117058885754,0.03775074872979922,0.009829281576461124,2.3809523809523808e-06,0.009826900624080172,0.024988950953488933,0.015373081796774404,0.015938771806789678,0.005999291229511784,-0.002522769828030934,0.025250200303089967,0.011409211676413147,0.0036485497323802364,0.020037736106504802,0.03774836777741827
2021-10-29,-0.01815542699223982,-0.006057037301208101,-0.021511245053778105,-0.003945187876541745,0.015063588227702152,-0.003941064641083791,0.00020370015002724173,0.02241441326977034,0.025099232471132105,0.03431629436179362,0.001949334719149265,1.984126984126984e-06,0.001947350592165138,-0.01815741111922395,-0.006059021428192229,-0.021513229180762233,-0.003947172003525872,0.015061604100718025,-0.0039430487680679185,0.00020171602304311476,0.02241242914278621,0.025097248344147977,0.03431431023480949
2021-11-01,-0.005607224434348357,0.023086853139925312,-0.01610709978002456,0.036468159669007516,-0.03072702543198924,0.030333037199025137,0.020484766269042165,-0.0067847999309612606,0.01016935131636898,0.0849102277797451,0.0018000771431341267,1.984126984126984e-06,0.0017980930161499997,-0.005609208561332484,0.023084869012941184,-0.016109083907008687,0.03646617554202339,-0.03072900955897337,0.03033105307204101,0.020482782142058037,-0.006786784057945388,0.010167367189384853,0.08490824365276098
2021-11-02,0.00711597750512194,-0.009908424546689054,-0.0016154097805501921,-0.008435071037136255,0.01348816508784112,-0.007679905715726187,-0.005347832857201085,0.01141565736403316,0.02222461069713355,-0.03027499529203259,0.0036803630854131963,1.984126984126984e-06,0.0036783789584290696,0.007113993378137813,-0.00991040867367318,-0.0016173939075343191,-0.008437055164120381,0.013486180960856993,-0.007681889842710315,-0.005349816984185212,0.011413673237049034,0.022222626570149423,-0.03027697941901672
2021-11-03,0.009798146298337196,0.0,0.021507811127532195,0.0028669483390639794,0.008014321024477411,0.007739343141353494,0.004654283034060125,0.002611587372631341,0.007461926816038744,0.03571673801973452,0.006461279195357994,1.984126984126984e-06,0.006459295068373867,0.00979616217135307,-1.984126984126984e-06,0.021505827000548067,0.0028649642120798526,0.008012336897493285,0.007737359014369367,0.004652298907075998,0.002609603245647214,0.007459942689054617,0.03571475389275039
2021-11-04,-0.0034985179473310257,0.03227860235243285,0.02748232410840923,-0.0016402947582078165,0.011388070198149913,0.0025600668338248145,0.01222041496007753,0.0073053930183200055,0.12042265197468893,0.013222297879683653,0.004181942361150437,1.5873015873015873e-06,0.004180355059563135,-0.0035001052489183272,0.03227701505084555,0.027480736806821927,-0.001641882059795118,0.011386482896562612,0.002558479532237513,0.01221882765849023,0.007303805716732704,0.12042106467310162,0.013220710578096352
2021-11-05,0.003582512984148245,0.12984028335772724,0.01207642928374364,0.05365445242485323,0.003942227894329742,0.019789303299822203,0.004931827698928304,-0.0011297217962018546,-0.0016441467546260968,-0.006358169933862068,0.003732799652949259,1.984126984126984e-06,0.0037308155259651323,0.0035805288571641183,0.1298382992307431,0.012074445156759513,0.0536524682978691,0.0039402437673456145,0.019787319172838075,0.004929843571944177,-0.0011317059231859816,-0.0016461308816102238,-0.006360154060846195
2021-11-08,-0.00555253747307094,-0.0064477126497952675,-0.008527948857282919,-0.007930205759794973,0.0012023951039887848,-0.010954704011575722,-0.006320936972964986,0.0027676512755607785,0.03535901278366227,-0.048400709533862996,0.0008877879113036169,2.3809523809523808e-06,0.0008854069589226645,-0.005554918425451892,-0.00645009360217622,-0.00853032980966387,-0.007932586712175924,0.0012000141516078325,-0.010957084963956674,-0.006323317925345938,0.002765270323179826,0.035356631831281314,-0.04840309048624395
2021-11-09,0.00245949072571805,-0.028155024172443865,0.025007238016599764,-0.008487513255850732,-0.000754741787764357,0.0053798693710169765,-0.0017780482367890649,-0.0030860242590474707,-0.004772333402117246,-0.11990303254359858,-0.003498775895770745,1.5873015873015873e-06,-0.0035003631973580464,0.0024579034241307483,-0.028156611474031167,0.025005650715012463,-0.008489100557438033,-0.0007563290893516586,0.0053782820694296745,-0.0017796355383763664,-0.003087611560634772,-0.004773920703704548,-0.11990461984518588
2021-11-10,-0.019163394752611196,-0.012636077396894985,-0.026334994227121156,-0.010371816458027094,-0.020313151342690405,-0.007869100684459784,0.001900030867613367,-0.015330040786277532,-0.03907750048273373,0.043429451929624774,-0.008225823395229703,1.984126984126984e-06,-0.00822780752221383,-0.019165378879595324,-0.012638061523879111,-0.026336978354105284,-0.01037380058501122,-0.020315135469674533,-0.00787108481144391,0.00189804674062924,-0.015332024913261659,-0.03907948460971786,0.043427467802640646
2021-11-12,0.014336675987108194,0.07791865053088798,0.015162029225161966,0.007202123237706637,0.019973564151738454,0.004102402059965371,0.0020388728365887676,0.012904837726295249,0.0,-0.02829310201599211,0.007222656026415475,1.984126984126984e-06,0.007220671899431348,0.014334691860124068,0.07791666640390385,0.01516004509817784,0.00720013911072251,0.019971580024754326,0.004100417932981244,0.002036888709604641,0.012902853599311122,-1.984126984126984e-06,-0.02829508614297624
2021-11-15,6.64469681330715e-05,0.0032439888133730665,0.0058238044631160335,0.05489676527631193,-0.001520009084206686,-0.014770624001523847,0.009055689181724391,-0.0019302528990152723,-0.01201078493218577,-0.01938224449936754,-1.0739820344718431e-05,1.984126984126984e-06,-1.2723947328845416e-05,6.44628411489445e-05,0.0032420046863889398,0.005821820336131906,0.054894781149327804,-0.001521993211190813,-0.014772608128507973,0.009053705054740265,-0.0019322370259993993,-0.012012769059169896,-0.01938422862635167
2021-11-16,0.006666749980213105,-0.0008204885006791729,-0.001404486161877938,-0.031275444680882614,-0.003879947018053387,-0.004465935971085799,-0.0018975811787493857,0.01023583842550102,0.005928520480149357,0.04079376842602822,0.003865229864862485,1.984126984126984e-06,0.003863245737878358,0.0066647658532289775,-0.0008224726276632999,-0.001406470288862065,-0.03127742880786674,-0.0038819311450375136,-0.0044679200980699265,-0.0018995653057335127,0.010233854298516894,0.00592653635316523,0.04079178429904409
2021-11-17,0.0164903909418872,-0.03830174330049285,0.0023441312596286235,0.0036314971405988494,0.0011562677053491566,-0.008971275933903011,0.0009111065704048293,0.0006787469957694192,-0.03118892370231474,0.032501208284666294,-0.002601625374463401,1.984126984126984e-06,-0.002603609501447528,0.016488406814903073,-0.03830372742747698,0.0023421471326444967,0.0036295130136147226,0.0011542835783650296,-0.008973260060887138,0.0009091224434207023,0.0006767628687852922,-0.03119090782929887,0.032499224157682166
2021-11-18,0.02853588910791771,0.026216670205924997,0.04143700734081501,0.0027800057205309425,0.01210108924682074,0.015518944947331414,0.0031261648149261134,0.006339784996154174,0.08249868599513066,0.006767610267700563,0.0033847802152713324,1.984126984126984e-06,0.0033827960882872057,0.028533904980933583,0.02621468607894087,0.041435023213830885,0.0027780215935468157,0.012099105119836613,0.015516960820347288,0.0031241806879419866,0.006337800869170047,0.08249670186814653,0.006765626140716436
2021-11-19,0.016976015037281522,-0.03871190520836765,-0.005273114275827551,-0.05773375189081409,-0.006086608597532517,0.0012733662187902617,-0.006035895601812169,0.005391736056792995,0.04135794412408744,0.03710391800920432,-0.001398665559303236,1.984126984126984e-06,-0.001400649686287363,0.016974030910297394,-0.038713889335351775,-0.005275098402811678,-0.05773573601779822,-0.006088592724516644,0.0012713820918061347,-0.006037879728796296,0.005389751929808868,0.041355959997103314,0.03710193388222019
2021-11-22,0.0029276167697205313,-0.07478873117986218,-0.02828730052206352,-0.019754405687531063,-0.017622995329978686,0.015262353159998243,0.0060725488728454735,-0.009559682893088839,-0.03119625113675928,0.017422122080461122,-0.0031971365563219223,1.984126984126984e-06,-0.003199120683306049,0.0029256326427364045,-0.0747907153068463,-0.028289284649047647,-0.01975638981451519,-0.017624979456962814,0.015260369033014117,0.006070564745861346,-0.009561667020072965,-0.031198235263743407,0.017420137953476994
2021-11-23,0.0024218712710031287,-0.019039187456238782,0.0020909577736383245,-0.003668361296149558,-0.0035543454341959713,0.008142772125789621,0.008560794246055492,-0.0063267269046635155,-0.0065714966570596944,-0.041352932727292124,0.001657132912945114,2.3809523809523808e-06,0.0016547519605641617,0.0024194903186221762,-0.019041568408619734,0.002088576821257372,-0.0036707422485305107,-0.0035567263865769238,0.00814039117340867,0.00855841329367454,-0.006329107857044468,-0.006573877609440647,-0.04135531367967308
2021-11-24,0.0032835573600540346,0.009087311821183164,0.00010331533981333685,0.0070291263155988215,0.0023185972143442424,0.1009627870485783,0.005710925073027617,0.0006814611730681097,0.029231808856139407,0.006284772484400847,0.0022938506357221833,2.3809523809523808e-06,0.002291469683341231,0.003281176407673082,0.009084930868802212,0.00010093438743238447,0.007026745363217869,0.00231621626196329,0.10096040609619736,0.005708544120646665,0.0006790802206871573,0.029229427903758456,0.006282391532019894
2021-11-26,-0.03167858697296244,-0.033520478068576054,-0.021184701669844985,-0.054083566284655826,-0.02694348585341011,-0.024266062077798356,-0.027614603766202395,-0.024355556006422585,-0.03583872847756686,-0.030537595031082,-0.022724822637582465,2.3809523809523808e-06,-0.022727203589963416,-0.031680967925343397,-0.03352285902095701,-0.021187082622225937,-0.05408594723703678,-0.02694586680579106,-0.024268443030179308,-0.027616984718583346,-0.024357936958803537,-0.035841109429947816,-0.03053997598346295
2021-11-29,0.021874088484178156,0.035775918548643926,0.016267432688752415,-0.003564111690870009,0.023543615665538864,0.039039740634600806,0.0011600383950287618,0.021080671051629585,0.05945458992445629,0.050900227900227524,0.013200199537034996,2.3809523809523808e-06,0.013197818584654044,0.021871707531797204,0.03577353759626297,0.016265051736371463,-0.0035664926432509613,0.023541234713157912,0.03903735968221985,0.0011576574426478096,0.021078290099248633,0.059452208972075336,0.05089784694784657
2021-11-30,0.031577333192562396,-0.04187032690057202,-0.015302274022490625,-0.003274528445765257,-0.024963940527882977,-0.01809093295839015,-0.017355140100499655,-0.017942596251134924,-0.020973030607801757,0.006833823403773698,-0.01896131033450521,1.984126984126984e-06,-0.01896329446148934,0.03157534906557827,-0.04187231102755615,-0.015304258149474751,-0.0032765125727493836,-0.024965924654867105,-0.018092917085374277,-0.017357124227483783,-0.01794458037811905,-0.020975014734785885,0.006831839276789571
2021-12-01,-0.003206191056931651,-0.054827818611248524,-0.0180634873037836,-0.04882488432704524,-0.005962067093093659,0.03344684338863213,-0.0017169839214942195,-0.0015426007728653879,-0.037861149538932604,-0.04346763456194869,-0.011815187417889228,2.3809523809523808e-06,-0.01181756837027018,-0.0032085720093126035,-0.05483019956362948,-0.01806586825616455,-0.04882726527942619,-0.005964448045474612,0.033444462436251175,-0.0017193648738751718,-0.0015449817252463402,-0.03786353049131356,-0.04347001551432964
2021-12-02,-0.006130005646681536,0.03998040347838261,-0.0018468889124809706,0.07540253072595804,0.013573166308773033,0.03236429461701107,0.01892056408739662,-0.0017875928173193278,0.02198177789664313,-0.00949773919092467,0.01419443613158311,1.984126984126984e-06,0.014192452004598984,-0.006131989773665663,0.03997841935139848,-0.0018488730394650976,0.07540054659897391,0.013571182181788906,0.03236231049002694,0.01891857996041249,-0.0017895769443034548,0.021979793769659,-0.009499723317908796
2021-12-03,-0.011724456340806655,-0.016804280665981386,-0.013839076006382012,-0.019221263443989445,-0.006746395687409645,-0.0023909982751257886,0.002130059877268664,-0.019666463408172907,-0.0446055222602485,-0.06419876077133224,-0.008448563730297565,2.3809523809523808e-06,-0.008450944682678516,-0.011726837293187607,-0.016806661618362338,-0.013841456958762963,-0.019223644396370396,-0.006748776639790598,-0.002393379227506741,0.0021276789248877116,-0.01966884436055386,-0.04460790321262945,-0.06420114172371319
2021-12-06,0.021502823154062156,0.08455775774222252,0.011086219388703134,0.03723109066014363,0.008123022317104045,-0.016511166733712668,0.025909558474739747,0.009844827137244216,-0.02137303735057916,-0.005872086315763081,0.011730872577451423,2.3809523809523808e-06,0.011728491625070472,0.021500442201681205,0.08455537678984157,0.011083838436322182,0.037228709707762674,0.008120641364723093,-0.01651354768609362,0.025907177522358795,0.009842446184863265,-0.021375418302960112,-0.005874467268144033
2021-12-07,0.035446204028254824,0.01266238987474555,0.027986504263362688,0.014328720022720676,0.028741666641559194,0.01663015084082442,0.016106839929734162,0.026763510368833954,0.07956865735623042,0.04235837141187604,0.020707080374404274,2.3809523809523808e-06,0.020704699422023323,0.03544382307587387,0.012660008922364598,0.027984123310981737,0.014326339070339724,0.028739285689178242,0.01662776988844347,0.01610445897735321,0.026761129416453002,0.07956627640384947,0.042355990459495084
2021-12-08,0.02278328348598424,0.018292050424157713,-3.689871657430732e-05,0.01053487012858434,0.006226675462599696,-0.015553926326199674,-0.0012697564313685072,0.00014954583271764577,-0.01853395371125066,0.016363195584229162,0.0030852853123166657,2.777777777777778e-06,0.003082507534538888,0.02278050570820646,0.018289272646379934,-3.9676494352085097e-05,0.01053209235080656,0.006223897684821918,-0.015556704103977453,-0.001272534209146285,0.00014676805493986798,-0.01853673148902844,0.016360417806451383
2021-12-09,-0.0029700786524793354,-0.026971948260687273,-0.011279643604146683,-0.016443165619937306,-0.003698021488337533,-0.015254455164159353,0.010632631910874046,-0.005582872910639303,-0.041978225264961755,-0.06095644581905246,-0.007181080169894716,2.3809523809523808e-06,-0.007183461122275668,-0.002972459604860288,-0.026974329213068225,-0.011282024556527635,-0.016445546572318257,-0.0037004024407184853,-0.015256836116540304,0.010630250958493095,-0.005585253863020255,-0.04198060621734271,-0.06095882677143342
2021-12-10,0.02801325446803138,-0.0057313375203484895,-0.011247564604614624,-0.01204471010505892,0.0024586741376695365,0.0077452842067828875,0.010025291177385043,0.028339791252803392,-0.009577072623086935,0.013179927022311633,0.009549073338481762,2.3809523809523808e-06,0.00954669238610081,0.028010873515650427,-0.005733718472729442,-0.011249945556995575,-0.012047091057439872,0.002456293185288584,0.007742903254401935,0.010022910225004091,0.02833741030042244,-0.009579453575467887,0.013177546069930681
2021-12-13,-0.02067415710775078,-0.05198982916532935,-0.015356076499860039,-0.03735493881453189,-0.01469567180429554,-0.031567513059443275,-0.007095286184778726,-0.009166770678676328,-0.06745483714884437,-0.04977243020772959,-0.009136167611567658,1.984126984126984e-06,-0.009138151738551785,-0.020676141234734907,-0.05199181329231348,-0.015358060626844165,-0.03735692294151602,-0.014697655931279667,-0.0315694971864274,-0.0070972703117628535,-0.009168754805660454,-0.0674568212758285,-0.04977441433471372
2021-12-14,-0.008023352816235674,-0.01800740583001026,-0.0028071293797337082,-0.00962509602447481,-0.013162944237880558,0.009070595295583628,-0.0021665234284832247,-0.03258701058954405,0.006249827398869812,-0.008174578197676308,-0.0074706775774360246,1.984126984126984e-06,-0.007472661704420152,-0.0080253369432198,-0.018009389956994387,-0.002809113506717835,-0.009627080151458937,-0.013164928364864685,0.009068611168599501,-0.0021685075554673514,-0.03258899471652818,0.006247843271885684,-0.008176562324660434
2021-12-15,0.028509184596244408,0.0010716400844630325,0.024977573145925636,-0.00035809373001916,0.017608608343737675,0.0185391795758294,0.007618584595066036,0.019217877008564477,0.07488457020856853,0.018236618133556703,0.016348464630746795,2.3809523809523808e-06,0.016346083678365844,0.028506803643863456,0.0010692591320820802,0.024975192193544684,-0.0003604746824001124,0.017606227391356723,0.01853679862344845,0.007616203642685083,0.019215496056183525,0.07488218925618759,0.018234237181175752
2021-12-16,-0.03926396820053235,-0.06994168282101199,-0.025641174633125208,-0.023742514268760173,-0.013629973402954465,0.012134952184899461,0.0038937029597905237,-0.029134890592170004,-0.06802590948133092,-0.050277132790258694,-0.008743415379980468,1.984126984126984e-06,-0.008745399506964594,-0.03926595232751648,-0.06994366694799611,-0.025643158760109336,-0.0237444983957443,-0.013631957529938591,0.012132968057915335,0.003891718832806397,-0.029136874719154132,-0.06802789360831504,-0.05027911691724282
2021-12-17,-0.006501797046754798,0.009783851717126035,0.00678920370502567,0.00964417244839555,-0.018830837062001615,-0.003542575792535918,-0.014497996913349964,-0.003385611872462446,-0.020643257348825106,0.006095449446181567,-0.010287680637092622,1.984126984126984e-06,-0.010289664764076749,-0.006503781173738925,0.009781867590141909,0.006787219578041543,0.009642188321411423,-0.018832821188985743,-0.003544559919520045,-0.01449998104033409,-0.003387595999446573,-0.020645241475809234,0.0060934653191974395
2021-12-20,-0.008121810638285876,-0.0043063005433485735,-0.017283556389377508,-0.021543939417943414,-0.0008326685172826975,-0.012031709931934031,0.00011446515812818525,-0.012013602176050187,-0.002949649462996251,-0.03498927121736173,-0.01138805785140995,2.777777777777778e-06,-0.011390835629187728,-0.008124588416063654,-0.004309078321126351,-0.017286334167155287,-0.021546717195721193,-0.0008354462950604753,-0.01203448770971181,0.00011168738035040748,-0.012016379953827965,-0.002952427240774029,-0.0349920489951395
2021-12-21,0.01908704879905665,0.0536157741120753,0.019978649621920752,0.05857390065352597,0.013174001311232253,0.02463320186610196,0.01016330360880291,0.0230691499045792,0.048919757533440134,0.04288056302579579,0.017777934551572505,2.777777777777778e-06,0.017775156773794727,0.01908427102127887,0.05361299633429752,0.019975871844142973,0.05857112287574819,0.013171223533454474,0.024630424088324183,0.01016052583102513,0.02306637212680142,0.04891697975566236,0.04287778524801802
2021-12-22,0.015318502068901285,0.021912287479042947,0.0036381058820253998,0.010876093236155127,0.0205089421435678,0.00702329260850143,0.0020801000707595385,0.018057306556912733,0.011177845038760292,0.07494705523716627,0.010180197220578835,3.1746031746031746e-06,0.010177022617404231,0.015315327465726681,0.021909112875868345,0.0036349312788507967,0.010872918632980523,0.020505767540393197,0.007020118005326827,0.0020769254675849355,0.01805413195373813,0.011174670435585688,0.07494388063399167
2021-12-23,0.003643929616687025,0.01193221308153003,0.0001841364158221559,0.012543996968971571,0.0034251424985949352,0.00992495128027282,0.003812239682608798,0.0044717162967828905,0.008163287378559536,0.05761886305530961,0.006223699921661829,3.1746031746031746e-06,0.006220525318487226,0.003640755013512422,0.011929038478355426,0.00018096181264755273,0.012540822365796967,0.003421967895420332,0.009921776677098216,0.003809065079434195,0.0044685416936082875,0.008160112775384932,0.05761568845213501
2021-12-27,0.022974757993237116,0.0021597987418155995,-0.008178022851368039,-0.005141528966220443,0.006738514517651284,0.011952379309104755,0.008610465144232693,0.023185671818890752,0.04402834910768272,0.02524839149906688,0.01383893524747526,2.3809523809523808e-06,0.013836554295094308,0.022972377040856164,0.002157417789434647,-0.00818040380374899,-0.005143909918601396,0.0067361335652703315,0.011949998356723803,0.008608084191851741,0.0231832908665098,0.04402596815530176,0.02524601054668593
2021-12-28,-0.005767133584312245,-0.01147475562650091,0.005843719029521299,0.014569113257587363,-0.008244885793136758,-0.003937009055853258,-0.0013419995717347533,-0.0035043415686147883,-0.020132500786292917,-0.00500027534279357,-0.0010101548486260992,2.3809523809523808e-06,-0.0010125358010070514,-0.005769514536693198,-0.011477136578881861,0.005841338077140347,0.014566732305206411,-0.00824726674551771,-0.00393939000823421,-0.0013443805241157055,-0.003506722520995741,-0.02013488173867387,-0.005002656295174522
2021-12-29,0.0005020349755098241,-0.013375783293015808,-0.0085549217086347,-0.011982734983717602,-0.0002182162241347596,0.0007904417426534138,0.00227696762850349,0.00205145777113791,-0.010586313662357294,-0.0020947102761840197,0.0014018951394270118,1.984126984126984e-06,0.0013999110124428848,0.0005000508485256971,-0.013377767419999935,-0.008556905835618826,-0.011984719110701729,-0.00022020035111888658,0.0007884576156692868,0.0022749835015193633,0.0020494736441537833,-0.01058829778934142,-0.0020966944031681465
2021-12-30,-0.006578304544524349,0.008002844710657042,-0.0032890070546229833,-0.004664622071883562,-0.0030990736180447342,-0.006055949597674304,-0.004767111502669508,-0.007691233111816409,-0.013832877902882235,-0.014592268383646134,-0.0029897555945093135,1.984126984126984e-06,-0.0029917397214934403,-0.0065802886715084765,0.008000860583672916,-0.00329099118160711,-0.004666606198867689,-0.003101057745028861,-0.006057933724658431,-0.004769095629653635,-0.007693217238800536,-0.013834862029866361,-0.01459425251063026
2021-12-31,-0.003535214649365681,-0.013567918608219043,-0.011429400216389607,-0.006857083240150441,-0.009223500545037955,-0.0021191538533086307,0.0032184361866003375,-0.00884105942300184,-0.005915268013487851,-0.012668840823859995,-0.0026261799136575448,2.3809523809523808e-06,-0.0026285608660384973,-0.0035375956017466336,-0.013570299560599994,-0.011431781168770559,-0.006859464192531394,-0.009225881497418906,-0.002121534805689583,0.003216055234219385,-0.008843440375382792,-0.0059176489658688035,-0.012671221776240946
2022-01-03,0.02500390818024134,0.03717933196219003,0.022118320898886212,0.03248556054143403,0.0009629351326272406,0.009291116175112357,0.0019024667322722344,-0.004668434242243724,0.024140864095494985,0.1353166841897706,0.006374052530970564,3.5714285714285714e-06,0.006370481102399136,0.025000336751669912,0.0371757605336186,0.022114749470314783,0.032481989112862604,0.0009593637040558121,0.009287544746540928,0.0018988953037008059,-0.0046720056708151525,0.024137292666923556,0.13531311276119917
2022-01-04,-0.012691428597421783,-0.010887130552253654,-0.016915587005979504,0.027759089076869525,-0.004083039365547991,0.031036582471393404,-0.00026064572089057325,-0.01714696246398484,-0.027588672151311,-0.041832696836128,-0.000629621957060511,3.1746031746031746e-06,-0.0006327965602351142,-0.012694603200596387,-0.010890305155428258,-0.016918761609154107,0.027755914473694923,-0.004086213968722594,0.0310334078682188,-0.00026382032406517645,-0.01715013706715944,-0.027591846754485602,-0.041835871439302605
2022-01-05,-0.02659991268770101,-0.050058564982384035,-0.018893091563845,-0.002621343190536085,-0.04587630427630662,-0.008418649731957273,-0.0049160338148047655,-0.03838786758197599,-0.057562373920323706,-0.05347121367683638,-0.019392757790687165,3.5714285714285714e-06,-0.019396329219258594,-0.02660348411627244,-0.050062136410955464,-0.01889666299241643,-0.002624914619107514,-0.04587987570487805,-0.008422221160528702,-0.004919605243376194,-0.03839143901054742,-0.057565945348895135,-0.05347478510540781
2022-01-06,-0.016693307932518442,-0.015408320493066285,-0.006710981961323137,-0.008119448664098528,-0.0001995726350475513,-0.004888389386684455,0.00935670163744673,-0.007901920478178281,0.020794207433009637,-0.02152337383085412,-0.0009637690162076495,3.968253968253968e-06,-0.0009677372701759035,-0.016697276186486695,-0.01541228874703454,-0.0067149502152913905,-0.008123416918066782,-0.00020354088901580527,-0.004892357640652709,0.009352733383478475,-0.007905888732146536,0.020790239179041384,-0.021527342084822373
2022-01-07,0.0009884096413488308,0.039436638821645165,-0.004287778294336242,0.019683939311981202,-0.0053032057539385,-0.0007751695017992333,-0.009752191924664477,0.0005096538449287369,-0.03304001711985616,-0.035446567451716815,-0.004050216740091761,3.968253968253968e-06,-0.004054184994060015,0.0009844413873805768,0.03943267056767691,-0.0042917465483044955,0.01967997105801295,-0.005307174007906754,-0.0007791377557674873,-0.009756160178632732,0.0005056855909604829,-0.033043985373824414,-0.03545053570568507
2022-01-10,0.00011613664201792773,-0.032158965611257195,-0.006570176170610398,-0.02872390924086443,0.012060726006711153,0.008020717840161229,-0.009922608024105162,0.0007322542059136072,0.005615151234796167,0.03034195341380186,-0.0014410312534549607,5.158730158730158e-06,-0.001446189983613691,0.00011097791185919757,-0.032164124341415926,-0.006575334900769128,-0.02872906797102316,0.012055567276552423,0.008015559110002499,-0.009927766754263892,0.0007270954757548771,0.005609992504637437,0.03033679468364313
2022-01-11,0.016783787755901836,0.04915682637329333,0.024002125643924677,0.03205774588950927,0.007690690135937039,0.005903618461571725,-0.008660743630033885,0.0022596918602009186,0.015219119584369611,0.005935024657598653,0.009159984668711818,4.7619047619047615e-06,0.009155222763949913,0.016779025851139932,0.049152064468531424,0.023997363739162773,0.03205298398474737,0.0076859282311751344,0.00589885655680982,-0.00866550553479579,0.002254929955439014,0.015214357679607706,0.005930262752836748
2022-01-12,0.0025699995645882545,0.005515643629765643,-0.0009373300985386912,0.00661972339366157,0.012126442001998416,-0.005103305247274537,-0.004578099674632075,0.010444869284957914,0.006542651113742082,0.039289748931841784,0.002817754443029452,4.7619047619047615e-06,0.0028129925382675476,0.00256523765982635,0.005510881725003738,-0.000942092003300596,0.006614961488899665,0.012121680097236512,-0.005108067152036442,-0.0045828615793939795,0.010440107380196009,0.006537889208980177,0.03928498702707988
2022-01-13,-0.01902784012371017,-0.020879989538269972,-0.024169655027437842,0.029661977644347637,-0.020104951085997635,-0.007437908116355696,0.0018779529241506054,-0.04232253782046269,-0.050858817781050614,-0.06749107331435766,-0.0142436152864307,4.7619047619047615e-06,-0.014248377191192605,-0.019032602028472075,-0.020884751443031875,-0.024174416932199745,0.029657215739585734,-0.02010971299075954,-0.007442670021117601,0.0018731910193887007,-0.042327299725224594,-0.05086357968581252,-0.06749583521911957
2022-01-14,0.005110598233839303,-0.012108400643589978,0.005731487003565627,0.00920059345037405,0.006447050004735111,-0.0072353495873950235,-0.014154054899098267,0.017716665805823872,0.01381001679958982,0.017497758575059086,0.0008199802697488323,5.158730158730158e-06,0.0008148215395901022,0.005105439503680573,-0.012113559373748709,0.005726328273406897,0.00919543472021532,0.006441891274576381,-0.007240508317553754,-0.014159213629256998,0.017711507075665142,0.013804858069431089,0.017492599844900356
2022-01-18,-0.018894202090004808,-0.05671079175703475,-0.019862738846190164,-0.004204337842113048,-0.024967445554754164,-0.0205621632048697,-0.004772877643978712,-0.024339297819274797,-0.03856461649494336,-0.01819724123253097,-0.018387945694007368,6.746031746031746e-06,-0.0183946917257534,-0.01890094812175084,-0.05671753778878078,-0.019869484877936196,-0.00421108387385908,-0.024974191586500195,-0.02056890923661573,-0.004779623675724744,-0.024346043851020828,-0.03857136252668939,-0.018203987264277
2022-01-19,-0.02102461668504485,-0.0007111035530122933,-0.016477101806013472,-0.035242846404053174,-0.006482001142856464,-0.027371759615202218,-0.004912695033075676,0.002246715189757831,-0.03227410441530654,-0.0338278969185718,-0.009689541868338813,6.746031746031746e-06,-0.009696287900084845,-0.02103136271679088,-0.0007178495847583251,-0.016483847837759504,-0.035249592435799205,-0.006488747174602495,-0.02737850564694825,-0.004919441064821707,0.002239969158011799,-0.03228085044705257,-0.03383464295031783
2022-01-20,-0.010347187628068855,0.022124454188344078,-0.02963230963415675,-0.013313061384151004,-0.013388432823612129,-0.013387739010743194,-0.008188745568509792,-0.005703237642121883,-0.0365819327332958,0.0006227038828787723,-0.01103737849414832,7.142857142857143e-06,-0.011044521351291177,-0.010354330485211711,0.02211731133120122,-0.02963945249129961,-0.01332020424129386,-0.013395575680754985,-0.01339488186788605,-0.008195888425652649,-0.005710380499264741,-0.036589075590438655,0.0006155610257359152
2022-01-21,-0.012764902419889479,-0.008038001724436361,-0.05950180896147472,-0.040851579906927005,-0.02217413962646564,-0.034616543115639664,0.0057677018395920765,-0.018468301934725928,-0.032132430870522866,-0.05256606712507206,-0.018914821867908604,6.746031746031746e-06,-0.018921567899654636,-0.01277164845163551,-0.008044747756182392,-0.059508554993220754,-0.040858325938673036,-0.02218088565821167,-0.034623289147385695,0.005760955807846045,-0.01847504796647196,-0.0321391769022689,-0.05257281315681809
2022-01-24,-0.004864325869147312,-0.0563389400354789,0.01332698348311534,-0.006035852211974779,0.0034714405592024544,0.02180132005175639,-0.0038493577249432143,0.0011485325331059837,-8.563845558384742e-05,-0.014726129872195681,0.002771738943381896,7.936507936507936e-06,0.002763802435445388,-0.00487226237708382,-0.05634687654341541,0.013319046975178833,-0.006043788719911287,0.0034635040512659464,0.02179338354381988,-0.0038572942328797223,0.0011405960251694757,-9.357496352035535e-05,-0.014734066380132188
2022-01-25,-0.01138472899071541,-0.022582802405173186,-0.031533745543573244,-0.0004896711372230911,-0.029578691523321488,-0.017967576126183604,-0.011553303027736161,-0.026588140847833786,-0.0448399558838124,-0.012473124842489969,-0.012171906253646725,7.936507936507936e-06,-0.012179842761583232,-0.011392665498651916,-0.022590738913109695,-0.03154168205150975,-0.000497607645159599,-0.029586628031257996,-0.017975512634120113,-0.011561239535672669,-0.026596077355770294,-0.044847892391748904,-0.012481061350426476
2022-01-26,-0.0005633361073220655,-0.01674044140713571,-0.007954330670553511,-0.0481626728911958,0.018103673250307706,0.007147185648109566,-0.0033108932202419172,0.028492929797916844,0.020068119028280096,0.02069905258271132,-0.0014966358477518371,7.5396825396825394e-06,-0.0015041755302915196,-0.000570875789861748,-0.01674798108967539,-0.007961870353093193,-0.04817021257373549,0.018096133567768024,0.007139645965569884,-0.0033184329027816,0.028485390115377162,0.020060579345740414,0.020691512900171637
2022-01-27,-0.002943089764922635,-0.026241703556744933,0.005508645722495764,-0.02326660921941237,-0.0017640928670932254,-0.0005677977821799685,-0.004442563503260222,0.010548979536821879,-0.03636046744221544,-0.11554175561970448,-0.00538408875771057,7.936507936507936e-06,-0.005392025265647078,-0.002951026272859143,-0.026249640064681442,0.005500709214559256,-0.02327454572734888,-0.0017720293750297334,-0.0005757342901164764,-0.00445050001119673,0.010541043028885371,-0.036368403950151944,-0.11554969212764099
2022-01-28,0.06977745605986518,0.03150061769375667,0.031084056738273746,0.004321514225131828,0.03368852272077327,0.030957070045115165,0.029548789135856568,0.02808180743349986,0.04083135662712922,0.020805692766870276,0.024347646888076113,7.5396825396825394e-06,0.02434010720553643,0.0697699163773255,0.031493078011216986,0.031076517055734065,0.004313974542592146,0.03368098303823359,0.030949530362575483,0.029541249453316886,0.02807426775096018,0.04082381694458954,0.020798153084330594
2022-01-31,0.026125784148167464,0.0784478294675135,0.03886361030218932,0.05074249775566031,0.01464182101822642,0.011845766152345005,0.013120381342955678,0.008823824377301337,0.07206646736030553,0.10677611383930952,0.018885951732779516,9.523809523809523e-06,0.018876427923255706,0.026116260338643654,0.07843830565798969,0.038854086492665516,0.0507329739461365,0.01463229720870261,0.011836242342821195,0.013110857533431868,0.008814300567777527,0.07205694355078172,0.10676659002978571
2022-02-01,-0.0009723308026873267,0.019289479750317584,0.010830762802234384,0.040451411418898964,0.017297898782148824,0.019874863676288657,-0.0017729382594293686,-0.007138921087492034,0.006207470320899411,-0.0058395266373975074,0.00686300355780145,7.936507936507936e-06,0.006855067049864942,-0.0009802673106238348,0.019281543242381075,0.010822826294297877,0.04044347491096246,0.017289962274212315,0.019866927168352148,-0.0017808747673658766,-0.007146857595428542,0.006199533812962903,-0.0058474631453340154
2022-02-02,0.007043935693389569,-0.03300629446915093,-0.0038427158906232384,-0.003935836036494167,0.07523764194195204,0.018686525685027044,0.012703038754774632,0.015222321617096801,0.024515144411959344,-0.027479191598914543,0.00942251544733641,7.936507936507936e-06,0.009414578939399903,0.007035999185453061,-0.03301423097708744,-0.0038506523985597464,-0.003943772544430675,0.07522970543401553,0.018678589177090536,0.012695102246838124,0.015214385109160294,0.024507207904022835,-0.027487128106851052
2022-02-03,-0.01671968078703423,-0.014430596085179381,-0.0781276325178123,-0.005445281705607763,-0.033175508365458795,-0.011530448086818468,-0.006252736669235648,-0.038952461022781604,-0.05126396900450514,-0.016032495024878912,-0.024391082077444004,8.333333333333332e-06,-0.024399415410777336,-0.016728014120367563,-0.014438929418512715,-0.07813596585114563,-0.005453615038941096,-0.03318384169879213,-0.011538781420151802,-0.006261070002568981,-0.038960794356114936,-0.05127230233783847,-0.016040828358212245
2022-02-04,-0.0016794011617574656,0.04004807074315808,0.13535901735711864,0.00029069993105856895,0.0014186437214842584,-0.0031815319782350082,-0.0022254167038975314,0.015568406130134882,0.015492015032972706,0.03611110968421327,0.0051569298644233985,9.126984126984127e-06,0.005147802880296415,-0.0016885281458844496,0.040038943759031095,0.13534989037299167,0.0002815729469315848,0.0014095167373572744,-0.0031906589623619925,-0.0022345436880245157,0.015559279146007897,0.015482888048845721,0.036101982700086285
2022-02-07,-0.004234435447371454,0.01510675070967693,0.0018777353189827206,0.02649552580073178,-0.028556925295721514,-0.002925286711253139,-0.0008074237354649405,-0.016310148028194527,0.01681808024558662,-0.01730718642133755,-0.0037017126347429485,1.1111111111111112e-05,-0.0037128237458540596,-0.004245546558482565,0.01509563959856582,0.0018666242078716096,0.026484414689620667,-0.028568036406832625,-0.00293639782236425,-0.0008185348465760517,-0.016321259139305638,0.01680696913447551,-0.01731829753244866
2022-02-08,0.018466390629194862,0.027547278474101766,0.022021627828944013,0.006370357281899164,0.0014225347655103526,0.01360361008980071,0.0008851045692981341,0.01199521815455995,0.015367192075183,0.0161571905234128,0.008401207191663262,1.0714285714285714e-05,0.008390492905948977,0.018455676343480578,0.027536564188387482,0.02201091354322973,0.006359642996184878,0.0014118204797960669,0.013592895804086425,0.0008743902835838484,0.011984503868845664,0.015356477789468715,0.016146476237698517
2022-02-09,0.008294011522539169,0.04480466238493963,-0.0013877341505965646,0.012144212903854257,0.015731847615254813,0.010526241020508698,-0.0008458417239570748,0.02183466504367182,0.06360528544290767,0.010845920427172029,0.014517207887505545,1.0714285714285714e-05,0.01450649360179126,0.008283297236824883,0.04479394809922534,-0.0013984484363108503,0.012133498618139971,0.01572113332954053,0.010515526734794412,-0.0008565560096713605,0.021823950757957535,0.06359457115719339,0.010835206141457743
2022-02-10,-0.02359894432948817,0.014274748931578651,-0.013561706274733853,0.013388304370781201,-0.020990094873675313,-0.007551833673805963,-0.011506244306746294,-0.02837293393750484,-0.03299011384709116,-0.029452771017468238,-0.01811572566845976,1.6269841269840872e-05,-0.0181319955097296,-0.02361521417075801,0.01425847909030881,-0.013577976116003695,0.01337203452951136,-0.021006364714945155,-0.0075681035150758046,-0.011522514148016135,-0.028389203778774682,-0.033006383688361,-0.02946904085873808
2022-02-11,-0.020218292843872776,-0.03152078083826171,-0.03591110674363196,-0.029485700334821452,-0.03129058798742257,-0.020467064049645045,-0.006657020888073184,-0.02427407547675242,-0.07260703379225897,-0.04925102969626416,-0.01896945434456343,1.4682539682539683e-05,-0.01898413688424597,-0.020232975383555316,-0.031535463377944245,-0.035925789283314497,-0.029500382874503992,-0.031305270527105106,-0.020481746589327585,-0.006671703427755723,-0.02428875801643496,-0.0726217163319415,-0.049265712235946696
2022-02-14,0.0014230363703191529,0.0187954416967282,0.012221683270054351,-0.010645359082138262,0.009260345849127827,-0.02196649136701545,-0.006936832773265733,-0.00013576469031506555,0.013278316681782254,0.01832566437213501,-0.0038405967262932217,1.7857142857142855e-05,-0.0038584538691503645,0.00140517922746201,0.018777584553871057,0.012203826127197209,-0.010663216224995404,0.009242488706270684,-0.021984348509872593,-0.006954689916122876,-0.00015362183317220842,0.013260459538925112,0.018307807229277866
2022-02-15,0.023152683829510412,0.061358030398500185,0.008658352201907249,0.0366120866845121,0.00798773736771441,0.023555137402357484,0.001657624172945793,0.018542358471107745,0.0918120497893502,0.053290764282768466,0.01576672117072042,1.6269841269840872e-05,0.01575045132945058,0.02313641398824057,0.06134176055723035,0.008642082360637408,0.036595816843242264,0.007971467526444568,0.023538867561087643,0.0016413543316759521,0.018526088629837904,0.09179577994808036,0.05327449444149863
2022-02-16,-0.0013892195802129859,0.036485765525628766,0.010159039538768955,0.005511399310106357,0.008268018945494893,0.013914905757470564,-0.0028369292647192346,-0.0011671598055050803,0.0006038264901111479,0.0010407532409399955,0.0008812077558950637,1.5476190476190476e-05,0.0008657315654188733,-0.0014046957706891764,0.036470289335152575,0.010143563348292764,0.005495923119630167,0.008252542755018702,0.013899429566994373,-0.002852405455195425,-0.0011826359959812708,0.0005883502996349574,0.001025277050463805
2022-02-17,-0.021269095001517635,-0.016288005229716296,-0.021808901106176726,-0.02443699366787766,-0.03774568002190182,-0.038796492761894674,-0.008534529437497995,-0.029282151665677603,-0.07559114286416191,-0.05094269900666093,-0.021173138152195015,1.4682539682539683e-05,-0.021187820691877555,-0.021283777541200175,-0.016302687769398836,-0.021823583645859266,-0.0244516762075602,-0.037760362561584354,-0.03881117530157721,-0.008549211977180535,-0.029296834205360143,-0.07560582540384445,-0.050957381546343467
2022-02-18,-0.009355764701404534,-0.04738568582686242,-0.013261957754408193,-0.02130350694236316,-0.016115848525621423,-0.006040318322445448,-0.0013148573856706092,-0.00963083540780485,-0.03529606341998581,-0.022103035296720752,-0.0071661613961429005,1.3888888888888491e-05,-0.007180050285031789,-0.009369653590293422,-0.04739957471575131,-0.013275846643297081,-0.02131739583125205,-0.016129737414510313,-0.006054207211334337,-0.0013287462745594978,-0.009644724296693738,-0.0353099523088747,-0.022116924185609642
2022-02-22,-0.017812557409550567,-0.055231496514731915,-0.015753494788264932,-0.04922735179746818,-0.004520681913031677,-0.0279008092548374,0.008379781086544913,-0.000729463287293397,-0.010659134240970869,-0.04136624223452856,-0.010142945264832837,1.5476190476190476e-05,-0.010158421455309027,-0.017828033600026758,-0.055246972705208106,-0.015768970978741123,-0.04924282798794437,-0.004536158103507867,-0.02791628544531359,0.008364304896068722,-0.0007449394777695875,-0.01067461043144706,-0.04138171842500475
2022-02-23,-0.025863862286003902,-0.09198748306541338,-0.03575624663287669,-0.011673579853546778,-0.017143932902564996,-0.01847118857164487,-0.01943007462336621,-0.025893108183592806,-0.042881583724195926,-0.06997917599526948,-0.018412122845487655,1.4285714285714285e-05,-0.01842640855977337,-0.025878148000289616,-0.0920017687796991,-0.035770532347162404,-0.011687865567832493,-0.01715821861685071,-0.018485474285930583,-0.019444360337651925,-0.02590739389787852,-0.04289586943848164,-0.0699934617095552
2022-02-24,0.016680164105727036,0.0547854011498603,0.04509522427819257,0.01023314594019653,0.039995880615355306,-0.00028940477847672064,-0.011138536114872366,0.05109358053101287,0.06079440454227081,0.04807345500262783,0.014956856067329216,1.3095238095238094e-05,0.014943760829233979,0.016667068867631796,0.054772305911765067,0.045082129040097334,0.010220050702101293,0.03998278537726007,-0.00030250001657195874,-0.011151631352967603,0.051080485292917636,0.06078130930417557,0.048060359764532594
2022-02-25,0.012965735474530948,-0.02003031896230978,0.01605793012842116,0.015370675625338892,0.013327965370136363,-0.002316703397045594,0.018038473987975978,0.009233044044475891,0.01722253545211183,0.011364031324829549,0.022372677655603468,1.3095238095238094e-05,0.02235958241750823,0.012952640236435711,-0.020043414200405018,0.01604483489032592,0.015357580387243655,0.013314870132041126,-0.0023297986351408324,0.01802537874988074,0.009219948806380654,0.017209440214016592,0.011350936086734311
2022-02-28,0.0016372721115964772,-0.023212269841591526,-0.0014662630028149382,0.019158232540224418,0.004443756561554935,-0.0026123765455543513,-0.013302723731898114,0.004978170498104673,0.009438175340549693,0.07477746853358713,-0.002442603440647617,1.4682539682539683e-05,-0.002457285980330157,0.0016225895719139375,-0.023226952381274067,-0.001480945542497478,0.019143550000541878,0.004429074021872395,-0.002627059085236891,-0.013317406271580654,0.004963487958422133,0.009423492800867152,0.0747627859939046
2022-03-01,-0.0116275510088385,-0.003168598382219945,-0.015765550251120253,-0.05079377063306545,-0.007371061736505702,-0.00844036377212265,-0.020999196135075504,-0.012851863124207163,-0.03723616891630721,-0.006962143345558558,-0.015473503680411893,1.2698412698412699e-05,-0.015486202093110305,-0.011640249421536911,-0.0031812967949183574,-0.015778248663818665,-0.050806469045763865,-0.007383760149204115,-0.008453062184821062,-0.021011894547773916,-0.012864561536905576,-0.037248867329005626,-0.006974841758256971
2022-03-02,0.02058821898641705,0.04317597847582055,0.0060241839623909055,0.014878630352455957,0.0038043037385335765,0.06574701095781266,0.00546664449688139,0.017765489524450118,0.031823975902543156,0.01795529711451649,0.018642691757321028,1.3095238095238094e-05,0.01862959651922579,0.02057512374832181,0.04316288323772532,0.006011088724295667,0.01486553511436072,0.0037912085004383382,0.06573391571971741,0.005453549258786152,0.01775239428635488,0.03181088066444792,0.01794220187642125
2022-03-03,-0.0019812740007713048,-0.037072280728400187,-0.027319556126581324,-0.045295948464000535,-0.004993734652129822,0.00853774044011657,-0.01780500375353289,-0.014224192871728047,-0.02089176787500968,-0.04614210448825773,-0.005254666430088317,1.4682539682539683e-05,-0.005269348969770857,-0.0019959565404538446,-0.03708696326808272,-0.027334238666263864,-0.04531063100368307,-0.005008417191812361,0.00852305790043403,-0.01781968629321543,-0.014238875411410588,-0.02090645041469222,-0.046156787027940266
2022-03-04,-0.018408310915439374,-0.059265642748187464,-0.0152637929917393,-0.04241466511382774,-0.014884174567999287,-0.007373160606026108,-0.0035497527080602387,-0.020478893383642505,-0.032807761545525005,-0.0011915196265851469,-0.007934042550334475,1.3095238095238094e-05,-0.007947137788429712,-0.018421406153534613,-0.0592787379862827,-0.015276888229834537,-0.04242776035192298,-0.014897269806094524,-0.007386255844121346,-0.003562847946155477,-0.020491988621737744,-0.03282085678362024,-0.001204614864680385
2022-03-07,-0.023717547259833216,-0.07785564714749926,-0.05622045424233624,-0.0645321743268592,-0.041908458813005534,-0.018982342601037594,-0.04868318669639138,-0.03777625010476804,-0.06906194988210435,-0.04021280504200253,-0.029518158313449172,1.5079365079365079e-05,-0.029533237678528536,-0.02373262662491258,-0.07787072651257863,-0.0562355336074156,-0.06454725369193857,-0.0419235381780849,-0.018997421966116958,-0.04869826606147074,-0.0377913294698474,-0.06907702924718372,-0.040227884407081894
2022-03-08,-0.011675985072790884,0.08009733899420235,-0.010465446730283379,0.027368947998619886,0.00574462913955065,0.006213120820568241,-0.006865111354748432,-0.010971241077711191,0.007587296424797385,0.02463394210323222,-0.00723375351819977,1.4285714285714285e-05,-0.007248039232485484,-0.0116902707870766,0.08008305327991663,-0.010479732444569094,0.027354662284334173,0.005730343425264936,0.006198835106282527,-0.006879397069034146,-0.010985526791996906,0.007573010710511671,0.024619656388946507
2022-03-09,0.03499743395290067,0.04348126689277687,0.024001199930983708,0.027387769984206445,0.049687371328692276,0.011787690126682016,-0.0014360592889292034,0.04585784905020396,0.06972217385436719,0.04193357517885765,0.02569824789143582,1.5079365079365079e-05,0.025683168526356458,0.034982354587821306,0.04346618752769751,0.023986120565904344,0.02737269061912708,0.04967229196361291,0.01177261076160265,-0.0014511386540085685,0.045842769685124594,0.06970709448928782,0.04191849581377829
2022-03-10,-0.027186375312722277,0.02353182894352912,0.05412515560997311,-0.0009520506903542003,-0.007423748119961715,0.0027743061147389447,-0.002112831271640414,-0.010086362468090693,-0.015468723604156631,-0.024063755330148706,-0.004291813651667864,1.5079365079365079e-05,-0.0043068930167472295,-0.02720145467780164,0.023516749578449757,0.054110076244893744,-0.0009671300554335654,-0.0074388274850410805,0.0027592267496595797,-0.002127910636719779,-0.010101441833170058,-0.015483802969235997,-0.02407883469522807
2022-03-11,-0.023908678801096817,-0.04387354102910379,-0.008806846762653975,-0.012108322604964972,-0.019323508539456302,0.0038724786351422846,0.0219369363486539,-0.019328621163505977,-0.024627137100806218,-0.0512345859010529,-0.012961545123475138,1.5476190476190476e-05,-0.012977021313951329,-0.023924154991573007,-0.04388901721957998,-0.008822322953130166,-0.012123798795441162,-0.019338984729932493,0.0038570024446660943,0.02192146015817771,-0.019344097353982168,-0.02464261329128241,-0.05125006209152909
2022-03-14,-0.02656242737096215,-0.04574892805271713,-0.025229488143872714,-0.004028777576411069,-0.030180108639969894,-0.060347236218018074,-0.003041231200159311,-0.01296095405433284,-0.03484161519560969,-0.036436802368687404,-0.007421002465963666,1.7857142857142855e-05,-0.00743885960882081,-0.026580284513819292,-0.045766785195574276,-0.025247345286729856,-0.004046634719268212,-0.030197965782827036,-0.06036509336087522,-0.003059088343016454,-0.012978811197189983,-0.03485947233846683,-0.03645465951154455
2022-03-15,0.02967758775793672,0.03935015847106271,0.038867730338306705,0.024897419159151335,0.02577985657589399,0.022287638770277507,0.028251723697722442,0.038742392718917884,0.07702766670940608,0.046348355546253384,0.021408574170870942,1.8253968253968254e-05,0.021390320202616973,0.02965933378968275,0.03933190450280875,0.03884947637005274,0.024879165190897366,0.02576160260764002,0.022269384802023538,0.028233469729468472,0.03872413875066392,0.07700941274115211,0.04633010157799942
2022-03-16,0.029015257369398917,0.08197293019742502,0.038933563723705156,0.050586503609934885,0.03159869273923266,0.027251820041528818,0.02394985591185672,0.025213504473716064,0.066295222499269,0.047812040425278646,0.02238376135718223,1.7063492063492063e-05,0.02236669786511874,0.028998193877335425,0.08195586670536152,0.038916500231641664,0.05056944011787139,0.03158162924716917,0.027234756549465326,0.02393279241979323,0.025196440981652572,0.0662781590072055,0.047794976933215154
2022-03-17,0.00645416789028741,0.011557001937449796,0.027007748989816838,0.0063495259715495855,0.004190544126979834,-0.03686148244118348,-0.002813433797516529,0.002819286965604517,0.011022185805978468,0.037335010469022656,0.01234781757145198,1.5873015873015872e-05,0.012331944555578964,0.006438294874414394,0.01154112892157678,0.026991875973943823,0.0063336529556765695,0.004174671111106818,-0.0368773554570565,-0.002829306813389545,0.002803413949731501,0.011006312790105452,0.03731913745314964
2022-03-18,0.02091882401793055,0.05998093789396952,0.025512151358369817,0.013880852598767701,0.01708388985791154,0.07538431659915412,0.006105903246576894,0.0176479607038198,0.06811733612303672,0.03876779427650434,0.011662294827948783,1.6269841269840872e-05,0.011646024986678941,0.020902554176660707,0.059964668052699684,0.025495881517099975,0.01386458275749786,0.017067620016641697,0.07536804675788428,0.006089633405307052,0.017631690862549957,0.06810106628176688,0.038751524435234504
2022-03-21,0.00853767567164887,-0.03113770627689938,0.0014945523217748669,-0.0359384321358972,-0.00017619041691607773,0.012132906711817437,-0.015067551845005966,-0.0042275692805067155,0.010622700359457227,0.017417963888751054,-0.00043466036210393355,2.1825396825396824e-05,-0.00045648575892933037,0.008515850274823473,-0.031159531673724778,0.00147272692494947,-0.0359602575327226,-0.00019801581374147455,0.01211108131499204,-0.015089377241831363,-0.004249394677332112,0.01060087496263183,0.017396138491925655
2022-03-22,0.020800682997927034,0.028677375167688757,0.02103830044237709,0.027649271427682365,0.027674239964289304,0.018380140698910585,0.011898640183198639,0.01637940937776783,-0.007855111593032538,0.07905243778179138,0.0113041136006502,2.023809523809524e-05,0.011283875505412105,0.02078044490268894,0.028657137072450663,0.021018062347138995,0.02762903333244427,0.02765400186905121,0.01835990260367249,0.011878402087960543,0.016359171282529734,-0.007875349688270633,0.07903219968655328
2022-03-23,0.008233480293866835,-0.013698622601856392,-0.008981816492546923,-0.026172530233034452,-0.011386028263473458,-0.013078686842304621,-0.008399284207420532,-0.015029972962091187,-0.03355436276250179,0.005161136057840299,-0.012272698789159042,1.984126984126984e-05,-0.012292540059000313,0.008213639024025565,-0.013718463871697662,-0.009001657762388194,-0.026192371502875723,-0.011405869533314728,-0.013098528112145891,-0.008419125477261803,-0.015049814231932458,-0.033574204032343055,0.005141294787999029
2022-03-24,0.02267818475529415,0.04063107955744316,0.0014779010051912955,0.01617936935202713,0.023840532994496844,0.021203245199941323,0.01753347795147775,0.015393003113100212,0.09815068575539487,0.014823128420135223,0.01434391292056647,1.984126984126984e-05,0.0143240716507252,0.02265834348545288,0.040611238287601895,0.0014580597353500257,0.016159528082185858,0.023820691724655573,0.021183403930100052,0.01751363668163648,0.015373161843258942,0.0981308444855536,0.014803287150293953
2022-03-25,0.0037337789358009577,-0.02113212299746814,0.006868294014676479,-0.0005289928690889178,0.000713119150959507,0.033999595123609394,0.005493945982313786,-0.0013813505592116249,-0.01627005701139772,-0.003234937980317265,0.005066170567449069,2.1031746031746032e-05,0.005045138821417322,0.003712747189769212,-0.021153154743499884,0.006847262268644733,-0.0005500246151206639,0.0006920874049277609,0.033978563377577646,0.00547291423628204,-0.001402382305243371,-0.016291088757429465,-0.003255969726349011
2022-03-28,0.005036526514717199,0.0025714189250227726,0.025592678900108856,-0.004180964799640807,-0.0015353645971736274,-0.027359380394829103,0.005629700936086834,0.023116589362780937,0.019030929002934904,0.0803450783611821,0.007144955276586762,2.380952380952381e-05,0.007121145752777238,0.005012716990907675,0.002547609401213249,0.025568869376299333,-0.004204774323450331,-0.0015591741209831512,-0.027383189918638626,0.00560589141227731,0.023092779838971414,0.01900711947912538,0.08032126883737258
2022-03-29,0.01913465119651092,0.04694309968681476,0.00192027764251268,0.029974485968742748,0.007422811806500285,0.025032148183283365,0.021528033531322377,0.015159570428204594,0.015485955983846722,0.007079858095940583,0.012256547427530462,2.2222222222222223e-05,0.01223432520530824,0.0191124289742887,0.04692087746459254,0.0018980554202904577,0.029952263746520526,0.0074005895842780625,0.025009925961061143,0.021505811309100155,0.015137348205982372,0.0154637337616245,0.007057635873718361
2022-03-30,-0.006649690168742062,-0.010767999906805992,-0.01780118433038691,0.005727557238763836,-0.003978615979514877,-0.02215483036878818,0.003465250041350343,-0.00491452997890407,-0.03371035829390201,-0.00507475414515135,-0.0062937001746978805,2.1825396825396824e-05,-0.006315525571523277,-0.006671515565567459,-0.010789825303631389,-0.01782300972721231,0.0057057318419384394,-0.004000441376340274,-0.02217665576561358,0.003443424644524946,-0.0049363553757294665,-0.033732183690727405,-0.005096579541976747
2022-03-31,-0.01777562000838473,-0.01077008767717702,-0.019864567358571672,-0.017495272679902252,-0.02022692741795451,-0.06539680723999186,-0.007027211773613096,-0.01768322780342202,-0.014590020183838814,-0.014981813142339484,-0.015652540713177343,2.023809523809524e-05,-0.015672778808415437,-0.017795858103622823,-0.010790325772415116,-0.019884805453809766,-0.017515510775140346,-0.020247165513192604,-0.06541704533522996,-0.0070474498688511905,-0.017703465898660113,-0.01461025827907691,-0.01500205123757758
2022-04-01,-0.0017182902801740063,0.007626996153232257,0.003450973226124532,-0.003864258449942759,0.007787420964129321,-0.019283639510699113,0.007966651824472537,0.0036005983360831717,-0.021036476187040076,0.006486599368272561,0.0034102225843584133,2.0634920634920633e-05,0.0033895876637234927,-0.0017389252008089269,0.007606361232597336,0.0034303383054896113,-0.0038848933705776796,0.0077667860434944,-0.019304274431334034,0.007946016903837616,0.003579963415448251,-0.021057111107674997,0.00646596444763764
2022-04-04,0.023693450146553552,0.02282311654868363,0.029264484561530857,0.002201709902702964,0.020128208200058006,0.02921348185566952,-0.009709037697160361,0.01793635534364979,0.024258989888329197,0.05611341298759176,0.008090938687879357,2.6587301587301588e-05,0.008064351386292055,0.02366686284496625,0.02279652924709633,0.029237897259943555,0.0021751226011156623,0.020101620898470705,0.02918689455408222,-0.009735624998747663,0.01790976804206249,0.024232402586741895,0.05608682568600446
2022-04-05,-0.018942020880918342,-0.03282113556867439,-0.025492089193307588,-0.04461763315245393,-0.016649860760037827,-0.017467424597422343,0.0068061518864601656,-0.012984816252581188,-0.05222970027787743,-0.047308971544201106,-0.012551720801807331,2.5793650793650793e-05,-0.012577514452600982,-0.018967814531711993,-0.03284692921946804,-0.02551788284410124,-0.04464342680324758,-0.016675654410831478,-0.017493218248215994,0.006780358235666515,-0.01301060990337484,-0.052255493928671085,-0.04733476519499476
2022-04-06,-0.018450767237215282,-0.038257127474473074,-0.032300120131985244,-0.02151652234934409,-0.028757333796139872,-0.030277656917535478,0.011870978482086292,-0.03660603647429672,-0.05877143407483898,-0.041694894294368345,-0.009716916613271898,2.6587301587301588e-05,-0.0097435039148592,-0.018477354538802584,-0.03828371477606037,-0.03232670743357254,-0.021543109650931393,-0.028783921097727174,-0.03030424421912278,0.01184439118049899,-0.03663262377588402,-0.05879802137642628,-0.041721481595955644
2022-04-07,0.0018040180327349997,0.0075914002927210955,-0.0061194323502751224,-0.00419650847626063,-0.0048297369111568456,0.14752233048090235,0.011532535315692316,0.006243759598228316,-0.008153305527635712,0.010996816105212748,0.004253385628492534,2.6984126984126984e-05,0.004226401501508407,0.0017770339057508727,0.0075644161657369684,-0.0061464164772592495,-0.004223492603244757,-0.004856721038140973,0.14749534635391823,0.011505551188708189,0.0062167754712441885,-0.00818028965461984,0.01096983197822862
2022-04-08,-0.01190887811313368,-0.02019170652505209,-0.021066740550443774,-0.015564444869704874,-0.019140534446806745,-0.03569660758225901,-0.011401052277664192,-0.014599940995688843,-0.0449850261147029,-0.03004944796541842,-0.002651026482054286,2.738095238095238e-05,-0.0026784074344352385,-0.011936259065514633,-0.02021908747743304,-0.021094121502824727,-0.015591825822085827,-0.019167915399187697,-0.03572398853463996,-0.011428433230045144,-0.014627321948069795,-0.04501240706708385,-0.03007682891779937
2022-04-11,-0.02551590644069801,-0.014210122990197083,-0.021613947156313595,-0.0009703092003793268,-0.03349166754692179,-0.011390098374643998,-0.004016698981679334,-0.03943151869945616,-0.05199191974084183,-0.04832808607380468,-0.01687729010355421,3.095238095238095e-05,-0.01690824248450659,-0.025546858821650392,-0.014241075371149464,-0.021644899537265977,-0.0010012615813317076,-0.03352261992787417,-0.01142105075559638,-0.004047651362631715,-0.03946247108040854,-0.05202287212179421,-0.04835903845475706
2022-04-12,0.011523583450700814,-0.0008736311366517313,-0.002213363562407644,0.007141632912745388,-0.008608695626179608,-0.007855526215400421,-0.0051108512114398374,-0.011218026835811079,-0.018843773648217765,0.011291813566499442,-0.003417447717741773,2.9365079365079366e-05,-0.0034468127971068524,0.011494218371335735,-0.0009029962160168107,-0.0022427286417727238,0.007112267833380309,-0.008638060705544686,-0.0078848912947655,-0.005140216290804917,-0.011247391915176158,-0.018873138727582846,0.011262448487134364
2022-04-13,0.01634248877724076,0.07332462337399459,0.03152445706895657,0.03738368722217489,0.01706524530264919,0.0013195507460839195,0.008668811420128097,0.019712132234285695,0.03250539537461972,0.035888356035912894,0.011174577597236057,2.9761904761904762e-05,0.011144815692474153,0.016312726872478856,0.07329486146923268,0.03149469516419466,0.03735392531741298,0.017035483397887286,0.0012897888413220147,0.008639049515366194,0.01968237032952379,0.03247563346985781,0.035858594131150986
2022-04-14,-0.029988399656109777,-0.006691935492750045,-0.024652684274885983,-0.005085540004445721,-0.02435816415339176,-0.01238762274637073,-0.0032626761959152484,-0.027084539908068472,-0.0425617420552602,-0.03655231880843268,-0.01214413784439794,3.095238095238095e-05,-0.012175090225350321,-0.030019352037062158,-0.006722887873702426,-0.024683636655838365,-0.005116492385398102,-0.02438911653434414,-0.012418575127323112,-0.0032936285768676295,-0.027115492289020854,-0.04259269443621258,-0.036583271189385064
2022-04-18,-0.001330872446353104,-0.029056775300248194,0.007109164667870926,-0.011487283224389855,0.007468678783302707,0.025620234945153086,0.002195660928389298,0.002466122369791046,0.024696730214398777,0.019583733431163042,-0.0002048682840329885,3.253968253968214e-05,-0.00023740796657267067,-0.0013634121288927862,-0.029089314982787877,0.007076624985331245,-0.011519822906929537,0.007436139100763025,0.025587695262613404,0.002163121245849616,0.002433582687251364,0.024664190531859094,0.01955119374862336
2022-04-19,0.0141152733143588,0.026426870271849312,0.03488883060861969,0.034083900005514645,0.01826902734879665,0.0067655777089854485,0.017286655787938754,0.017039500902408022,0.019051480884072935,0.023758093445249484,0.016057604355527166,3.253968253968214e-05,0.016025064672987484,0.014082733631819118,0.02639433058930963,0.03485629092608001,0.03405136032297496,0.01823648766625697,0.006733038026445767,0.01725411610539907,0.01700696121986834,0.019018941201533253,0.0237255537627098
2022-04-20,-0.0010155827694831032,-0.03274154846755539,-0.026041044919075107,-0.01306588198518488,-0.015145510168294685,0.01783411699810089,0.0017620118295507137,0.003715800595767149,-0.03225520344157651,-0.049555036713700984,-0.0006184750715809706,3.253968253968214e-05,-0.0006510147541206527,-0.0010481224520227854,-0.032774088150095075,-0.02607358460161479,-0.013098421667724562,-0.015178049850834367,0.017801577315561208,0.0017294721470110315,0.003683260913227467,-0.03228774312411619,-0.04958757639624067
2022-04-21,-0.0048434993767552115,-0.04035247199333014,-0.037026427673936824,-0.013783703281026294,-0.025191188903689987,-0.027679313835780928,-0.0023451947166353015,-0.019381396089674707,-0.06046922396066989,0.032316840662455215,-0.014752948498371943,3.253968253968214e-05,-0.014785488180911625,-0.004876039059294893,-0.040385011675869824,-0.037058967356476506,-0.013816242963565976,-0.02522372858622967,-0.02771185351832061,-0.0023777343991749837,-0.01941393577221439,-0.060501763643209576,0.03228430097991553
2022-04-22,-0.02782135459819668,-0.011525598644865687,-0.026608937569704394,-0.02264946418487812,-0.041493679915682646,-0.039174527048318364,-0.019902068574847886,-0.024144491559884296,-0.03309719344119666,-0.003697576672395231,-0.027740054250753654,3.253968253968214e-05,-0.027772593933293337,-0.027853894280736362,-0.01155813832740537,-0.026641477252244077,-0.022682003867417803,-0.04152621959822233,-0.039207066730858046,-0.01993460825738757,-0.02417703124242398,-0.03312973312373634,-0.003730116354934913
2022-04-25,0.006737082429141283,0.01473510862783911,0.011943186356370372,-0.005708763945789008,0.02874148066816229,0.005708102968732254,0.010832668360917452,0.024413601163371546,0.01983101389211228,-0.006994645387893739,0.005697936985382235,3.69047619047619e-05,0.0056610322234774725,0.006700177667236521,0.014698203865934348,0.01190628159446561,-0.0057456687076937706,0.028704575906257527,0.0056711982068274915,0.01079576359901269,0.024376696401466783,0.01979410913020752,-0.007031550149798501
2022-04-26,-0.03732796709144304,-0.03377742360080638,-0.0457507730510871,-0.05042356995804631,-0.035945810062368744,-0.01783787881903831,-0.017004145000876325,-0.037403616244814364,-0.05597418700468115,-0.12184121881948873,-0.028146308431003852,3.333333333333333e-05,-0.028179641764337186,-0.037361300424776374,-0.033810756934139714,-0.04578410638442044,-0.05045690329137965,-0.03597914339570208,-0.017871212152371644,-0.017037478334209658,-0.0374369495781477,-0.05600752033801449,-0.12187455215282206
2022-04-27,-0.0014669105846210062,-0.005292718205229696,-0.008781047317448887,-0.07531122532264845,-0.03670874753052589,0.003027182955369856,-0.005792901272881901,0.04810854371492623,-0.019853312945973478,0.005807678470473254,0.0020980468517017847,3.253968253968214e-05,0.0020655071691621026,-0.0014994502671606884,-0.005325257887769378,-0.00881358699998857,-0.07534376500518812,-0.03674128721306557,0.0029946432728301738,-0.005825440955421582,0.04807600403238655,-0.01988585262851316,0.0057751387879335725
2022-04-28,0.04515550641509236,0.049333311281611,0.04653418536434306,-0.0015538358327840118,0.03699210221299776,0.03100140738739743,0.028526327928871442,0.022632665831240573,0.07423320418764412,-0.004537702888526063,0.02474690007293945,3.2142857142857144e-05,0.024714757215796593,0.045123363557949506,0.04930116842446815,0.046502042507200206,-0.001585978689926869,0.0369599593558549,0.030969264530254573,0.028494185071728587,0.022600522974097717,0.07420106133050126,-0.00456984574566892
2022-04-29,-0.03660468147198992,-0.040878919210856846,-0.14049437774923412,-0.03488526027900374,-0.03723346738106803,-0.02527954285048395,-0.01978835916016275,-0.04181239197735409,-0.0624308682468957,-0.007692220213591394,-0.036284507106413955,3.2936507936507936e-05,-0.036317443614350464,-0.03663761797992643,-0.040911855718793355,-0.14052731425717063,-0.03491819678694025,-0.03726640388900454,-0.02531247935842046,-0.01982129566809926,-0.0418453284852906,-0.06246380475483221,-0.007725156721527902
2022-05-02,0.0019663813121137963,-0.0028066569788316453,0.0017580913238786078,-0.0015452548588951176,0.02167657436810244,0.011739034186142083,-0.010113893926736894,0.025043636501012934,0.053162690414037206,0.03695628471433299,0.005675242812353654,3.571428571428571e-05,0.005639528526639368,0.0019306670263995107,-0.002842371264545931,0.0017223770381643222,-0.0015809691446094032,0.021640860082388157,0.011703319900427797,-0.01014960821245118,0.02500792221529865,0.05312697612832292,0.0369205704286187
2022-05-03,0.009622581391338425,-0.05092288808390233,-0.0019799044812061073,0.03344324877391158,0.006441880115454435,0.023205533799844025,-0.0031221299529793356,-0.009456175803854605,0.003532308474284873,0.006988279761963367,0.004837126381486367,3.571428571428571e-05,0.004801412095772082,0.009586867105624139,-0.050958602369616614,-0.002015618766920393,0.0334075344881973,0.006406165829740149,0.02316981951412974,-0.0031578442386936212,-0.009491890089568892,0.0034965941885705875,0.006952565476249082
2022-05-04,0.04100829257870564,0.07710339776400854,0.01348046853293483,0.0220731823755127,0.041991135888047815,0.038765846100102586,0.03436775650984458,0.029100785143304053,0.03734305602860455,0.04769864576468552,0.02986242108440229,3.4920634920634925e-05,0.029827500449481657,0.040973371943785,0.0770684771290879,0.013445547898014196,0.022038261740592067,0.04195621525312718,0.03873092546518195,0.034332835874923945,0.02906586450838342,0.03730813539368391,0.04766372512976488
2022-05-05,-0.05571588929782845,-0.08381352895222982,-0.07561036490424522,-0.04140918614672662,-0.04707551533198229,-0.0375729176385462,-0.021233002148100644,-0.04355483133416338,-0.07327618157242344,-0.08328615317548016,-0.035649708609806985,3.333333333333333e-05,-0.03568304194314032,-0.055749222631161784,-0.08384686228556315,-0.07564369823757855,-0.041442519480059954,-0.047108848665315624,-0.037606250971879536,-0.021266335481433977,-0.043588164667496716,-0.07330951490575677,-0.08331948650881349
2022-05-06,0.0047268967670943685,-0.05066741341498082,-0.014041240035030156,-0.010434022140505816,-0.006514785675206247,-0.021630302207103713,0.007472376543913972,-0.009446310355503695,-0.008968478151612946,-0.008737180698190294,-0.0056742248424840325,3.333333333333333e-05,-0.005707558175817366,0.004693563433761035,-0.05070074674831416,-0.014074573368363489,-0.01046735547383915,-0.00654811900853958,-0.021663635540437046,0.007439043210580639,-0.009479643688837028,-0.00900181148494628,-0.008770514031523628
2022-05-09,-0.03318914681737262,-0.12124553912929181,-0.05213354825727923,-0.10470112140319376,-0.027953261755079062,-0.002156991132710173,-0.013119146896110934,-0.03694554303223763,-0.09236943590172753,-0.09072948807249681,-0.03203710063235676,3.650793650793651e-05,-0.0320736085688647,-0.033225654753880556,-0.12128204706579974,-0.052170056193787166,-0.1047376293397017,-0.027989769691586997,-0.0021934990692181098,-0.01315565483261887,-0.036982050968745565,-0.09240594383823546,-0.09076599600900474
2022-05-10,0.016112080115768368,-0.027142543508543726,0.0006434445934941913,-0.002700477210595742,0.016745029927363042,0.01432078765651612,-0.00731345463553601,0.018595277910979036,0.03805305174896856,0.016427173986372612,0.0024578974498534745,3.531746031746032e-05,0.002422579989536014,0.016076762655450907,-0.027177860968861187,0.0006081271331767309,-0.0027357946709132023,0.01670971246704558,0.014285470196198661,-0.00734877209585347,0.018559960450661574,0.0380177342886511,0.01639185652605515
2022-05-11,-0.05184135780256449,0.00017225758145245074,-0.03203225709010693,-0.02677696607980873,-0.006927855558146789,-0.04475248873851456,-0.005087929216604281,-0.03320945951107779,-0.05484515596517414,-0.08254582843646041,-0.01646320750393837,3.571428571428571e-05,-0.016498921789652655,-0.051877072088278776,0.00013654329573816503,-0.032067971375821215,-0.026812680365523013,-0.006963569843861075,-0.04478820302422885,-0.005123643502318567,-0.03324517379679207,-0.054880870250888426,-0.0825815427221747
2022-05-12,-0.026894164838627277,-0.0018079989816089936,0.014790404884573505,-0.048303578556937676,-0.00667658728611753,-0.0005575856509641985,-0.000981794897815691,-0.019957682081929717,-0.027360024212227385,-0.008174386751047313,-0.0012959645058717717,3.76984126984127e-05,-0.0013336629185701843,-0.02693186325132569,-0.0018456973943074063,0.014752706471875092,-0.04834127696963609,-0.006714285698815943,-0.0005952840636626113,-0.0010194933105141036,-0.01999538049462813,-0.027397722624925798,-0.008212085163745726
2022-05-13,0.03191629910455185,0.04752453330006268,0.05727556035084902,0.032970582903341095,0.02841527831745405,0.02622773720814342,0.0034808331642053325,0.02259621047100513,0.09465223666214628,0.05712909369145702,0.02386969542307149,4.0079365079365075e-05,0.023829616057992126,0.03187621973947248,0.04748445393498331,0.05723548098576965,0.03293050353826173,0.028375198952374687,0.026187657843064056,0.0034407537991259676,0.022556131105925765,0.09461215729706692,0.057089014326377654
2022-05-16,-0.01067220409675651,-0.05771918223944772,-0.01985316173972207,-0.02476410355391867,-0.013834591895334536,0.019847523129331357,-0.004081043528247896,0.0014553318062509035,-0.024963434454921885,-0.05875856161837267,-0.003946400929555671,4.246031746031746e-05,-0.003988861247015989,-0.010714664414216828,-0.057761642556908036,-0.019895622057182386,-0.024806563871378987,-0.013877052212794854,0.01980506281187104,-0.004123503845708214,0.0014128714887905861,-0.0250058947723822,-0.05880102193583299
2022-05-17,0.025422725545499736,0.026738880577711344,0.04113327357999652,0.06449012336309368,0.017720340323890804,0.05625162247352078,-0.009875394710788687,0.020344188622283932,0.05288468685262249,0.05141017778952928,0.020169632234863677,4.2063492063492065e-05,0.020127568742800184,0.025380662053436243,0.02669681708564785,0.04109121008793303,0.06444805987103018,0.01767827683182731,0.05620955898145729,-0.00991745820285218,0.02030212513022044,0.052842623360559,0.05136811429746579
2022-05-18,-0.056419312269555544,-0.08059575506981387,-0.07156196640827228,-0.04945101293282006,-0.03926659228717477,-0.06991424222918374,-0.043785872581950214,-0.0455295603636372,-0.06816310661607827,-0.06801379812405906,-0.04039526078745259,4.047619047619048e-05,-0.04043573697792878,-0.05645978846003173,-0.08063623126029006,-0.07160244259874847,-0.04949148912329625,-0.03930706847765096,-0.06995471841965993,-0.0438263487724264,-0.04557003655411339,-0.06820358280655446,-0.06805427431453524
2022-05-19,-0.024641432383167405,0.05683605904867539,0.0019278532990965047,0.012906331978232322,-0.013543524132780038,-0.03039344499149521,-0.008872481957728495,-0.003699636665481343,0.010981185513039504,-0.0005494634476534976,-0.005833781800992588,4.1269841269841266e-05,-0.005875051642262429,-0.024682702224437247,0.05679478920740555,0.0018865834578266634,0.01286506213696248,-0.01358479397404988,-0.030434714832765053,-0.008913751798998337,-0.003740906506751184,0.010939915671769662,-0.0005907332889233389
2022-05-20,0.001747380460507264,-0.014189324193474295,0.0025345295167618076,-0.05065284310462703,-0.013371386515313555,-0.030226425471984952,0.02144102849057794,-0.002291241885809092,-0.02511096442360794,-0.06416505716141863,0.00014614176965843662,4.0079365079365075e-05,0.00010606240457907154,0.001707301095427899,-0.01422940355855366,0.0024944501516824427,-0.0506929224697064,-0.01341146588039292,-0.030266504837064317,0.021400949125498576,-0.002331321250888457,-0.025151043788687304,-0.064205136526498
2022-05-23,0.04011930663294705,0.006485968083034033,-0.00031605069518414464,0.027920487421612128,0.023689776018573916,0.011832384376582628,0.017485303333882873,0.03203187277914865,0.012220085438953365,0.01656871415985961,0.018555039930923556,4.246031746031746e-05,0.01851257961346324,0.04007684631548673,0.006443507765573715,-0.0003585110126444621,0.027878027104151812,0.0236473157011136,0.01178992405912231,0.017442843016422557,0.031989412461688335,0.012177625121493047,0.016526253842399294
2022-05-24,-0.01921619286492693,-0.06214690140704693,-0.03214110432537587,-0.03764002724616855,-0.049494121468601326,-0.008271322064635322,0.02739503917194952,-0.003951490955095838,-0.04402894158787485,-0.06925464690507588,-0.008120797617175213,4.166666666666667e-05,-0.00816246428384188,-0.019257859531593594,-0.0621885680737136,-0.03218277099204254,-0.03768169391283522,-0.049535788135267995,-0.00831298873130199,0.027353372505282855,-0.003993157621762504,-0.04407060825454152,-0.06929631357174254
2022-05-25,0.001140197828152223,0.03915666176352639,0.025696475417555487,0.022278023439876726,-0.001557042574136136,0.023008161379383107,-0.0020858060141470958,0.011170267151600077,0.05082316726532632,0.048777379117957986,0.009450764734207695,4.166666666666667e-05,0.009409098067541028,0.0010985311614855563,0.03911499509685972,0.02565480875088882,0.02223635677321006,-0.0015987092408028026,0.022966494712716442,-0.0021274726808137626,0.01112860048493341,0.05078150059865965,0.04873571245129132
2022-05-26,0.02319948763391322,0.035326100289633455,0.04029499229486544,0.046452612745776944,0.018784550415207324,0.03373638907808241,0.016720630708766615,0.012875135573042096,0.05160540806561498,0.07427138936829314,0.019883256167224195,4.2063492063492065e-05,0.019841192675160702,0.023157424141849726,0.035284036797569966,0.04025292880280195,0.046410549253713455,0.01874248692314383,0.03369432558601892,0.016678567216703123,0.012833072080978603,0.05156334457355149,0.07422932587622964
2022-05-27,0.04075660594568964,0.05424319144973855,0.036632083603781895,0.03523050381538417,0.04196949526926819,0.0538483021150955,0.01523647651226856,0.02760423698356873,0.05377849917887523,0.073333062537426,0.02474226295510973,4.2063492063492065e-05,0.024700199463046236,0.04071454245362615,0.05420112795767506,0.036590020111718406,0.035188440323320684,0.0419274317772047,0.053806238623032014,0.015194413020205067,0.027562173491505238,0.05373643568681174,0.0732909990453625
2022-05-31,-0.005346085428054814,0.003070562212299066,0.04397010379074828,-0.006276955742817281,0.012869971390234713,0.002322734817728156,0.001349891772378431,-0.005013902641952783,-0.007389121184702918,-0.001803563389055407,-0.006274368617659065,4.484126984126984e-05,-0.006319209887500335,-0.005390926697896084,0.0030257209424577962,0.04392526252090701,-0.00632179701265855,0.012825130120393444,0.002277893547886886,0.001305050502537161,-0.005058743911794053,-0.007433962454544188,-0.001848404658896677
2022-06-01,-0.0008733349305398708,-0.03433442071296944,0.012266042992872705,-0.005707762822202533,0.0011426182104108396,0.0386196520076858,-0.011617297862136389,0.0020229670221736384,-0.018851766836444073,-0.02359349020027346,-0.007482768681131846,4.4444444444444447e-05,-0.00752721312557629,-0.0009177793749843152,-0.03437886515741388,0.012221598548428261,-0.005752207266646978,0.0010981737659663952,0.03857520756324136,-0.011661742306580833,0.001978522577729194,-0.018896211280888517,-0.023637934644717903
2022-06-02,0.016811307379331897,0.03889651189210297,0.03145034300738625,0.07539231966072579,0.032754775368659894,-0.011155134956660095,0.004412716824416352,0.007928906182846251,0.06943228140478253,0.04677398003874078,0.018431018038486124,4.484126984126984e-05,0.018386176768644853,0.016766466109490626,0.0388516706222617,0.03140550173754498,0.07534747839088453,0.03270993409881862,-0.011199976226501365,0.004367875554575082,0.007884064913004982,0.06938744013494126,0.04672913876889951
2022-06-03,-0.038555723773646355,-0.011792844136430669,-0.025185068024527135,-0.008896797153024938,-0.026198334487538277,-0.0020053574897921367,-0.002570461865794127,-0.016607048875003527,-0.04450800167080471,-0.09219359988526965,-0.016347313992415624,4.642857142857103e-05,-0.016393742563844196,-0.03860215234507493,-0.01183927270785924,-0.025231496595955707,-0.008943225724453508,-0.02624476305896685,-0.0020517860612207076,-0.002616890437222698,-0.0166534774464321,-0.04455443024223328,-0.09224002845669822
2022-06-06,0.005227772883668713,0.018275847271531864,0.01994280728922404,-7.177383724188413e-05,0.019901418831581363,-0.0072848695518812345,-0.001167526826911014,-0.0047035207825048,0.003525604857459008,0.0160472016783606,0.003137400778913113,4.880952380952381e-05,0.003088591255103589,0.005178963359859189,0.01822703774772234,0.019893997765414517,-0.00012058336105140794,0.01985260930777184,-0.007333679075690758,-0.0012163363507205378,-0.004752330306314324,0.0034767953336494843,0.015998392154551077
2022-06-07,0.017585794575277536,0.007211972684991075,-0.014344105316090427,0.011347326692918491,0.002816074217298681,0.002291848213851644,0.0035071504120822716,0.01395383347092749,0.00745257853181891,0.0025460558898939833,0.009523393173235029,4.9206349206349204e-05,0.00947418682402868,0.017536588226071185,0.007162766335784726,-0.014393311665296777,0.011298120343712142,0.0027668678680923316,0.0022426418646452947,0.0034579440628759225,0.013904627121721141,0.007403372182612561,0.002496849540687634
2022-06-08,-0.005043350310716566,0.007078886138209839,-0.014796745486375773,-0.008450521087294272,0.00038000610376576205,-0.03582294651725848,-0.013376883920409033,-0.007670057193763347,-0.014480387482118884,0.012474516432601446,-0.010793945785935621,4.96031746031746e-05,-0.010843548960538796,-0.00509295348531974,0.0070292829636066645,-0.014846348660978947,-0.008500124261897446,0.00033040292916258746,-0.035872549691861655,-0.013426487095012207,-0.007719660368366521,-0.014529990656722058,0.012424913257998271
2022-06-09,-0.03595578042417458,-0.06503995831540843,-0.04150848957443054,-0.04225459391930231,-0.020124917997836778,-0.03372895085231442,-0.014046637544260498,-0.02078286054124323,-0.03217530413925096,-0.008930555308462429,-0.02379869397635359,5e-05,-0.023848693976353592,-0.03600578042417458,-0.06508995831540842,-0.04155848957443054,-0.04230459391930231,-0.02017491799783678,-0.03377895085231442,-0.014096637544260498,-0.020832860541243232,-0.03222530413925096,-0.008980555308462429
2022-06-10,-0.03862859219826742,-0.05884892401276087,-0.05596211721574329,-0.0503252519446028,-0.03199356934749131,-0.037905486359591345,-0.019738924119491186,-0.0445637536155159,-0.059508004047697294,-0.031190911234383334,-0.029110303335524668,5.3174603174603176e-05,-0.02916347793869927,-0.03868176680144202,-0.058902098615935476,-0.056015291818917894,-0.050378426547777404,-0.03204674395066592,-0.03795866096276595,-0.01979209872266579,-0.0446169282186905,-0.0595611786508719,-0.031244085837557938
2022-06-13,-0.03828489296116355,-0.09163532293962917,-0.05453719355874531,-0.08771653062715301,-0.04290152285544169,-0.0430837220847482,0.004591696121106104,-0.04241285365019187,-0.07817838762183571,-0.07102153990705962,-0.038768430665237275,6.706349206349206e-05,-0.03883549415730077,-0.038351956453227046,-0.09170238643169266,-0.054604257050808805,-0.0877835941192165,-0.04296858634750518,-0.04315078557681169,0.004524632629042611,-0.042479917142255366,-0.0782454511138992,-0.07108860339912311
2022-06-14,0.006672491876737796,-0.0006064647569863357,-0.013118555361940287,0.0543759970530755,0.0030359143081206685,-0.0002963004957683424,0.0012160886857368602,0.009205004819852203,0.012079158522939837,0.023887157055640706,-0.0037736797459957394,7.063492063492064e-05,-0.00384431466663066,0.006601856956102875,-0.0006770996776212563,-0.013189190282575208,0.054305362132440575,0.002965279387485748,-0.00036693541640326304,0.0011454537651019395,0.009134369899217282,0.012008523602304916,0.023816522135005787
2022-06-15,0.020111502138761228,0.02629714172037856,0.052389802934770247,0.0946299706290803,0.02857147393740922,0.0195554763760053,0.0005863666608709739,0.029735312925827095,0.04363454400039757,0.05482367080362738,0.014592504858983224,6.706349206349206e-05,0.014525441366919732,0.020044438646697735,0.026230078228315065,0.05232273944270675,0.0945629071370168,0.028504410445345726,0.019488412883941805,0.0005193031688074818,0.029668249433763602,0.043567480508334075,0.054756607311563885
2022-06-16,-0.039651440481313416,-0.08091060397856331,-0.037243378610853695,-0.002692197181163536,-0.033991016488015724,-0.049404110358173936,-0.015529504597736277,-0.026970064516225967,-0.056029536823129056,-0.08540769912654256,-0.03251195148816344,6.111111111111111e-05,-0.032573062599274547,-0.039712551592424525,-0.08097171508967442,-0.037304489721964804,-0.002753308292274647,-0.03405212759912683,-0.049465221469285045,-0.015590615708847387,-0.02703117562733708,-0.056090647934240165,-0.08546881023765367
2022-06-17,0.011533088967182081,0.06680244032633098,0.02469609751257895,0.02579485922062319,0.010468350415097083,0.0256800518224094,-0.0034440615478941172,0.010940062051347788,0.017883428905828058,0.017174980283869656,0.002200865698254617,6.26984126984127e-05,0.0021381672855562044,0.011470390554483668,0.06673974191363256,0.024633399099880538,0.025732160807924776,0.01040565200239867,0.025617353409710986,-0.00350675996059253,0.010877363638649374,0.017820730493129645,0.017112281871171243
2022-06-21,0.03276107879729451,0.027942495114971377,0.023159471438541024,-0.00036551937604045737,0.041071043859169265,0.022056689581292366,0.022228915914010106,0.0245911774411256,0.04319918489032659,0.09354434802147837,0.024477242280086964,6.587301587301587e-05,0.024411369264213948,0.03269520578142149,0.02787662209909836,0.023093598422668008,-0.00043139239191347325,0.041005170843296246,0.02199081656541935,0.02216304289813709,0.024525304425252584,0.04313331187445357,0.09347847500560535
2022-06-22,-0.0038273826463093297,-0.026791805551069192,0.0024843268523027096,0.0029981986260283477,-0.0005064738894239307,-0.016039509737925894,0.014483253827931142,-0.002404013356017254,-0.012435345990911117,-0.004007805884153504,-0.0013015723144006452,6.23015873015873e-05,-0.0013638739017022325,-0.003889684233610917,-0.02685410713837078,0.002422025265001122,0.0029358970387267603,-0.000568775476725518,-0.01610181132522748,0.014420952240629555,-0.0024663149433188413,-0.012497647578212704,-0.004070107471455091
2022-06-23,0.021573631959043604,-0.038279891543475664,0.032033093996523876,-0.023257526656712213,0.006767529646845016,0.003852985568796985,0.0021392145349765634,0.022636676436934344,-0.008251480007766765,-0.004306310889948484,0.009532217409177868,6.30952380952381e-05,0.009469122171082629,0.021510536720948367,-0.0383429867815709,0.03196999875842864,-0.02332062189480745,0.006704434408749778,0.003789890330701747,0.0020761192968813255,0.022573581198839107,-0.008314575245862004,-0.004369406128043722
2022-06-24,0.024517327231867947,0.08138320952969713,0.03575237064906056,0.05643052541396454,0.05107708649697962,0.04015353321305226,0.017735362480021166,0.034149806680953354,0.05553155929362252,0.04524889345059324,0.03056329358583576,6.587301587301587e-05,0.030497420569962744,0.02445145421599493,0.08131733651382411,0.03568649763318754,0.05636465239809152,0.0510112134811066,0.04008766019717924,0.01766948946414815,0.034083933665080335,0.055465686277749504,0.04518302043472022
2022-06-27,0.0,-0.019418433916995825,-0.027820692849391482,-0.019854430741398366,-0.018152158627845694,0.0036900293354704683,-0.003509351866683441,-0.010497035325015225,-0.015006779336212084,-0.0032016505127857586,-0.0029730715337762392,6.944444444444444e-05,-0.0030425159782206837,-6.944444444444444e-05,-0.01948787836144027,-0.027890137293835927,-0.01992387518584281,-0.01822160307229014,0.003620584891026024,-0.0035787963111278856,-0.01056647976945967,-0.015076223780656529,-0.003271094957230203
2022-06-28,-0.02978943814614954,-0.03911331251924266,-0.05140434227234392,-0.00014420611508725312,-0.03303013674000799,-0.026018453932318053,-0.017002023814805423,-0.031749003796798125,-0.05258148560438303,-0.0500435578248114,-0.020143036075892073,6.944444444444444e-05,-0.02021248052033652,-0.029858882590593983,-0.0391827569636871,-0.05147378671678836,-0.00021365055953169758,-0.03309958118445243,-0.026087898376762498,-0.017071468259249867,-0.03181844824124257,-0.05265093004882747,-0.050113002269255844
2022-06-29,0.013023544824393607,-0.03691170428769941,0.014152668728781848,-0.001802451373472569,-0.002731961814696482,-0.024099707288749328,0.020219962405203296,0.014738001320939054,-0.027531041558913616,-0.0179371823809088,-0.0007117454091590814,6.865079365079365e-05,-0.0007803962028098751,0.012954894030742813,-0.036980355081350204,0.014084017935131053,-0.0018711021671233626,-0.0028006126083472754,-0.024168358082400122,0.0201513116115525,0.01466935052728826,-0.02759969235256441,-0.018005833174559595
2022-06-30,-0.018027805921359996,-0.051634179265022784,-0.024880638358708018,-0.012495455151117163,-0.02451621337559784,-0.02469511445790662,-0.0034714617327920028,-0.013179028370244539,-0.02464289834906841,-0.017579227799377484,-0.008759278267998716,6.587301587301587e-05,-0.008825151283871732,-0.018093678937233012,-0.0517000522808958,-0.024946511374581034,-0.012561328166990179,-0.024582086391470855,-0.024760987473779635,-0.0035373347486650185,-0.013244901386117554,-0.024708771364941425,-0.0176451008152505
2022-07-01,0.016164312853477858,0.02615628404985526,0.03154127203651269,0.022820326867544205,-0.002069500379434319,-0.027760573957542056,0.024627342281639875,0.010707282837340903,-0.041955297954898274,0.012429131666980009,0.010553814029047315,6.587301587301587e-05,0.010487941013174299,0.016098439837604842,0.026090411033982245,0.03147539902063967,0.02275445385167119,-0.002135373395307335,-0.027826446973415072,0.02456146926576686,0.010641409821467888,-0.04202117097077129,0.012363258651106993
2022-07-05,0.01893060430502369,0.049556925914166605,0.035962053023039564,-0.015303199697442982,0.041618566466956164,-0.010354522534772426,-0.0026486714848810156,0.01259743230488608,0.030365606714547244,0.025535704813974602,0.0015841285142366157,7.38095238095238e-05,0.001510318990427092,0.018856794781214166,0.04948311639035708,0.03588824349923004,-0.015377009221252506,0.04154475694314664,-0.01042833205858195,-0.0027224810086905393,0.012523622781076556,0.03029179719073772,0.025461895290165078
2022-07-06,0.009607488607188186,-0.03189498759766163,0.007312791463036872,-0.01009440392486649,0.011557172527908,-0.011731198731375514,-0.0032897572879190262,0.012783110669539965,0.011093439208637701,-0.005720802000385605,0.0035731642904301975,7.341269841269841e-05,0.003499751592017499,0.009534075908775488,-0.031968400296074326,0.007239378764624173,-0.010167816623279188,0.011483759829495302,-0.011804611429788212,-0.0033631699863317247,0.012709697971127268,0.011020026510225003,-0.005794214698798304
2022-07-07,0.023999332037812238,0.04974163310940494,0.01749322109655349,0.02685058856769551,0.03675421052783712,0.019569948594725606,0.00588556011055652,0.008226399048729238,0.04811632015467082,0.0552790448805931,0.014964587965241805,7.500000000000001e-05,0.014889587965241804,0.02392433203781224,0.04966663310940494,0.017418221096553492,0.02677558856769551,0.03667921052783712,0.019494948594725607,0.00581056011055652,0.008151399048729238,0.04804132015467082,0.0552040448805931
2022-07-08,0.004714431425029586,-0.0015384771885016413,-0.006791033294013427,-0.006429905612883924,0.004802828307009177,0.010384061045464188,0.0011859834896914556,-0.002756964555650776,-0.0012612483599726554,0.025435169687600512,-0.000830271529819071,7.579365079365079e-05,-0.0009060651806127218,0.004638637774235935,-0.001614270839295292,-0.0068668269448070775,-0.006505699263677575,0.004727034656215526,0.010308267394670537,0.0011101898388978049,-0.002832758206444427,-0.0013370420107663061,0.025359376036806863
2022-07-11,-0.014757430497100432,-0.02311248110186792,-0.03280250030721621,-0.014956509106996085,-0.030807652492100934,-0.022111679173050014,0.0001580681015174168,-0.011768618661926467,-0.04331343733431292,-0.06548005948146862,-0.011527461422777274,8.452380952380952e-05,-0.011611985232301085,-0.014841954306624243,-0.02319700491139173,-0.03288702411674002,-0.015041032916519896,-0.030892176301624743,-0.022196202982573823,7.354429199360727e-05,-0.011853142471450277,-0.04339796114383673,-0.06556458329099243
2022-07-12,0.00683338450181159,0.015247156686666763,-0.022639810105564928,0.07416590989061111,-0.014315768531835471,-0.002229201249727031,-0.007106880887214451,-0.04098161082101803,-0.004620149119862305,-0.005433611636988744,-0.009243878717321574,8.571428571428571e-05,-0.00932959300303586,0.006747670216097305,0.015161442400952477,-0.022725524391279214,0.07408019560489683,-0.014401482817549757,-0.0023149155354413166,-0.007192595172928736,-0.04106732510673232,-0.00470586340557659,-0.00551932592270303
2022-07-13,-0.0025365028814283708,-0.009425205938331627,0.010803884746268588,-0.02174649732227163,-0.023390532195841085,-0.008617949023657645,0.00473211807894125,-0.0037449198977811404,0.00543711443173267,0.017033448479672808,-0.0044569025122100925,9.246031746031747e-05,-0.00454936282967041,-0.0026289631988886883,-0.009517666255791944,0.01071142442880827,-0.021838957639731947,-0.023482992513301403,-0.008710409341117963,0.004639657761480932,-0.003837380215241458,0.005344654114272353,0.01694098816221249
2022-07-14,0.02048239549200548,-0.0479924337848483,0.002083294604711794,0.022229920222872623,-0.0088545589735608,0.0038635999313447744,-0.00027707633746720806,0.005381374736423972,0.013716642882338759,0.005371861218914864,-0.00299863390215227,9.246031746031747e-05,-0.0030910942196125876,0.02038993517454516,-0.048084894102308616,0.0019908342872514764,0.022137459905412306,-0.008947019291021117,0.003771139613884457,-0.0003695366549275255,0.005288914418963654,0.013624182564878441,0.0052794009014545465
2022-07-15,0.011449955563390013,0.039648550130189975,0.02639434033114041,0.004009593076128359,0.012775395047486038,0.01539434082002722,0.009540756195494104,0.010390349851105318,0.025370829074053303,0.0073572315408600986,0.01920124935943668,9.087301587301587e-05,0.019110376343563662,0.011359082547516997,0.03955767711431696,0.026303467315267393,0.003918720060255344,0.012684522031613021,0.015303467804154203,0.009449883179621088,0.010299476835232302,0.025279956058180286,0.007266358524987083
2022-07-18,-0.020642969648073883,0.0317979546840097,0.0018493974357443044,-0.00013540186623228756,-0.024580024214484686,-0.005053768155151017,-0.010156298505860084,-0.009621371305757465,0.021507489852992112,0.001999426810217919,-0.008363571580831342,9.682539682539643e-05,-0.008460396977656739,-0.02073979504489928,0.031701129287184306,0.001752572038918908,-0.00023222726305768398,-0.024676849611310083,-0.0051505935519764135,-0.010253123902685481,-0.009718196702582862,0.021410664456166715,0.0019026014133925228
2022-07-19,0.0267218145017607,0.04638065797299484,0.03911741266419089,0.056932057897456145,0.04384110398955188,0.04222244259004282,0.016163361715245905,0.020767055101230225,0.05533846106825702,0.020716718219316865,0.02762829164595959,9.761904761904762e-05,0.027530672598340543,0.02662419545414165,0.046283038925375795,0.03901979361657184,0.0568344388498371,0.04374348494193283,0.04212482354242377,0.016065742667626857,0.020669436053611177,0.05524084202063797,0.020619099171697818
2022-07-20,0.013509982066130632,0.05410965336419715,0.03857539627705431,0.014411067249301635,0.0007907046055091183,0.003350396748463602,-0.00748544719154054,0.010557535683705987,0.047963457743931404,0.008023464466653252,0.005895806193263242,9.682539682539643e-05,0.005798980796437846,0.013413156669305235,0.05401282796737176,0.038478570880228914,0.014314241852476237,0.0006938792086837218,0.0032535713516382058,-0.007582272588365936,0.01046071028688059,0.04786663234710601,0.007926639069827855
2022-07-21,0.015094083409619374,0.0038057738785770567,0.01515028639903937,0.01913119513753525,0.0038631011460488196,0.015786248959709148,-0.0043598907798581,0.009798759382886768,0.013646183555825253,0.09780470722853529,0.00986137270919718,9.523809523809524e-05,0.009766134613959086,0.01499884531438128,0.0037105357833389615,0.015055048303801275,0.019035957042297155,0.0037678630508107243,0.015691010864471052,-0.004455128875096195,0.009703521287648674,0.013550945460587159,0.0977094691332972
2022-07-22,-0.008110758214147085,-0.03856110775366328,-0.01773248120979176,-0.02013505932880988,-0.056323303744358566,-0.02958738379152981,0.0020514236932318575,-0.016915566664622572,-0.040498484668305745,0.0019752262198982073,-0.00933246697634671,9.563492063492063e-05,-0.00942810189698163,-0.008206393134782006,-0.0386567426742982,-0.01782811613042668,-0.0202306942494448,-0.056418938664993486,-0.02968301871216473,0.001955788772596937,-0.017011201585257492,-0.040594119588940665,0.0018795912992632868
2022-07-25,-0.007398407248152217,0.009425754698788369,-0.010455798059483934,-0.00961054778241055,-0.003614226746562532,0.004003618180348445,-0.014213063848785068,-0.005876457720418449,-0.01703349650476449,-0.013994935471540293,0.0013151670479691902,0.00010119047619047618,0.001213976571778714,-0.007499597724342693,0.009324564222597892,-0.01055698853567441,-0.009711738258601027,-0.0037154172227530083,0.003902427704157969,-0.014314254324975545,-0.005977648196608925,-0.017134686980954966,-0.01409612594773077
2022-07-26,-0.008826132073280868,-0.028966111238974634,-0.052253606265046604,-0.0045965348793962635,-0.02316070965215622,-0.019938611867181488,0.02679916916898506,-0.026774234390049778,-0.028841440686335096,-0.0356637312112531,-0.01154320266205866,9.841269841269841e-05,-0.011641615360471359,-0.008924544771693566,-0.029064523937387333,-0.052352018963459306,-0.004694947577808962,-0.023259122350568918,-0.020037024565594187,0.02670075647057236,-0.026872647088462476,-0.028939853384747794,-0.035762143909665804
2022-07-27,0.03423430811082828,0.05347852764594219,0.05365389594199388,0.0010902909885948109,0.07655665035035208,0.020970208487745223,0.007001493260128999,0.06685199902399463,0.07602988698454105,0.061655036992220635,0.026156273782937722,9.404761904761905e-05,0.026062226163890104,0.03414026049178066,0.05338448002689457,0.05355984832294626,0.0009962433695471918,0.07646260273130447,0.020876160868697605,0.00690744564108138,0.06675795140494702,0.07593583936549343,0.06156098937317302
2022-07-28,0.0035721613454027246,0.013785355058915316,0.010829110898360028,0.019219681404219147,0.010260219908081458,0.008276933817533916,0.017652094131736407,0.028540502530526313,0.01090501143811573,0.02212352234272652,0.012133338697180918,9.325396825396825e-05,0.01204008472892695,0.0034789073771487565,0.013692101090661348,0.01073585693010606,0.01912642743596518,0.01016696593982749,0.008183679849279948,0.01755884016348244,0.028447248562272345,0.010811757469861762,0.022030268374472552
2022-07-29,0.03279310311711936,0.01966195416250649,0.10361464095050721,0.0013828727498104154,0.018385456760140917,0.015202384740548247,-0.0003415049179651408,0.015664912477864945,0.009953170631364472,0.05784976985791013,0.014207760082581844,9.285714285714247e-05,0.014114902939724701,0.032700245974262215,0.01956909701964935,0.10352178380765006,0.001290015606953273,0.018292599617283776,0.015109527597691104,-0.0004343620608222833,0.015572055335007802,0.009860313488507329,0.05775691271505298
2022-08-01,-0.0061537594356877445,0.001982281353885673,0.0032604850044939404,0.06126426410894448,-0.012551693971819211,0.008385577442198366,0.0032653158956084116,-0.009724116412041073,0.015305727115600298,0.00042631152414229767,-0.0028230841271976725,9.841269841269841e-05,-0.002921496825610371,-0.006252172134100443,0.0018838686554729749,0.003162072306081242,0.061165851410531775,-0.01265010667023191,0.008287164743785668,0.0031669031971957133,-0.009822529110453771,0.0152073144171876,0.00032789882572959925
2022-08-02,-0.009287118815202722,0.0462230173624989,-0.009084834427092181,-0.03424621928251659,0.00235076463385675,-0.02762082994478854,-0.012035065608423268,-0.0114743909181515,0.004609146648530293,0.011134400598203698,-0.006662395550704803,9.841269841269841e-05,-0.006760808249117501,-0.00938553151361542,0.046124604664086195,-0.00918324712550488,-0.03434463198092929,0.0022523519354440517,-0.027719242643201237,-0.012133478306835966,-0.011572803616564199,0.004510733950117595,0.011035987899791
2022-08-03,0.03824774412789789,-0.011346052401364104,0.039952299225118226,0.020578151858595017,0.025623295892843068,0.0067196277808496685,0.00398397419252805,0.027836185304576988,0.019810154580145012,0.02265568716125621,0.015638477163140152,9.682539682539643e-05,0.015541651766314755,0.03815091873107249,-0.011442877798189501,0.03985547382829283,0.02048132646176962,0.02552647049601767,0.006622802384024272,0.003887148795702654,0.02773935990775159,0.019713329183319615,0.022558861764430813
2022-08-04,-0.0019264736717140574,0.03651542949240638,0.021860686341448332,-0.0008401307618891574,0.0009315707109263105,0.009101892259282929,-0.005532335012983891,0.004177594414003005,0.01704353582702911,0.004023022853486102,-0.0007773401640558397,9.563492063492063e-05,-0.0008729750846907604,-0.002022108592348978,0.03641979457177146,0.021765051420813412,-0.000935765682524078,0.0008359357902913898,0.009006257338648007,-0.005627969933618812,0.004081959493368085,0.01694790090639419,0.003927387932851182
2022-08-05,-0.0013888288626860978,-0.01769837769457383,-0.012414983387324718,-0.008768809092295382,-0.0060918668800467035,0.00962137259432616,-0.00540966113038055,-0.0026089633231093368,-0.011761646026561823,-0.0663030068235908,-0.0016257460597355333,9.841269841269841e-05,-0.0017241587581482316,-0.0014872415610987962,-0.01779679039298653,-0.012513396085737417,-0.00886722179070808,-0.006190279578459402,0.009522959895913462,-0.005508073828793248,-0.002707376021522035,-0.011860058724974521,-0.0664014195220035
2022-08-08,-0.00290298416046042,-0.01101529253525868,-0.009872154542052702,0.005150303793589828,-0.0014470987738182117,-0.003871545428234646,-0.00937401579566255,-0.009154810562028048,-0.06298397728517147,0.007819434052879659,-0.0012375507238541195,0.00010198412698412659,-0.001339534850838246,-0.0030049682874445467,-0.011117276662242806,-0.009974138669036828,0.005048319666605701,-0.0015490829008023383,-0.003973529555218773,-0.009475999922646675,-0.009256794689012174,-0.0630859614121556,0.0077174499258955325
2022-08-09,0.0003031743286359134,-0.011915016897376618,-0.011333489631663474,-0.006269174091019458,-0.0057120157322883,-0.028699558589264318,0.01269456940086,0.007063218482804112,-0.03973481212827945,-0.024412625864385085,-0.004248692893594086,0.00010238095238095239,-0.004351073845975039,0.00020079337625496105,-0.01201739784975757,-0.011435870584044426,-0.006371555043400411,-0.005814396684669253,-0.02880193954164527,0.012592188448479048,0.0069608375304231595,-0.0398371930806604,-0.024515006816766036
2022-08-10,0.026194605151401706,0.03748689989519938,0.0352608325167747,0.025295711340931337,0.02632248710148799,0.045860337030031895,0.004998795654501009,0.024300767346109087,0.05917127469322092,0.03890581776676605,0.021290637641290244,0.00010158730158730159,0.021189050339702944,0.026093017849814406,0.03738531259361207,0.035159245215187394,0.025194124039344037,0.02622089979990069,0.04575874972844459,0.004897208352913708,0.024199180044521786,0.05906968739163362,0.038804230465178745
2022-08-11,-0.004431476471552287,0.023330216160603268,-0.014366830308238487,-0.006744760151649043,-0.007184603166156656,0.007062979512610257,-0.007958239564326619,-0.007401144132099136,-0.00856484285849568,-0.026249292544206493,-0.0007054739583503,0.0001,-0.0008054739583503001,-0.004531476471552287,0.023230216160603268,-0.014466830308238487,-0.006844760151649043,-0.007284603166156656,0.0069629795126102565,-0.008058239564326618,-0.007501144132099136,-0.00866484285849568,-0.026349292544206492
2022-08-12,0.02142530421793598,0.024773680133584275,0.020691152408548463,0.012568504580545037,0.023897699058378796,0.012565761546475818,0.0111849100904029,0.017037266453651778,0.042748713027522145,0.046750143628413676,0.017322368774566943,0.0001003968253968254,0.017221971949170117,0.021324907392539155,0.02467328330818745,0.020590755583151637,0.012468107755148212,0.02379730223298197,0.012465364721078993,0.011084513265006075,0.016936869628254952,0.04264831620212532,0.04664974680301685
2022-08-15,0.006333769818793078,0.012288159610043481,-0.0025775713556979163,0.0028236702866533125,0.0032873994541002816,-0.007215032875279137,0.01243426607210929,0.005344274696607032,0.01726468411584592,0.03096359891583922,0.0039695418998517695,0.00010436507936507936,0.00386517682048669,0.006229404739427999,0.012183794530678402,-0.002681936435062996,0.002719305207288233,0.003183034374735202,-0.007319397954644216,0.012329900992744211,0.005239909617241953,0.01716031903648084,0.03085923383647414
2022-08-16,-0.0009240367588235765,-0.014757224665510327,0.0111747882760318,0.00944448054685676,-0.0031127207682916103,0.0029069609136251895,0.003202118814368049,-0.00258993236477556,-0.008039335568388095,-0.008912075793144236,0.0018756797165810912,0.00010357142857142818,0.001772108288009663,-0.0010276081873950046,-0.014860796094081755,0.011071216847460371,0.00934090911828533,-0.0032162921968630384,0.0028033894850537614,0.003098547385796621,-0.0026935037933469882,-0.008142906996959524,-0.009015647221715665
2022-08-17,0.008784715007668753,-0.0186020096063525,-0.01851079360669594,-0.02835893090937791,-0.017666423814437282,-0.00550732114617547,0.0019902743009820867,-0.0026362789072749138,-0.028814872333511654,-0.008372333511224461,-0.007237794954094601,0.00010277777777777778,-0.007340572731872379,0.008681937229890975,-0.018704787384130277,-0.01861357138447372,-0.02846170868715569,-0.01776920159221506,-0.005610098923953248,0.0018874965232043089,-0.0027390566850526914,-0.028917650111289432,-0.00847511128900224
2022-08-18,-0.002291513778761578,-0.00492332887497593,0.0014074379989574837,0.008911516270094788,0.0051860091077444714,0.026814512017587777,-0.0008995698368895466,-0.003947389215585906,0.023888482817542744,-0.0037062197211366055,0.002269561170191503,0.00010357142857142818,0.002165989741620075,-0.002395085207333006,-0.005026900303547358,0.0013038665703860555,0.00880794484152336,0.005082437679173043,0.02671094058901635,-0.0010031412654609747,-0.004050960644157334,0.023784911388971316,-0.0038097911497080336
2022-08-19,-0.015102127558079825,-0.053681823097569414,-0.02860159688639219,-0.034204779115259765,-0.02463170532426573,-0.028384998741118106,-0.00015009492412854097,-0.013854150784341823,-0.04921912842376208,-0.020481852686155544,-0.012900001139847905,0.00010476190476190476,-0.01300476304460981,-0.01520688946284173,-0.05378658500233132,-0.028706358791154095,-0.03430954102002167,-0.024736467229027635,-0.028489760645880012,-0.00025485682889044573,-0.013958912689103728,-0.04932389032852399,-0.02058661459091745
2022-08-22,-0.023029255194677245,-0.029365656011242858,-0.036243902638259384,-0.02418366367350766,-0.02533904117172814,-0.023955583354531962,-0.013468755768578089,-0.029354965689945778,-0.045660970376480425,-0.022764022407583906,-0.0214000649197158,0.00010873015873015873,-0.02150879507844596,-0.023137985353407404,-0.029474386169973017,-0.03635263279698954,-0.02429239383223782,-0.025447771330458297,-0.02406431351326212,-0.013577485927308248,-0.029463695848675937,-0.04576970053521058,-0.022872752566314065
2022-08-23,-0.002029073421059957,0.0018852597685907746,0.003002506326521548,0.006856281456616431,-0.0033262713749865336,-0.00029926942456182104,-0.009165157447911909,-0.0047166576672027505,0.008629341311711114,0.0225584954757323,-0.0022378626777133093,0.00010753968253968253,-0.002345402360252992,-0.0021366131035996396,0.001777720086051092,0.0028949666439818653,0.006748741774076749,-0.003433811057526216,-0.00040680910710150356,-0.009272697130451592,-0.004824197349742433,0.008521801629171431,0.022450955793192617
2022-08-24,0.0017939333905945265,0.02607530198832575,0.001347163157822573,0.022052843242188036,-0.001493115117870203,-0.0053892055734836575,0.001228013462522215,-0.002351253446687518,0.0023865430799778764,0.002170125887066332,0.0029161604463010526,0.00010833333333333334,0.002807827112967719,0.0016856000572611932,0.025966968654992418,0.0012388298244892396,0.021944509908854704,-0.0016014484512035362,-0.005497538906816991,0.0011196801291888817,-0.0024595867800208514,0.002278209746644543,0.0020617925537329985
2022-08-25,0.01492267463731256,0.02200678190598926,0.026008936084948253,0.035330064570044506,0.026035704351311084,0.03762793223835992,0.006517197603737479,0.011095184692587523,0.04012319015812915,-0.003455684406709514,0.014091605518061545,0.0001103174603174603,0.013981288057744085,0.0148123571769951,0.0218964644456718,0.025898618624630793,0.03521974710972704,0.025925386890993624,0.037517614778042455,0.006406880143420019,0.010984867232270063,0.04001287269781169,-0.003566001867026974
2022-08-26,-0.0376991836898638,-0.03597367451410605,-0.04756700784791723,-0.028633876276430326,-0.05409341299652759,-0.08935323822209029,-0.021366609669689285,-0.03858670748626114,-0.09227948556840959,-0.026953121859416895,-0.03368805871951874,0.0001103174603174603,-0.033798376179836206,-0.037809501150181266,-0.03608399197442351,-0.047677325308234694,-0.028744193736747786,-0.05420373045684505,-0.08946355568240776,-0.021476927130006745,-0.038697024946578604,-0.09238980302872705,-0.027063439319734355
2022-08-29,-0.013690214948174018,0.006381858027395104,-0.007342307563037775,0.005409344169766239,-0.008337962393556664,0.004460254360759475,-0.00502051529529024,-0.01066811329683115,-0.028228702028234687,-0.01135058160727187,-0.006666355799502699,0.00011468253968253968,-0.006781038339185239,-0.013804897487856557,0.006267175487712565,-0.007456990102720315,0.0052946616300837,-0.008452644933239203,0.004345571821076935,-0.0051351978349727795,-0.01078279583651369,-0.028343384567917226,-0.01146526414695441
2022-08-30,-0.015305404864788041,-0.008631348855305143,-0.008167020675137082,-0.019405099084813915,-0.004386729623767072,-0.01363795896550557,-0.008487856810219574,-0.008520965827561122,-0.02107456218746606,-0.0249982267189629,-0.011028155571448206,0.00011428571428571428,-0.01114244128573392,-0.015419690579073756,-0.008745634569590858,-0.008281306389422797,-0.019519384799099627,-0.004501015338052786,-0.013752244679791284,-0.008602142524505288,-0.008635251541846837,-0.021188847901751774,-0.025112512433248614
2022-08-31,-0.010634911031631278,0.004975170576889676,-0.015225659516225343,-0.012083143041382027,-0.006609122061821071,-0.0768488682975258,0.0006742864068263188,-0.005704002478885584,-0.02417897660436663,-0.007526203685978228,-0.007817025105971265,0.00011388888888888889,-0.007930913994860154,-0.010748799920520167,0.004861281688000787,-0.015339548405114232,-0.012197031930270916,-0.00672301095070996,-0.07696275718641468,0.0005603975179374299,-0.005817891367774473,-0.02429286549325552,-0.007640092574867117
2022-09-01,0.0047065535827248706,0.0024752366734301923,0.008282741023605045,-0.041123222077320554,0.01404535564534326,-0.018808566230364754,0.01660849433866729,-0.004092302330110709,-0.07665301724383988,0.005623955563764049,0.0029962320243361873,0.00011428571428571428,0.002881946310050473,0.004592267868439156,0.002360950959144478,0.00816845530931933,-0.041237507791606266,0.013931069931057546,-0.018922851944650466,0.016494208624381577,-0.004206588044396423,-0.0767673029581256,0.005509669849478335
2022-09-02,-0.013611017713173301,0.0021163832499133672,-0.002425266463259801,-0.011974465013919189,-0.017222456246932083,-0.018814652910367435,-0.007642119484390197,-0.016666620245532227,-0.020807839170766784,-0.02507581222110289,-0.010736500458081055,0.0001130952380952381,-0.010849595696176294,-0.01372411295126854,0.002003288011818129,-0.002538361701355039,-0.012087560252014427,-0.01733555148502732,-0.018927748148462674,-0.007755214722485436,-0.016779715483627465,-0.020920934408862023,-0.025188907459198127
2022-09-06,-0.008215079770483413,0.000527961623688844,-0.010979542799969266,0.0037543936104049713,-0.009643024557540625,-0.011215439706692032,-0.0004714436593199478,-0.010974119852767972,-0.013336210583871466,0.015580556255471167,-0.004095056983834944,0.00011746031746031746,-0.004212517301295261,-0.008332540087943732,0.00041050130622852655,-0.011097003117429585,0.003636933292944654,-0.009760484875000943,-0.01133290002415235,-0.0005889039767802653,-0.01109158017022829,-0.013453670901331784,0.01546309593801085
2022-09-07,0.009254111915125929,0.020844351892646662,0.026722663554652915,0.023361097006707965,0.02471675830075326,0.005122514884924323,0.01584171587023331,0.01911158314348027,0.01879495884956528,0.03381677109982606,0.018341016392734,0.00011825396825396825,0.01822276242448003,0.00913585794687196,0.020726097924392693,0.026604409586398946,0.023242843038453996,0.024598504332499292,0.005004260916670355,0.01572346190197934,0.018993329175226302,0.01867670488131131,0.03369851713157209
2022-09-08,-0.009618030850276349,0.02162489999853401,0.0026259778181887405,0.011798630162854762,-0.009776148884854119,0.0010921931646274974,0.006423514165689648,0.0016662026786435913,0.02012529218687087,0.01959815762903916,0.006610721877456038,0.00011785714285714286,0.006492864734598896,-0.009735887993133492,0.021507042855676867,0.002508120675331598,0.011680773019997618,-0.009894006027711262,0.0009743360217703545,0.006305657022832505,0.0015483455357864484,0.020007435044013727,0.019480300486182017
2022-09-09,0.018839713972826466,0.04132232627943577,0.02657523304266962,-0.001711065499459652,0.0209449745201018,0.02763624449564528,-0.0021530819886941277,0.02297698782116453,0.028377594948988616,0.03602289482946186,0.015271449816332883,0.00011825396825396825,0.015153195848078914,0.018721460004572497,0.041204072311181804,0.026456979074415653,-0.0018293194677136203,0.02082672055184783,0.02751799052739131,-0.002271335956948096,0.02285873385291056,0.028259340980734647,0.03590464086120789
2022-09-12,0.03850792837039152,0.010608985446874719,0.023861278411006825,0.007618060663371784,0.001897690251400297,0.008846697888489796,0.003275297874923755,0.0082807651144845,0.008201774005258677,0.01581694096302666,0.0105842727693497,0.00012261904761904721,0.010461653721730654,0.038385309322772475,0.010486366399255672,0.023738659363387777,0.007495441615752736,0.0017750712037812497,0.00872407884087075,0.0031526788273047077,0.008158146066865454,0.00807915495763963,0.01569432191540761
2022-09-13,-0.058679154080160334,-0.026043753314818785,-0.0705752837581286,-0.07188762332633525,-0.05899327308696367,-0.04600168211561517,-0.02319765279727337,-0.054978281513683336,-0.09472601020057014,-0.04037188096320543,-0.0432366134006168,0.00012658730158730157,-0.0433632007022041,-0.058805741381747635,-0.026170340616406086,-0.07070187105971591,-0.07201421062792256,-0.05911986038855097,-0.046128269417202473,-0.023324240098860673,-0.05510486881527064,-0.09485259750215745,-0.04049846826479273
2022-09-14,0.009554896946623481,0.04327795044107541,0.01364140798846103,0.013237370039779872,0.006518491392660364,0.0029673962328284897,0.005465231760350964,0.0009127100204446847,-0.0002286533310096317,0.03587437200418364,0.0033870120853238816,0.0001246031746031746,0.0032624089107207072,0.009430293772020306,0.043153347266472235,0.013516804813857855,0.013112766865176697,0.006393888218057189,0.0028427930582253153,0.005340628585747789,0.0007881068458415101,-0.0003532565056128063,0.03574976882958047
2022-09-15,-0.018929731253348736,-0.013880142696148456,-0.0176585314552421,0.003483882430647789,-0.01990481070151584,-0.0036982917398584725,-0.00879864436478861,-0.02711922024732394,-0.015158145164570924,0.003767273730617582,-0.011317739184353415,0.0001238095238095238,-0.011441548708162939,-0.01905354077715826,-0.01400395221995798,-0.01778234097905162,0.003360072906838265,-0.020028620225325363,-0.0038221012636679963,-0.008922453888598135,-0.02724302977113346,-0.015281954688380449,0.003643464206808058
2022-09-16,-0.01096008203087473,-0.050303909704676464,-0.021777003694830932,-0.03665379581991901,-0.001068819043644531,0.010764766280353166,0.005681131767138803,-0.0026080706965853073,0.020805930647045612,-0.0013168523341049454,-0.007182134089448455,0.00012301587301587303,-0.007305149962464328,-0.011083097903890603,-0.050426925577692336,-0.021900019567846804,-0.03677681169293488,-0.0011918349166604042,0.010641750407337293,0.00555811589412293,-0.00273108656960118,0.02068291477402974,-0.0014398682071208185
2022-09-19,0.025082858350364834,0.0002526212993421151,0.009147615105472573,0.004089068016724262,0.002626244690363544,-0.010282863367796158,0.008238272088430199,-0.0008988384162714746,0.013941514618807105,0.018856110452001085,0.006857100716286535,0.00013055555555555555,0.006726545160730979,0.02495230279480928,0.00012206574378655953,0.009017059549917017,0.0039585124611687065,0.0024956891348079883,-0.010413418923351713,0.008107716532874643,-0.0010293939718270303,0.01381095906325155,0.01872555489644553
2022-09-20,0.015665269418142502,-0.017427173902152093,-0.019813903001303257,0.0073163826813171795,-0.018725030353644367,-0.01855296317615518,-0.0062644420876448725,-0.008465722621893379,-0.015393826319801018,-0.0011000625419275156,-0.011272103097361819,0.00012936507936507936,-0.011401468176726898,0.015535904338777422,-0.017556538981517173,-0.019943268080668337,0.0071870176019521005,-0.018854395433009447,-0.01868232825552026,-0.0063938071670099515,-0.008595087701258459,-0.015523191399166098,-0.001229427621292595
2022-09-21,-0.020267416306977037,-0.023134238449337707,-0.02987152347123634,-0.01815820961314152,-0.018390356439948907,-0.01701307741821434,-0.016914537220241832,-0.014435961725991708,0.006451105827584014,-0.025685948599634356,-0.017116493600784488,0.00012738095238095236,-0.01724387455316544,-0.02039479725935799,-0.02326161940171866,-0.02999890442361729,-0.01828559056552247,-0.01851773739232986,-0.01714045837059529,-0.017041918172622784,-0.01456334267837266,0.006323724875203061,-0.025813329552015308
2022-09-22,-0.0063753777398154465,-0.09025524710745858,-0.010376272544574183,-0.03196305943793254,0.008662493098422708,-0.011154039098122182,-0.012506001101236897,0.008495659494770047,-0.052786496070885924,-0.040591728559117746,-0.00842758097968943,0.00012658730158730157,-0.008554168281276732,-0.006501965041402748,-0.09038183440904589,-0.010502859846161484,-0.03208964673951984,0.008535905796835407,-0.011280626399709483,-0.012632588402824198,0.008369072193182746,-0.052913083372473226,-0.04071831586070505
2022-09-23,-0.015123734180309434,-0.018993455433067408,-0.0300912015408894,-0.053709262824846005,-0.013980570427393868,-0.014002293614904349,-0.008026237927890478,-0.012698294303407298,-0.003582391655416184,-0.04594757245188685,-0.017232619015461026,0.0001238095238095238,-0.01735642853927055,-0.015247543704118958,-0.01911726495687693,-0.030215011064698923,-0.05383307234865553,-0.014104379951203392,-0.014126103138713873,-0.008150047451700003,-0.012822103827216822,-0.0037062011792257077,-0.04607138197569638
2022-09-26,0.0022601628992631184,0.014545487537430901,0.012040804722097675,-0.029864378584452567,-0.005772673241624449,-0.015384710426891157,-0.008904129530330596,-0.0019754525386080912,-0.02301050118992276,0.0024698479153155706,-0.010340526208282075,0.00013095238095238096,-0.010471478589234456,0.0021292105183107375,0.01441453515647852,0.011909852341145295,-0.029995330965404948,-0.0059036256225768295,-0.015515662807843538,-0.009035081911282977,-0.002106404919560472,-0.02314145357087514,0.0023388955343631897
2022-09-27,0.006566364464079433,0.030417507386795606,-0.006426381710496365,0.0013350542110017738,-0.006824937386489371,0.0008015835555172934,-0.028962936209002033,-0.004379910142817467,0.015129156692556212,0.02510775852537339,-0.0021203598092424114,0.00012936507936507936,-0.002249724888607491,0.006436999384714354,0.030288142307430526,-0.006555746789861444,0.0012056891316366944,-0.00695430246585445,0.000672218476152214,-0.029092301288367112,-0.004509275222182546,0.014999791613191132,0.02497839344600831
2022-09-28,-0.012651573784103753,0.0406129508628128,0.0314657666190894,0.046506157994101516,0.026153758651906278,0.02522020966344063,0.0010140454469198534,0.019711567415549247,0.02602109923887075,0.0172121123742337,0.019672139926234733,0.00013055555555555555,0.01954158437067918,-0.012782129339659309,0.040482395307257245,0.03133521106353384,0.04637560243854596,0.026023203096350724,0.025089654107885075,0.0008834898913642979,0.019581011859993693,0.025890543683315195,0.017081556818678147
2022-09-29,-0.049119099244040454,-0.03640797443680732,-0.027201076403397306,-0.06077638235890093,-0.02628677962103898,-0.022257042940077576,-0.010720242280717218,-0.01480892987215865,-0.0405148271276895,-0.06810050474193585,-0.021126437880238824,0.00012936507936507936,-0.021255802959603904,-0.04924846432340553,-0.0365373395161724,-0.027330441482762386,-0.060905747438266,-0.02641614470040406,-0.022386408019442656,-0.010849607360082298,-0.014938294951523729,-0.04064419220705458,-0.06822986982130093
2022-09-30,-0.030039427294256904,-0.015188474507408345,-0.015679468675155572,-0.03391047584702833,-0.01816862527792429,-0.004792347539992692,-0.015614270778140815,-0.0193686280419596,-0.006628712893388178,-0.011036096899372572,-0.015066695771983274,0.00012777777777777776,-0.015194473549761051,-0.030167205072034683,-0.015316252285186122,-0.01580724645293335,-0.03403825362480611,-0.018296403055702067,-0.00492012531777047,-0.015742048555918594,-0.01949640581973738,-0.006756490671165956,-0.011163874677150349
2022-10-03,0.030752821801292463,-0.00038081602416883964,0.02548670135768094,0.041047250954272974,0.03125970298088454,0.03892451863483504,0.019935901032519965,0.033662735196497984,0.030727657264793207,-0.08614516909902203,0.025883894952576147,0.00013253968253968253,0.025751355270036465,0.03062028211875278,-0.0005133557067085222,0.02535416167514126,0.04091471127173329,0.03112716329834486,0.03879197895229535,0.019803361349980283,0.0335301955139583,0.030595117582253525,-0.08627770878156171
2022-10-04,0.0256228688426392,0.05533331008184539,0.04496029692750958,0.05918279472008403,0.03041358236861913,0.028968678042449847,0.013427437603024783,0.03381228697240779,0.05234953727696978,0.029042940273044104,0.030583700679551518,0.00013174603174603174,0.030451954647805486,0.02549112281089317,0.05520156405009936,0.04482855089576355,0.059051048688338,0.0302818363368731,0.028836932010703815,0.013295691571278752,0.03368054094066176,0.05221779124522375,0.028911194241298073
2022-10-05,0.002053278110732748,0.008573274962255795,-0.001156159830559167,-0.010486060625316651,-0.0020660651321632306,0.005255468420706677,0.002473616920833477,0.0012857917289812448,0.003189777128479454,-0.034597517632881436,-0.002017948757084831,0.00013214285714285715,-0.002150091614227688,0.0019211352535898909,0.008441132105112938,-0.001288302687702024,-0.010618203482459508,-0.0021982079893060878,0.00512332556356382,0.0023414740636906197,0.0011536488718383877,0.003057634271336597,-0.034729660490024294
2022-10-06,-0.006625396215143242,-0.0016105968301288742,-0.005374071210291542,0.0006812227497905443,-9.848649717481006e-05,-0.011202674780832367,-0.018152144004577542,-0.009670914930557495,-0.005980890019502971,-0.01112907563204113,-0.010245080846639998,0.00013174603174603174,-0.01037682687838603,-0.006757142246889274,-0.0017423428618749059,-0.005505817242037574,0.0005494767180445125,-0.0002302325289208418,-0.011334420812578398,-0.018283890036323573,-0.009802660962303526,-0.006112636051249003,-0.011260821663787161
2022-10-07,-0.03671892667061605,-0.02724503374834364,-0.04771409266460669,-0.018229982736330363,-0.027016436258721077,-0.054380508950641615,-0.006645441012156361,-0.050852933628234176,-0.08027414830898094,-0.06324275500689214,-0.028003617786773516,0.00013134920634920634,-0.028134966993122724,-0.03685027587696525,-0.027376382954692847,-0.04784544187095589,-0.01836133194267957,-0.027147785465070285,-0.05451185815699082,-0.006776790218505567,-0.05098428283458338,-0.08040549751533015,-0.06337410421324134
2022-10-11,-0.0102550194356128,-0.037570936563703694,-0.01284419027000161,-0.00250179368866843,-0.006948715240486347,-0.008403344041406302,0.008937933735924775,-0.016750132824844943,-0.007197991304016216,-0.02897383620084637,-0.006519175777754405,0.00014007936507936508,-0.006659255142833769,-0.010395098800692166,-0.03771101592878306,-0.012984269635080975,-0.002641873053747795,-0.007088794605565712,-0.008543423406485668,0.008797854370845409,-0.016890212189924307,-0.0073380706690955805,-0.029113915565925734
2022-10-12,-0.004604836768845932,0.05176932030608139,0.006149206372302096,-0.008740663458652431,0.0039102000528947745,-0.0036317473547589074,4.2375216483092615e-05,0.0015082244116493282,-0.007422830811831593,0.003418039229395431,-0.0032907731480149582,0.00014126984126984127,-0.0034320429892847996,-0.004746106610115774,0.05162805046481155,0.006007936531032255,-0.008881933299922273,0.003768930211624933,-0.003773017196028749,-9.889462478674866e-05,0.001366954570379487,-0.007564100653101435,0.0032767693881255895
2022-10-13,0.03361299934146844,0.002670254168511743,-0.00327726077574253,0.015181688048900188,0.015375172201455012,0.05386796013224027,0.040875637192969494,0.03760803914388511,0.04000019974424407,0.020622332969329582,0.02596564246086497,0.00014444444444444446,0.025821198016420525,0.033468554897023994,0.0025258097240672987,-0.0034217052201869743,0.015037243604455743,0.015230727757010567,0.05372351568779582,0.04073119274852505,0.03746359469944066,0.03985575529979962,0.02047788852488514
2022-10-14,-0.03224040778918069,-0.03098089495336387,-0.05003107895219994,0.005664652829111105,-0.025237207953439866,-0.02229049881126899,-0.014549090403204401,-0.02424868788068435,-0.06128762029266677,-0.07545550981161042,-0.02366266361565439,0.00014484126984126984,-0.02380750488549566,-0.03238524905902196,-0.03112573622320514,-0.050175920222041204,0.005519811559269836,-0.025382049223281137,-0.02243534008111026,-0.014693931673045672,-0.02439352915052562,-0.061432461562508034,-0.07560035108145169
2022-10-17,0.02912272524555992,0.06724071172268031,0.06445275295885255,0.022080379843591347,0.03531478867296478,0.009826912182349545,0.01365361351412342,0.039245690364342556,0.058875803027979234,0.07005219876844371,0.026480052302171098,0.00015158730158730158,0.026328465000583796,0.02897113794397262,0.06708912442109301,0.06430116565726525,0.021928792542004045,0.03516320137137748,0.009675324880762243,0.013502026212536117,0.03909410306275526,0.058724215726391936,0.0699006114668564
2022-10-18,0.009409523351754823,0.012360535977735898,0.022585461588422673,0.00918509834401382,0.008002461679557094,-0.005449637314958733,0.010994800090461831,0.004083844568967265,0.006645329261009358,0.0038294794370521412,0.011427569666488724,0.00015436507936507934,0.011273204587123645,0.009255158272389744,0.01220617089837082,0.022431096509057592,0.009030733264648741,0.007848096600192015,-0.005604002394323813,0.010840435011096753,0.003929479489602186,0.006490964181644279,0.003675114357687062
2022-10-19,0.0007652377106892594,-0.009072406924493515,-0.01108629175628062,0.0076452823631547595,-0.011312918911011494,-0.002348431594443201,0.006260149618268818,-0.008469642734132421,0.007019430239743274,0.008401793106927569,-0.0066720972934503076,0.00015515873015873016,-0.006827256023609038,0.0006100789805305292,-0.009227565654652244,-0.011241450486439349,0.007490123632996029,-0.011468077641170223,-0.0025035903246019313,0.0061049908881100875,-0.00862480146429115,0.006864271509584544,0.00824663437676884
2022-10-20,-0.003267102734549443,0.0011123235249668184,0.0015642678860967596,0.00534724688509125,0.0034125946263694473,0.0031384374060874354,-0.003908090193446179,-0.0013956175794476167,0.011866276548598842,-0.0664744863679374,-0.007950909706564868,0.00015515873015873016,-0.008106068436723598,-0.003422261464708173,0.0009571647948080882,0.0014091091559380294,0.00519208815493252,0.003257435896210717,0.002983278675928705,-0.004063248923604909,-0.0015507763096063469,0.011711117818440113,-0.06662964509809613
2022-10-21,0.027059088381680807,0.02521364913027524,0.03531453097461368,0.015740691184844335,0.011603376827730827,0.047712349792105035,0.019137464569948914,0.025280611928095054,0.022306007730170663,0.03454266549727758,0.02372481982226482,0.00015476190476190475,0.023570057917502916,0.026904326476918903,0.025058887225513336,0.03515976906985177,0.015585929280082431,0.011448614922968923,0.04755758788734313,0.01898270266518701,0.02512585002333315,0.02215124582540876,0.03438790359251567
2022-10-24,0.014802675362001638,-0.029679013331946003,0.004190412347291339,0.005165551158402559,0.013744781656869431,0.010078293754988588,0.0030250003096345957,0.021187952528264997,0.01066899414940492,-0.014875967194030837,0.011881976654619875,0.00015873015873015873,0.011723246495889716,0.01464394520327148,-0.029837743490676163,0.0040316821885611805,0.005006820999672401,0.013586051498139273,0.009919563596258429,0.002866270150904437,0.021029222369534837,0.010510263990674762,-0.015034697352760995
2022-10-25,0.019337622162620027,0.01769909416097981,0.006509754475742646,0.032382898598393606,0.019118253928245954,0.019216672881186447,0.0016057048993278755,0.013791646422470105,0.0525439130792158,0.05287573097725584,0.016266654579669915,0.00015753968253968254,0.016109114897130232,0.019180082480080345,0.01754155447844013,0.0063522147932029635,0.03222535891585392,0.01896071424570627,0.019059133198646765,0.001448165216788193,0.013634106739930422,0.052386373396676116,0.05271819129471616
2022-10-26,-0.019627095700026298,-0.02650907108946987,-0.040961814879887926,-0.08769179096883584,-0.09140507495621741,-0.003625962279284911,0.003441219457431366,-0.07715627433917871,-0.027524224328534297,0.009981122376490958,-0.007387716072364547,0.00015634920634920635,-0.0075440652787137534,-0.019783444906375503,-0.026665420295819076,-0.041118164086237134,-0.08784814017518504,-0.09156142416256662,-0.0037823114856341176,0.0032848702510821595,-0.07731262354552791,-0.027680573534883502,0.009824773170141752
2022-10-27,-0.030465295901610734,-0.028184893494152985,-0.04063638620803933,0.04462218043419175,-0.028547273998854372,-0.00946140302800702,0.03312407328369149,-0.019756306150733205,0.021712076580477913,0.00200319154854367,-0.006082610618211248,0.00015674603174603175,-0.00623935664995728,-0.030622041933356766,-0.028341639525899017,-0.04079313223978536,0.04446543440244572,-0.028704020030600404,-0.009618149059753053,0.03296732725194546,-0.019913052182479237,0.02155533054873188,0.0018464455167976385
2022-10-28,0.07555221927163802,0.028109955332024983,-0.06804249715805744,0.029192916366744148,0.04413353996701397,0.030492287771844317,0.03549473909533596,0.04022052022401912,0.04993928366712841,0.01523838460338034,0.024626377895927698,0.00015833333333333332,0.024468044562594365,0.07539388593830469,0.02795162199869165,-0.06820083049139077,0.029034583033410815,0.04397520663368063,0.030333954438510984,0.03533640576200262,0.04006218689068578,0.04978095033379507,0.015080051270047006
2022-10-31,-0.015410175004792248,-0.07204231827376095,-0.009380148789788323,-0.009246397837291531,-0.018485744392998438,-0.015329591806947485,-0.006775255482433962,-0.015856079351387664,-0.024360374471641633,-0.004288512900427088,-0.00745440410765752,0.0001611111111111111,-0.007615515218768631,-0.01557128611590336,-0.07220342938487206,-0.009541259900899435,-0.009407508948402643,-0.01864685550410955,-0.015490702918058596,-0.006936366593545073,-0.016017190462498776,-0.024521485582752744,-0.004449624011538199
2022-11-01,-0.017542665343169173,0.020016830196844193,-0.05515425020719411,0.006104907792518599,-0.04274691647277895,0.008327229965035654,0.0010637120790026877,-0.01705948302480964,0.0034082026478634564,0.0012306146011606955,-0.004101230608784645,0.0001611111111111111,-0.004262341719895756,-0.017703776454280284,0.01985571908573308,-0.05531536131830522,0.005943796681407488,-0.04290802758389006,0.008166118853924542,0.0009026009678915766,-0.017220594135920753,0.0032470915367523454,0.0010695034900495845
2022-11-02,-0.037304987433134484,-0.1342503345249786,-0.04824876665742572,0.028107118440891865,-0.03868670575582511,-0.031238916790182647,-0.009452462259146754,-0.03536835043749964,-0.02392366375421262,-0.05636033352596037,-0.02500198485734284,0.0001603174603174603,-0.025162302317660302,-0.03746530489345194,-0.13441065198529606,-0.04840908411774318,0.027946800980574404,-0.03884702321614257,-0.031399234250500105,-0.009612779719464214,-0.0355286678978171,-0.024083981214530082,-0.05652065098627783
2022-11-03,-0.04240472960977926,-0.025315188288698054,-0.030612240672440283,0.06336066824406039,-0.04070384009469452,-0.011860620912634623,0.009542663929794859,-0.02657867211729148,0.015280849413944475,0.0015350350619269815,-0.010585992315429671,0.0001611111111111111,-0.010747103426540783,-0.04256584072089037,-0.025476299399809166,-0.030773351783551395,0.06319955713294928,-0.04086495120580563,-0.012021732023745735,0.009381552818683747,-0.02673978322840259,0.015119738302833363,0.0013739239508158705
2022-11-04,-0.0019477497206579208,0.044229513619862715,0.01881299269611514,0.02079741312176031,0.03775629462365204,0.06114049744485328,0.006117878444082736,0.03332544429559303,0.054765017965827,-0.0364125977743186,0.013618724670070526,0.00015952380952380914,0.013459200860546717,-0.00210727353018173,0.044069989810338904,0.018653468886591328,0.0206378893122365,0.03759677081412823,0.06098097363532947,0.005958354634558927,0.03316592048606922,0.05460549415630319,-0.03657212158384241
2022-11-07,0.0039023160580826666,-0.006556325085107173,-0.00494619214148917,0.03062314432530089,0.022060365906056978,0.016259948501872623,0.006518269970067658,0.029269474560721376,0.01024286369633809,-0.05007952633400592,0.009613981920559844,0.0001634920634920635,0.00945048985706778,0.003738823994590603,-0.0067198171485992365,-0.005109684204981233,0.030459652261808825,0.021896873842564914,0.01609645643838056,0.006354777906575595,0.029105982497229312,0.010079371632846026,-0.05024301839749798
2022-11-08,0.004175141979423147,0.036036061956822296,-0.006075283660437414,0.028560980840971917,0.004633381935363445,0.0034784797033693415,0.007199360493666429,0.004388644022058852,0.021047536754216667,-0.02932818513088775,0.005597892802462701,0.0001626984126984123,0.0054351943897642885,0.004012443566724735,0.03587336354412388,-0.006237982073135826,0.028398282428273504,0.004470683522665033,0.0033157812906709295,0.007036662080968017,0.00422594560936044,0.020884838341518254,-0.029490883543586165
2022-11-09,-0.03318978248712334,-0.03144591064073721,-0.042676192754212194,-0.005188006422329305,-0.01777280522203839,-0.0363952966283404,-0.002190962570037147,-0.019050235585874264,-0.05656747822435748,-0.07166757185130745,-0.02077788695478977,0.0001630952380952381,-0.020940982192885007,-0.03335287772521858,-0.03160900587883245,-0.042839287992307434,-0.005351101660424544,-0.017935900460133627,-0.03655839186643564,-0.0023540578081323853,-0.0192133308239695,-0.05673057346245272,-0.0718306670894027
2022-11-10,0.08897432726205756,0.06900512106874923,0.12177847617944271,0.05238826626830195,0.07581321659326301,0.05395684582214355,-0.006875759658644287,0.08226804627620177,0.14329261133219307,0.07393437216942544,0.05543448436034493,0.0001623015873015873,0.05527218277304334,0.08881202567475598,0.06884281948144765,0.12161617459214112,0.05222596468100037,0.07565091500596142,0.053794544234841965,-0.007038061245945875,0.08210574468890018,0.14313030974489147,0.07377207058212386
2022-11-14,-0.009485619216541341,-0.040248207036575945,-0.022819754250081536,-0.022198446782728865,-0.007364387469804168,-0.003928072459495113,0.0032425889176941336,-0.022500204018881642,-0.0019595882121283825,-0.02561618738169713,-0.008935777048800997,0.00016507936507936506,-0.009100856413880361,-0.009650698581620706,-0.04041328640165531,-0.0229848336151609,-0.02236352614780823,-0.007529466834883533,-0.004093151824574479,0.0030775095526147686,-0.022665283383961007,-0.0021246675772077475,-0.025781266746776495
2022-11-15,0.011869365337745297,0.017592225272883733,0.004569038353104293,0.010371668223025043,0.02863121646272604,0.0042720524018429185,-0.01627073090947362,0.0017389109991539087,0.022767584491230508,0.018172303095892017,0.008713116550319144,0.00016428571428571428,0.00854883083603343,0.011705079623459583,0.01742793955859802,0.004404752638818579,0.01020738250873933,0.028466930748440325,0.004107766687557204,-0.016435016623759333,0.0015746252848681944,0.022603298776944794,0.018008017381606303
2022-11-16,-0.008331377793088568,-0.02410991290113418,-0.018394983322362668,-0.01516968103519245,0.0041649756942023775,-0.041557666507610724,0.017435870208203585,0.001823468992067534,-0.04536204862583926,-0.03857627852399581,-0.008252046497990273,0.00016428571428571428,-0.008416332212275987,-0.008495663507374282,-0.024274198615419892,-0.018559269036648382,-0.015333966749478165,0.004000689979916663,-0.04172195222189644,0.01727158449391787,0.0016591832777818197,-0.04552633434012497,-0.038740564238281525
2022-11-17,0.012971783909167645,-0.049123788551437286,-0.023373189953300733,0.000521143879890662,-0.004957091677483816,0.004779906169354975,0.0031192323616417994,-0.00020690027036229797,-0.014644771057543138,-0.020062058831236462,-0.0030893228355314273,0.0001638888888888885,-0.0032532117244203156,0.012807895020278756,-0.04928767744032617,-0.02353707884218962,0.00035725499100177353,-0.005120980566372705,0.004616017280466086,0.002955343472752911,-0.00037078915925118646,-0.014808659946432027,-0.02022594772012535
2022-11-18,0.0037815945225512237,-0.0154079190500519,-0.007485493894513584,0.006424358248603879,-0.009454988399635322,0.0016988634536598823,3.6439839909974125e-05,-0.0019032778848165899,-0.017095027838968546,-0.016269016527425406,0.00475858190881473,0.00016468253968253969,0.00459389936913219,0.003616911982868684,-0.015572601589734439,-0.007650176434196123,0.006259675708921339,-0.009619670939317862,0.0015341809139773426,-0.00012824269977256556,-0.0020679604244991296,-0.017259710378651087,-0.016433699067107947
2022-11-21,-0.021680061841255593,-0.021069833582119113,-0.017845764989037338,-0.005463206346406735,-0.018782729321456193,-0.010854650423749002,0.0042067464739605764,0.003440854327824372,-0.0059706641471757305,-0.06837231343190053,-0.003883688698329779,0.00016785714285714285,-0.004051545841186922,-0.021847918984112737,-0.021237690724976256,-0.01801362213189448,-0.005631063489263878,-0.018950586464313336,-0.011022507566606145,0.004038889331103433,0.003272997184967229,-0.006138521290032874,-0.06854017057475767
2022-11-22,0.014661250300764372,-0.004492741712349924,0.008003437930963697,-0.002544249075949523,0.01516736810396635,0.007544349609517331,0.0008742816895039862,0.01231140682212506,0.04707211406758938,0.012152311933396831,0.013579987927526016,0.00016706349206349207,0.013412924435462523,0.01449418680870088,-0.004659805204413415,0.007836374438900204,-0.002711312568013015,0.015000304611902857,0.0073772861174538394,0.0007072181974404942,0.012144343330061567,0.04690505057552589,0.011985248441333338
2022-11-23,0.0059263032825649375,0.014168749909917233,0.009978544373689502,0.013623223788496341,0.014528554674312577,0.018039683145240293,-0.005422867055469016,0.010406980859053006,0.029991097909921605,0.07821783885404354,0.0059146891478476515,0.00016706349206349207,0.00574762565578416,0.005759239790501446,0.01400168641785374,0.00981148088162601,0.013456160296432849,0.014361491182249084,0.0178726196531768,-0.005589930547532508,0.010239917366989513,0.029824034417858112,0.07805077536198005
2022-11-25,-0.019593687942766613,0.010762712874759828,-0.007648928209040617,0.020074317325204705,-0.010156603294053546,0.008023948127449998,0.006330777040395086,-0.0003636333615510967,-0.015073503594469573,-0.0018558752377416665,-0.0002830441976333642,0.00016746031746031704,-0.00045050451509368126,-0.01976114826022693,0.010595252557299512,-0.007816388526500934,0.01990685700774439,-0.010324063611513862,0.007856487809989682,0.006163316722934769,-0.0005310936790114138,-0.015240963911929889,-0.0020233355552019836
2022-11-28,-0.026264423537711967,-0.02426533389596275,0.00578089353348199,-0.03661134086651208,-0.014467201480907188,-0.031177301708017136,-0.007709239214117591,-0.023152418692090393,-0.027228151739965067,0.00032810652079984237,-0.015444192913123267,0.0001706349206349206,-0.015614827833758187,-0.02643505845834689,-0.02443596881659767,0.005610258612847069,-0.036781975787146995,-0.014637836401542108,-0.031347936628652054,-0.007879874134752511,-0.023323053612725315,-0.02739878666059999,0.00015747160016492176
2022-11-29,-0.02114829262913398,0.0008393934847694684,-0.016285245651894598,0.020310804027084073,-0.00895363712891506,-0.011297498181343735,-0.00538691293022564,-0.005915014011023567,-0.011878367557780045,-0.011425739989130657,-0.0015918653377758885,0.00016944444444444404,-0.0017613097822203325,-0.021317737073578424,0.0006699490403250243,-0.016454690096339042,0.02014135958263963,-0.009123081573359504,-0.011466942625788179,-0.0055563573746700845,-0.0060844584554680115,-0.01204781200222449,-0.011595184433575101
2022-11-30,0.04859411037555961,0.07087442158621204,0.04457912603558567,0.020305711897503187,0.06093061984334014,0.04016635734370522,0.010745119560578553,0.061623712702590705,0.0823791275993575,0.07670184691003823,0.030947872397389053,0.00016944444444444404,0.03077842795294461,0.04842466593111516,0.0707049771417676,0.044409681591141226,0.020136267453058743,0.060761175398895695,0.03999691289926077,0.010575675116134109,0.06145426825814626,0.08220968315491306,0.07653240246559379
2022-12-01,0.0018913730537413187,-0.008517747716671797,-0.010772746070691896,-0.01733008731493768,0.0,-0.005992177601235826,0.002235968149083778,-0.001763800155563544,0.012527254734529425,0.0,-0.0008676332180498347,0.00016746031746031704,-0.0010350935355101518,0.0017239127362810016,-0.008685208034132114,-0.010940206388152213,-0.017497547632397997,-0.00016746031746031704,-0.006159637918696143,0.002068507831623461,-0.0019312604730238611,0.012359794417069109,-0.00016746031746031704
2022-12-02,-0.0033711731603009998,-0.0026661069617492927,-0.014345578498241363,0.040334488492018705,-0.005445925161694953,-0.007367639478290111,0.0,0.001295833528820678,-0.015115029623943621,0.0008217959148295595,-0.001194660488065602,0.00016746031746031704,-0.001362120805525919,-0.003538633477761317,-0.00283356727920961,-0.014513038815701679,0.04016702817455839,-0.00561338547915527,-0.007535099795750428,-0.00016746031746031704,0.0011283732113603609,-0.015282489941403937,0.0006543355973692424
2022-12-05,-0.007983288021463864,-0.024653444195737784,-0.03314559872755318,0.012194515480240753,-0.009558093184756533,-0.014507479877978957,-0.006619990351959371,-0.018900566843144007,-0.015762154612837365,-0.06368676805520934,-0.017894212283564803,0.00016944444444444404,-0.018063656728009247,-0.008152732465908308,-0.024822888640182228,-0.03331504317199763,0.012025071035796309,-0.009727537629200977,-0.014676924322423401,-0.006789434796403815,-0.01907001128758845,-0.01593159905728181,-0.06385621249965379
2022-12-06,-0.025369904064482807,-0.05471524995192423,-0.03032636052572668,-0.036034647259839625,-0.025130658271173223,-0.03081153970997419,0.0006623889325787502,-0.02030381316419816,-0.0375075869264756,-0.01441485156488942,-0.014399194981406072,0.00016944444444444404,-0.014568639425850516,-0.02553934850892725,-0.05488469439636867,-0.030495804970171125,-0.03620409170428407,-0.025300102715617667,-0.030980984154418634,0.0004929444881343061,-0.020473257608642603,-0.037677031370920044,-0.014584296009333864
2022-12-07,-0.013785018569232865,-0.01739693619845284,0.0023795930251859776,-0.010816526116706027,-0.02103514699744935,-0.016954958947549947,-0.00526167169367775,-0.003059684992470224,0.008319447038886985,-0.032143331123685615,-0.0018623708845491027,0.0001666666666666667,-0.0020290375512157692,-0.013951685235899533,-0.017563602865119505,0.002212926358519311,-0.010983192783372694,-0.021201813664116016,-0.017121625614216613,-0.005428338360344416,-0.0032263516591368906,0.008152780372220317,-0.032309997790352284
2022-12-08,0.012132785463886853,0.03639346263447729,0.021365582288144003,0.014617574113624299,-0.012955718814798622,0.023356070300856846,0.01128220938404323,0.012399319387284002,0.06507426965011587,-0.003447430865732959,0.00752178195750397,0.00016547619047619047,0.0073563057670277794,0.011967309273410663,0.0362279864440011,0.02120010609766781,0.014452097923148109,-0.013121195005274812,0.023190594110380654,0.01111673319356704,0.012233843196807813,0.06490879345963968,-0.003612907056209149
2022-12-09,-0.003435034675341342,-0.001370925659624933,-0.01394579034322141,0.00256863664493423,-0.009390580850020425,-0.009480406392907481,-0.0049380146675308545,-0.008003212164943707,-0.009785092889664893,0.0323454827685834,-0.007349578247904498,0.00016626984126984128,-0.007515848089174339,-0.003601304516611183,-0.0015371955008947743,-0.014112060184491251,0.002402366803664389,-0.009556850691290267,-0.009646676234177323,-0.005104284508800696,-0.00816948200621355,-0.009951362730934735,0.03217921292731356
2022-12-12,0.016390299412698317,0.009292554500222705,0.01638799835988114,0.037484745672249575,0.005170781310515515,0.028713354897738963,0.016835640350833625,0.028889088200906743,0.031410163110779044,-0.0627198857086465,0.014279296218109305,0.00017023809523809523,0.01410905812287121,0.016220061317460222,0.00912231640498461,0.016217760264643045,0.03731450757701148,0.0050005432152774205,0.028543116802500868,0.01666540225559553,0.028718850105668648,0.03123992501554095,-0.0628901238038846
2022-12-13,0.006782473595497773,-0.023435922266704212,0.02142456926150338,0.004616957054951465,0.024863298084051744,0.003929486187167264,-0.008459178804609446,0.01746474060358061,0.030624301247353936,-0.04093677795344208,0.0072896644387934195,0.00016904761904761904,0.0071206168197458005,0.006613425976450154,-0.023604969885751833,0.021255521642455758,0.004447909435903846,0.024694250465004123,0.0037604385681196447,-0.008628226423657065,0.017295692984532988,0.030455253628306315,-0.0411058255724897
2022-12-14,-0.015536054523740406,0.006321019824656382,-0.009838858835905628,0.00598511776820021,-0.005855866812131794,-0.0176653481423954,0.0009115497604452738,0.0011678220861639499,-0.022022884018282007,-0.025784367661833008,-0.006052724634100337,0.00016785714285714285,-0.00622058177695748,-0.01570391166659755,0.006153162681799239,-0.010006715978762772,0.005817260625343067,-0.006023723954988937,-0.01783320528525254,0.0007436926175881309,0.0009999649433068071,-0.02219074116113915,-0.02595222480469015
2022-12-15,-0.04685426229710876,-0.03534546666706739,-0.03417782070573294,-0.024063738535441526,-0.04428317993887998,-0.053596753432639366,-0.010199233350620673,-0.03191838362880328,-0.040850905143248406,0.005548438139381551,-0.024921675023714007,0.00016746031746031704,-0.025089135341174323,-0.04702172261456908,-0.03551292698452771,-0.03434528102319326,-0.024231198852901842,-0.044450640256340296,-0.05376421375009968,-0.01036669366808099,-0.0320858439462636,-0.04101836546070872,0.005380977821921234
2022-12-16,-0.014579024578010746,-0.011477771863170338,-0.006670394101153776,0.005334180933091792,-0.00660365826884346,-0.004470907630262033,-0.020645541935886857,-0.01734873635997447,-0.02247521058374158,-0.047187179094365206,-0.011137750774080746,0.0001666666666666667,-0.011304417440747413,-0.014745691244677414,-0.011644438529837006,-0.0068370607678204425,0.005167514266425126,-0.006770324935510126,-0.0046375742969287,-0.020812208602553523,-0.017515403026641136,-0.022641877250408244,-0.047353845761031875
2022-12-19,-0.015909297433370884,-0.040638600000562186,-0.033462353983410575,0.005305878417603216,-0.020163847850033445,-0.005988092513922183,-0.001089828035638507,-0.017327967210051476,-0.019130209433461776,-0.00239632976495896,-0.009007516001852345,0.00016984126984126983,-0.009177357271693614,-0.016079138703212155,-0.04080844127040346,-0.03363219525325185,0.005136037147761946,-0.020333689119874716,-0.0061579337837634526,-0.0012596693054797768,-0.017497808479892747,-0.019300050703303047,-0.00256617103480023
2022-12-20,-0.0005289295606153432,0.019667199294824744,0.0031795134041781026,0.014056445030719678,0.006558015498388858,0.0018825726723634695,0.005341730417539159,0.005614475922743445,-0.010397394299417773,-0.08053641461716088,0.0010373383615349674,0.00016865079365079366,0.0008686875678841738,-0.0006975803542661369,0.01949854850117395,0.003010862610527309,0.013887794237068884,0.006389364704738065,0.0017139218787126757,0.005173079623888365,0.005445825129092651,-0.010566045093068566,-0.08070506541081167
2022-12-21,0.023809495858712726,-0.006277140316333418,0.018546709195681466,0.04094751175730704,0.0062908557380720875,0.0030064230780253443,0.003405165103584684,0.01087677365947326,0.02586284538532646,-0.0016690545895901021,0.014867993802734736,0.00016746031746031704,0.01470053348527442,0.02364203554125241,-0.006444600633793735,0.01837924887822115,0.040780051439846726,0.0061233954206117705,0.002838962760565027,0.003237704786124367,0.010709313342012944,0.025695385067866144,-0.0018365149070504192
2022-12-22,-0.02377268957976353,-0.025266991569462105,-0.034343619255829294,-0.039540816326530615,-0.020317165969262918,-0.001124091643745384,-0.008912608528399146,-0.025528803251555376,-0.07042002456842877,-0.08882756559936855,-0.01445169956861636,0.00016825396825396826,-0.01461995353687033,-0.023940943548017495,-0.025435245537716072,-0.034511873224083264,-0.039709070294784585,-0.020485419937516885,-0.0012923456119993523,-0.009080862496653115,-0.025697057219809343,-0.07058827853668274,-0.08899581956762252
2022-12-23,-0.0027980264646180197,0.0044774035715848814,0.01742450254827599,0.004302775875663967,0.016750257054924722,0.0037510225128709607,0.006772960262505512,0.0022670197278376047,-0.008670653647326332,-0.017550833466474902,0.005868102525282026,0.00016785714285714285,0.005700245382424883,-0.0029658836074751625,0.004309546428727738,0.017256645405418845,0.0041349187328068235,0.01658239991206758,0.003583165370013818,0.006605103119648369,0.002099162584980462,-0.008838510790183475,-0.017718690609332045
2022-12-27,-0.013878209703704458,-0.02064518634874446,-0.025923742926365456,0.0017983515406811978,-0.020621024276256006,0.011584400448394039,-0.0027285017371917464,-0.007414308547908699,-0.07135342350933815,-0.1140885333144338,-0.004049622110409712,0.00017261904761904762,-0.004222241158028759,-0.014050828751323506,-0.020817805396363506,-0.026096361973984503,0.0016257324930621503,-0.020793643323875052,0.01141178140077499,-0.002901120784810794,-0.007586927595527746,-0.0715260425569572,-0.11426115236205285
2022-12-28,-0.03068538836731216,-0.01197748263967735,-0.01469172937442731,-0.005385369833904918,-0.0156767633395265,-0.01957886926454855,-0.006483328975451008,-0.010254610590337498,-0.006019338780063221,0.03308891531476843,-0.012020638322615351,0.00017261904761904762,-0.0121932573702344,-0.030858007414931207,-0.012150101687296399,-0.014864348422046357,-0.005557988881523966,-0.015849382387145547,-0.019751488312167595,-0.0066559480230700555,-0.010427229637956547,-0.006191957827682269,0.032916296267149384
2022-12-29,0.02832462858758844,0.033216214863881044,0.02884381103830358,0.00281345559804258,0.028249091913210567,0.018839495119740812,0.0030931734934751542,0.027629578088820717,0.040395956852551596,0.0808269069678893,0.01746133164481911,0.00017222222222222224,0.01728910942259689,0.028152406365366218,0.033043992641658824,0.028671588816081357,0.002641233375820358,0.028076869690988344,0.01866727289751859,0.002920951271252932,0.027457355866598494,0.040223734630329376,0.08065468474566707
2022-12-30,0.002468734002718742,0.003167859115711824,-0.002138278742257471,0.008363780638535045,-0.0024868432590385847,-0.006286746957922529,-0.009024783021501115,-0.004937580416632392,0.0007533419926926133,0.011164017515666869,-0.0025407424823445934,0.0001706349206349206,-0.002711377402979514,0.0022980990820838216,0.0029972241950769036,-0.0023089136628923917,0.008193145717900125,-0.0026574781796735053,-0.00645738187855745,-0.009195417942136035,-0.005108215337267313,0.0005827070720576926,0.010993382595031949
2023-01-03,-0.03740480553493586,-0.00701752601311223,0.021666663033621747,0.025723102289795463,0.01008687721280599,-0.004466244876652259,0.0030355938758608314,-0.001000650622864474,-0.02045980226580213,-0.12242248574195735,-0.004000548879248611,0.0001746031746031746,-0.0041751520538517856,-0.03757940870953903,-0.007192129187715404,0.021492059859018572,0.02554849911519229,0.009912274038202815,-0.004640848051255433,0.002860990701257657,-0.0011752537974676486,-0.020634405440405304,-0.12259708891656053
2023-01-04,0.010314236574628932,0.04499410631529632,-0.007923564525679994,0.04222324594795546,-0.011669576808560178,0.01757010975444695,0.00022711300259792289,-0.043743219581445225,0.030317812815438216,0.05124885285593783,0.007538970575044379,0.000175,0.007363970575044379,0.010139236574628932,0.04481910631529632,-0.008098564525679993,0.042048245947955455,-0.011844576808560178,0.017395109754446948,5.211300259792289e-05,-0.04391821958144523,0.030142812815438215,0.05107385285593783
2023-01-05,-0.010604654009773284,-0.011384153768415173,-0.023725589118479662,0.006629375896493261,-0.02134409070864729,-0.00036723863262433376,-0.008434638474046241,-0.02963772115277319,-0.03281580951026575,-0.029039097760312105,-0.011645528874622113,0.00017896825396825398,-0.011824497128590367,-0.010783622263741539,-0.011563122022383427,-0.023904557372447916,0.006450407642525007,-0.021523058962615544,-0.0005462068865925878,-0.008613606728014495,-0.029816689406741443,-0.032994777764234,-0.02921806601428036
2023-01-06,0.036794173347459935,0.009234951169178052,0.035611152390083056,0.039075048988683525,0.013225001492149557,0.04226392705455617,0.02788363929011961,0.011785292490779087,0.0416404057608446,0.024651090365942707,0.02284078102943865,0.00017896825396825398,0.022661812775470396,0.036615205093491685,0.009055982915209797,0.035432184136114805,0.038896080734715274,0.013046033238181303,0.04208495880058792,0.027704671036151356,0.011606324236810833,0.04146143750687635,0.024472122111974453
2023-01-09,0.0040888781316612555,0.008133769182192108,0.01486987397850048,-0.02079808767972413,0.007785592157123489,0.009872938043714141,-0.008238439988688007,0.00973637708268682,0.05175308623530972,0.05934901140427806,-0.0007676325452631305,0.00018055555555555555,-0.0009481881008186861,0.0039083225761057,0.007953213626636552,0.014689318422944925,-0.020978643235279686,0.007605036601567933,0.009692382488158586,-0.008418995544243562,0.009555821527131265,0.05157253067975416,0.059168455848722504
2023-01-10,0.004456359148370392,-0.007843982126834792,0.028731709234134817,-0.009013783462595626,0.004544631621630213,0.01571218022949794,0.0062114374661259575,0.007617133538460497,0.017980610239510808,-0.007681374256751861,0.006978233159061986,0.00018134920634920633,0.006796883952712779,0.004275009942021186,-0.008025331333183998,0.02855036002778561,-0.009195132668944832,0.004363282415281006,0.015530831023148735,0.006030088259776751,0.00743578433211129,0.017799261033161602,-0.007862723463101066
2023-01-11,0.021112404614365365,0.06663656499741699,0.058083825879343465,0.006483121205973719,0.03505991996965885,-0.008937692144720066,-0.000371764778254291,0.03023806829662279,0.005782858351276454,0.036769060182475055,0.012849424614881588,0.00018134920634920633,0.012668075408532382,0.02093105540801616,0.06645521579106778,0.05790247667299426,0.006301771999624512,0.03487857076330964,-0.009119041351069272,-0.0005531139846034973,0.030056719090273583,0.0056015091449272475,0.03658771097612585
2023-01-12,-0.0005994191033192875,0.04288432144922938,0.0018929468094222024,0.030236064903288673,-0.004261427112276839,-0.009712063116145142,-0.007886453628778156,0.011621363147459096,0.031873263776140526,0.0027592625752508315,0.0034159058663651987,0.00017857142857142857,0.00323733443779377,-0.000777990531890716,0.04270575002065795,0.0017143753808507738,0.030057493474717246,-0.004439998540848268,-0.009890634544716571,-0.008065025057349585,0.011442791718887667,0.031694692347569095,0.002580691146679403
2023-01-13,0.010119052331150513,0.01908828229860382,0.029915043601747238,-0.0008865361838048536,0.010863588427385329,-0.02241691362446041,0.008249219251450501,0.0030189676761425144,0.023499030735395054,-0.009388119582672938,0.003996858363534361,0.00017896825396825398,0.0038178901095661075,0.009940084077182259,0.018909314044635566,0.029736075347778983,-0.0010655044377731076,0.010684620173417075,-0.022595881878428665,0.008070250997482247,0.0028399994221742606,0.0233200624814268,-0.009567087836641192
2023-01-17,0.008756497387214957,0.008966761700273107,-0.02109661268732843,-0.012702569274174014,-0.009010128305243614,-0.011465397997260873,0.019413080343366307,0.004681657293800212,0.04751802774432967,0.07426473736900463,-0.0020304911890052235,0.00018095238095238055,-0.002211443569957604,0.008575545006262576,0.008785809319320726,-0.02127756506828081,-0.012883521655126394,-0.009191080686195995,-0.011646350378213254,0.019232127962413928,0.0045007049128478315,0.04733707536337729,0.07408378498805225
2023-01-18,-0.0053703213909709335,-0.0015798957047343798,-0.00614267515397382,-0.009460290267042204,-0.0018618426370065055,-0.0021746054806197623,-0.029440758455299476,-0.01888912424102729,-0.018359742102207144,-0.020609982513142944,-0.015562598500411085,0.00018015873015873017,-0.015742757230569816,-0.005550480121129664,-0.0017600544348931099,-0.00632283388413255,-0.009640448997200934,-0.0020420013671652356,-0.0023547642107784924,-0.029620917185458208,-0.01906928297118602,-0.018539900832365876,-0.020790141243301676
2023-01-19,0.0004441902057610303,-0.01987936034118354,-0.01864654092151996,-0.011078779827357721,0.02118064636210204,-0.02070478121474606,-0.009246829760449105,-0.016453958759389264,-0.03521907518926082,-0.012501946153228083,-0.007638350296294338,0.00018055555555555555,-0.007818905851849894,0.00026363465020547475,-0.020059915896739094,-0.018827096477075516,-0.011259335382913276,0.021000090806546485,-0.020885336770301615,-0.00942738531600466,-0.01663451431494482,-0.03539963074481638,-0.012682501708783638
2023-01-20,0.019220751545679926,0.02199798525471275,0.03810845093076898,-0.0015935189380961168,0.05341210308040001,0.035237362676038275,0.018969752494643943,0.035743535041594665,0.06406239351938048,0.049146812062518475,0.018918401045981525,0.00018134920634920633,0.01873705183963232,0.01903940233933072,0.021816636048363543,0.03792710172441977,-0.001774868144445323,0.0532307538740508,0.03505601346968907,0.018788403288294737,0.03556218583524546,0.06388104431303127,0.04896546285616927
2023-01-23,0.023500388982676812,0.038902078286869424,0.002776315095798454,0.015525279547059734,0.018057489937394866,0.024722388544356377,0.002643486571030973,0.00982438282458964,0.07590116684791215,0.07742468874848996,0.01188134498366522,0.00018174603174603174,0.01169959895191919,0.02331864295093078,0.03872033225512339,0.0025945690640524223,0.015343533515313703,0.017875743905648833,0.024540642512610344,0.0024617405392849414,0.009642636792843608,0.07571942081616612,0.07724294271674392
2023-01-24,0.010062940153198197,-0.010359284875874897,-0.012305137300550828,0.009572769896415645,-0.02094388210909126,-0.006993242250726728,0.0010028127554020383,-0.0022261227657511817,0.003750973414443637,0.0009739087975544347,-0.0007115031258156934,0.00018134920634920633,-0.0008928523321648997,0.00988159094684899,-0.010540634082224103,-0.012486486506900034,0.009391420690066439,-0.021125231315440467,-0.0071745914570759345,0.000821463549052832,-0.002407471972100388,0.0035696242080944306,0.0007925595912052284
2023-01-25,-0.004701078550029658,0.0029770978216183686,0.008928577793566816,0.003302183990709917,-0.025383861982803624,0.01021140668738929,0.012761268763951783,-0.005908106215863573,0.0030108031897886356,0.003752820129427681,-0.0001817250594663422,0.00018095238095238055,-0.00036267744041872276,-0.004882030930982039,0.002796145440665988,0.008747625412614436,0.0031212316097575365,-0.025564814363756003,0.01003045430643691,0.012580316382999402,-0.006089058596815954,0.002829850808836255,0.0035718677484753002
2023-01-26,0.014803860913316313,0.04768283809963525,0.02099198301215366,0.00023510933552639557,0.024154509657945633,0.011153918433479681,0.006300327010079432,0.030713527428881227,0.024789300011943904,0.10967259156647335,0.011007853469181317,0.00018055555555555555,0.010827297913625761,0.014623305357760758,0.04750228254407969,0.020811427456598103,5.455377997084002e-05,0.023973954102390078,0.010973362877924126,0.006119771454523876,0.03053297187332567,0.02460874445638835,0.1094920360109178
2023-01-27,0.013684041998386576,0.059586952856588216,0.03043737760442844,-0.007333227988175817,0.018970583310745415,0.007583563441072361,-0.00822668271924365,0.0006452659585560738,0.02843131825837264,0.11000180416824756,0.002494840970949097,0.00018134920634920633,0.0023134917645998908,0.01350269279203737,0.05940560365023901,0.030256028398079234,-0.007514577194525023,0.01878923410439621,0.007402214234723154,-0.008408031925592856,0.0004639167522068675,0.028249969052023434,0.10982045496189835
2023-01-30,-0.020077997376956924,-0.05571846600346064,-0.01652968356145279,-0.0071032817777454405,-0.024454080440370896,-0.01402671202808814,-0.00576228052834149,-0.021961769108650442,-0.05907205588360942,-0.06318150994943417,-0.012968740984683369,0.00018214285714285674,-0.013150883841826225,-0.02026014023409978,-0.0559006088606035,-0.016711826418595647,-0.007285424634888297,-0.024636223297513752,-0.014208854885230996,-0.005944423385484347,-0.022143911965793298,-0.05925419874075228,-0.06336365280657702
2023-01-31,0.009020663484048841,0.014888538577257249,0.025658817736008643,0.015882109315284554,0.019599721984575158,0.011103373404873551,-0.012883543141497311,0.021012788525664572,0.019570099775010785,0.03936155894904236,0.014642470285510134,0.00018174603174603174,0.014460724253764103,0.00883891745230281,0.014706792545511218,0.02547707170426261,0.01570036328353852,0.019417975952829125,0.01092162737312752,-0.013065289173243342,0.02083104249391854,0.019388353743264752,0.03917981291729633
2023-02-01,0.007901092325691028,0.025920234340720993,0.019586971068148662,0.008215962441314506,0.016086678130304177,0.02505155325457875,-0.004225756591655805,0.019934704446479046,0.0719662544831059,0.04728092820511631,0.010452303944590291,0.00018015873015873017,0.010272145214431561,0.007720933595532298,0.02574007561056226,0.01940681233798993,0.008035803711155776,0.015906519400145445,0.02487139452442002,-0.004405915321814535,0.019754545716320314,0.07178609575294717,0.04710076947495758
2023-02-02,0.03706233550286653,0.03974031813484835,0.07379935352944922,-0.025192100871289203,0.0727869404628192,0.030800038920969053,-0.011492049399923876,0.046884339744578174,0.03657506133506461,0.03781489703913388,0.014699373244309921,0.00017976190476190476,0.014519611339548016,0.03688257359810462,0.03956055623008645,0.07361959162468731,-0.025371862776051107,0.07260717855805729,0.030620277016207148,-0.01167181130468578,0.04670457783981627,0.0363952994303027,0.03763513513437197
2023-02-03,0.024399823372061258,0.0015187336337671997,-0.08431497620839845,-0.01590714574046237,-0.02747354164316551,-0.009093965916978752,0.003875322914538293,-0.02362063658630198,-0.028052760621867234,0.009082654784473565,-0.010354610691310495,0.00018134920634920633,-0.010535959897659701,0.024218474165712052,0.0013373844274179934,-0.08449632541474766,-0.016088494946811575,-0.027654890849514717,-0.009275315123327958,0.0036939737081890865,-0.023801985792651185,-0.02823410982821644,0.008901305578124359
2023-02-06,-0.01792837576336359,-0.002948597161916755,-0.011703250716856073,0.0038833215527862563,-0.017942307819530212,-0.024254078526600997,0.013965099589192675,-0.006115645896252131,-0.0005214222556151338,0.025160537355481294,-0.006140463017754394,0.00018214285714285674,-0.00632260587489725,-0.018110518620506447,-0.003130740019059612,-0.01188539357399893,0.0037011786956433995,-0.01812445067667307,-0.024436221383743854,0.013782956732049819,-0.006297788753394987,-0.0007035651127579905,0.024978394498338437
2023-02-07,0.019244676465900667,0.011322382632545258,-0.0006850625818668465,0.03844106688309323,0.04606405693097804,0.0077256693692322465,-0.002165074463996941,0.0420218802918475,0.05140145105239058,0.01052579127940878,0.01287251059802652,0.00018214285714285674,0.012690367740883664,0.01906253360875781,0.011140239775402402,-0.0008672054390097033,0.038258924025950374,0.04588191407383518,0.00754352651208939,-0.002347217321139798,0.04183973743470464,0.05121930819524772,0.010343648422265924
2023-02-08,-0.017652980513410466,-0.027821887903167752,-0.02017429777965285,-0.005866988913504789,-0.07683010721112393,-0.012999909696163825,-0.016907007063595603,-0.0031020014808372798,0.0014430835173364631,0.02276304955598274,-0.011080724476164705,0.00018214285714285674,-0.011262867333307561,-0.017835123370553322,-0.02800403076031061,-0.020356440636795706,-0.006049131770647646,-0.07701225006826679,-0.013182052553306681,-0.01708914992073846,-0.0032841443379801366,0.0012609406601936063,0.022580906698839883
2023-02-09,-0.006911626421516104,-0.01220349055944403,-0.01809100582487666,-0.00707257380251014,-0.04387648132768518,0.0016887316116931395,-0.008218537503989376,-0.011659918894696863,0.0059445725384794645,0.029956849516678652,-0.00882979617773516,0.00018412698412698412,-0.009013923161862145,-0.007095753405643088,-0.012387617543571015,-0.018275132809003645,-0.007256700786637125,-0.04406060831181216,0.0015046046275661554,-0.00840266448811636,-0.011844045878823848,0.00576044555435248,0.029772722532551667
2023-02-10,0.0024561389421708935,-0.05281015804674738,-0.006412838631079554,0.00424545437597712,-0.004631086174049948,0.010451662350986268,0.006752068845486514,-0.0019724686979736283,-0.047992134335892556,-0.05030873801899527,0.0021952617756952897,0.00018492063492063493,0.0020103411407746546,0.0022712183072502584,-0.052995078681668015,-0.006597759266000189,0.004060533741056485,-0.004816006808970583,0.010266741716065633,0.006567148210565879,-0.0021573893328942634,-0.04817705497081319,-0.050493658653915904
2023-02-13,0.018807059355593125,0.06934872078526078,0.019772567289289666,0.012964415964811904,0.00042292960970713445,0.012345690884452809,0.01440431584885249,0.03124275789253006,0.024594504308560694,-0.011427700782035255,0.011448609342766147,0.0001857142857142853,0.011262895057051862,0.01862134506987884,0.06916300649954649,0.01958685300357538,0.012778701679097618,0.00023721532399284914,0.012159976598738523,0.014218601563138204,0.031057043606815774,0.02440879002284641,-0.01161341506774954
2023-02-14,-0.004224965822590798,0.03822371282963766,0.0016073541414836079,0.012984016373781326,0.0007399970953685386,0.0019775734230031983,0.0015402225031726502,0.0031331885611844967,0.05429586086121829,0.0750616556523096,-0.0002804145319874607,0.0001853174603174603,-0.000465731992304921,-0.0044102832829082585,0.038038395369320195,0.0014220366811661476,0.012798698913463866,0.0005546796350510783,0.001792255962685738,0.0013549050428551899,0.0029478711008670364,0.05411054340090083,0.07487633819199215
2023-02-15,0.013903275304832485,0.13353182256554796,0.014643999584324163,-0.004623458553195792,0.023869833388677097,0.004276310056143595,-0.000187517220091582,-0.00799313253547973,-0.009011281659765169,0.02384709913101113,0.002773175690496066,0.00018492063492063493,0.002588255055575431,0.01371835466991185,0.13334690193062734,0.014459078949403528,-0.004808379188116427,0.023684912753756462,0.00409138942122296,-0.00037243785501221694,-0.008178053170400365,-0.009196202294685804,0.023662178496090494
2023-02-16,-0.010429430029342712,0.017589984371462197,-0.02975486385196624,-0.024052592295883524,-0.014751375140310663,-0.008516202191216737,-0.0027387153111754214,-0.02662249616299417,-0.033474057685158654,-0.056945537220967624,-0.013788741489130674,0.0001865079365079365,-0.01397524942563861,-0.010615937965850648,0.01740347643495426,-0.029941371788474176,-0.02423910023239146,-0.014937883076818599,-0.008702710127724674,-0.002925223247683358,-0.026809004099502105,-0.03366056562166659,-0.05713204515747556
2023-02-17,-0.0075468142292617335,-0.05608945752497885,-0.009679109147911924,-0.002591786599863033,-0.012145376473527314,-0.003633911054173322,0.015649181809348267,-0.015601843509416291,-0.027906198377586233,0.031033480898909005,-0.002767405825327751,0.0001865079365079365,-0.0029539137618356877,-0.00773332216576967,-0.056275965461486784,-0.00986561708441986,-0.0027782945363709695,-0.01233188441003525,-0.0038204189906812587,0.015462673872840331,-0.015788351445924227,-0.02809270631409417,0.03084697296240107
2023-02-21,-0.026679765254173593,-0.021428626089884495,-0.02695468312187954,-0.029008784292804957,-0.02713305836903035,-0.038461682647069506,-0.005333727307910263,-0.020886589454786608,-0.03427185921968545,-0.05251789433835985,-0.020041234255327334,0.0001873015873015873,-0.02022853584262892,-0.02686706684147518,-0.02161592767718608,-0.027141984709181128,-0.029196085880106543,-0.027320359956331936,-0.038648984234371096,-0.005521028895211851,-0.021073891042088195,-0.03445916080698704,-0.05270519592566144
2023-02-22,0.002896266937406855,-0.012191331803899752,0.012793392483054333,0.0011677220192001236,-0.001525211297186413,0.002758652533624062,0.0003353783901560714,-0.004591010052005462,0.004792977575821311,0.017682553475729224,-0.0015735561458868341,0.0001869047619047619,-0.001760460907791596,0.002709362175502093,-0.012378236565804513,0.012606487721149572,0.0009808172572953618,-0.0017121160590911747,0.0025717477717193,0.0001484736282513095,-0.004777914813910224,0.004606072813916549,0.01749564871382446
2023-02-23,0.0032905075464959577,-0.013285138381960215,0.000313172345862478,0.011518324452024498,-0.00829235407557749,0.016162401626578005,-0.0069236360259493646,0.012961807738921971,0.14021394375357166,0.006024129792842281,0.005329429416074394,0.0001869047619047619,0.0051425246541696315,0.003103602784591196,-0.013472043143864977,0.0001262675839577161,0.011331419690119736,-0.008479258837482252,0.01597549686467324,-0.007110540787854127,0.01277490297701721,0.1400270389916669,0.005837225030937519
2023-02-24,-0.018005272332027533,-0.021829174131999807,-0.024212061179431754,-0.047950851641729075,-0.019363958890726507,-0.011167583981951279,-0.01162034501428999,-0.021784582563124655,-0.01597359472276183,-0.025684180003413215,-0.010537551485558128,0.0001873015873015873,-0.010724853072859714,-0.01819257391932912,-0.022016475719301393,-0.02439936276673334,-0.048138153229030665,-0.019551260478028094,-0.011354885569252866,-0.011807646601591577,-0.02197188415042624,-0.016160896310063417,-0.0258714815907148
2023-02-27,0.008247571534288012,0.006108486784953904,0.0027807715104863906,0.011657900017849832,0.008302390270584992,0.005817942893387551,0.004171979297703965,0.003771906926821611,0.00923299172650105,0.0546017865369246,0.0030730045671669703,0.0001880952380952381,0.0028849093290717323,0.008059476296192773,0.005920391546858666,0.0025926762723911525,0.011469804779754593,0.008114295032489753,0.005629847655292313,0.003983884059608727,0.003583811688726373,0.00904489648840581,0.054413691298829364
2023-02-28,-0.0034478745899568786,-0.002023799906666013,0.005012811540044737,0.005437475313699203,0.002114084457794041,0.00442341831170423,0.002469119940909703,-0.0029581380582290873,-0.012126968600677301,-0.009247209573726933,-0.0030360018281855305,0.0001873015873015873,-0.0032233034154871176,-0.0036351761772584657,-0.0022111014939676,0.0048255099527431495,0.005250173726397615,0.0019267828704924537,0.004236116724402643,0.002281818353608116,-0.0031454396455306744,-0.012314270187978888,-0.00943451116102852
2023-03-01,-0.014246126183521501,-0.019873434235088916,-0.021861457228067538,0.014884643783555696,0.0033311166368883427,-0.022357789366038272,-0.0045094240667971075,-0.012629257032620078,-0.022312180439525098,-0.014291975817664948,-0.004725264845680033,0.0001876984126984127,-0.004912963258378446,-0.014433824596219913,-0.02006113264778733,-0.02204915564076595,0.014696945370857284,0.00314341822418993,-0.022545487778736686,-0.00469712247949552,-0.01281695544531849,-0.02249987885222351,-0.01447967423036336
2023-03-02,0.004129420525783356,0.012827902001776748,-0.0004339906295109941,0.026937151917038493,0.018149719566789235,-0.0017326175176349823,0.018461014364029138,0.019653187362912217,0.027138850491562838,-0.05853928157947286,0.0075821940867943916,0.0001880952380952381,0.0073940988486991535,0.003941325287688118,0.012639806763681509,-0.0006220858676062322,0.026749056678943256,0.017961624328693998,-0.0019207127557302204,0.0182729191259339,0.01946509212481698,0.0269507552534676,-0.058727376817568094
2023-03-03,0.03508985424193134,0.027373804369178245,0.030066258059702644,0.02404076506927133,0.017934760769395375,-0.006942037060877482,0.00560611953876311,0.016646152833397876,0.024706138361040075,0.036092192823141245,0.0161477371607488,0.0001880952380952381,0.01595964192265356,0.0349017590038361,0.027185709131083008,0.029878162821607407,0.023852669831176093,0.017746665531300138,-0.00713013229897272,0.005418024300667872,0.01645805759530264,0.024518043122944838,0.03590409758504601
2023-03-06,0.018539348858738203,0.0047721184928131155,-0.012118034851298809,-0.0148296333613267,0.015803355322188573,-0.0013979736859214276,0.0058346552320043266,0.006189030359441405,-0.014064322655613637,-0.020122331071529165,0.0006871667698291617,0.00018888888888888848,0.0004982778809402732,0.018350459969849315,0.004583229603924227,-0.012306923740187697,-0.015018522250215587,0.015614466433299685,-0.001586862574810316,0.005645766343115438,0.006000141470552517,-0.014253211544502525,-0.020311219960418053
2023-03-07,-0.014496153375064935,0.00482862820794816,-0.0021333007812501803,-0.01887504735070422,-0.01334996202033345,-0.022856560213162513,-0.012969301006987677,-0.01058918158986577,-0.011125347641723793,-0.0314740773002814,-0.015326919115337678,0.00019325396825396824,-0.015520173083591646,-0.014689407343318903,0.004635374239694192,-0.0023265547495041486,-0.01906830131895819,-0.013543215988587418,-0.02304981418141648,-0.013162554975241644,-0.010782435558119738,-0.01131860160997776,-0.03166733126853537
2023-03-08,0.008377099811506472,-0.015282829715571489,0.003955051898638873,-0.0034628762362631793,0.004155022592294166,0.02205358231939747,-0.0067384007659605505,-0.0017705051163285912,0.038345739873469675,-0.03041929843714275,0.0014147940136839399,0.00019404761904761905,0.0012207463946363208,0.008183052192458852,-0.015476877334619108,0.003761004279591254,-0.003656923855310798,0.0039609749732465475,0.02185953470034985,-0.006932448385008169,-0.00196455273537621,0.038151692254422054,-0.030613346056190368
2023-03-09,-0.014914842829015784,-0.04128002929687502,-0.017781071140368865,-0.028764437948166965,-0.020477660908135964,-0.013441881577489379,-0.013944722267838605,-0.005439381059524684,-0.030809151597607998,-0.04989011995084991,-0.01845935787384867,0.00019325396825396824,-0.018652611842102637,-0.015108096797269752,-0.04147328326512899,-0.017974325108622832,-0.028957691916420933,-0.02067091487638993,-0.013635135545743346,-0.014137976236092573,-0.005632635027778652,-0.031002405565861965,-0.05008337391910388
2023-03-10,-0.013878563904550445,-0.012850411658815397,-0.0164769283801236,0.009093628409371224,-0.01830567111144321,-0.01577620679547065,0.0015287251466507001,-0.014782792464088645,-0.020097320871572122,0.0030071956856769777,-0.01447813845705137,0.00019166666666666667,-0.014669805123718037,-0.014070230571217111,-0.013042078325482064,-0.016668595046790267,0.008901961742704557,-0.018497337778109878,-0.015967873462137315,0.0013370584799840335,-0.014974459130755312,-0.020288987538238788,0.002815529019010311
2023-03-13,0.013265830070934292,-0.01978025280575313,0.01873687738723384,0.0014772629248482883,0.005296299856132558,-0.004007471288097975,0.004007229084295627,0.021440941498895638,4.3492062698602396e-05,0.005996271168666301,-0.001509761003189447,0.0001865079365079365,-0.0016962689396973836,0.013079322134426356,-0.019966760742261065,0.018550369450725905,0.0012907549883403517,0.005109791919624622,-0.004193979224605911,0.0038207211477876905,0.021254433562387702,-0.0001430158738093341,0.0058097632321583645
2023-03-14,0.01408915636450958,0.003449478518773752,0.0265065123894086,0.01922605967441915,0.0313905898056579,0.017190887283964118,0.010719110561440148,0.02705573620877999,0.04776637146671514,0.050320947926932424,0.016476655480623936,0.0001869047619047619,0.016289750718719173,0.01390225160260482,0.00326257375686899,0.026319607627503835,0.019039154912514386,0.031203685043753135,0.017003982522059355,0.010532205799535387,0.026868831446875227,0.04757946670481038,0.05013404316502766
2023-03-15,0.002621605193534382,-0.023891360989298338,0.013912307472971452,-0.04375719856640403,0.022773214437783684,0.005393735419067847,0.00165476206139048,0.017830381348491464,0.006857008542754173,-0.015333393227232484,-0.00698088356543769,0.00018214285714285674,-0.007163026422580546,0.002439462336391525,-0.024073503846441194,0.013730164615828596,-0.04393934142354689,0.022591071580640828,0.00521159256192499,0.0014726192042476233,0.017648238491348608,0.006674865685611316,-0.01551553608437534
2023-03-16,0.018694106746402595,0.05643595641290289,0.039916882423095545,0.025124845158438935,0.04380407813801357,0.012517943155079037,0.01588226860880315,0.04053648924510411,0.054193591797743856,0.020393505108375454,0.017562006217166637,0.00018134920634920633,0.01738065701081743,0.01851275754005339,0.05625460720655368,0.03973553321674634,0.02494349595208973,0.04362272893166436,0.01233659394872983,0.015700919402453946,0.04035514003875491,0.05401224259139465,0.020212155902026248
2023-03-17,-0.005454031478815402,-0.015334580970487677,-0.010895681300578275,-0.010532011240393269,0.012958495838835571,-0.009537158521247369,-0.012455220963023539,0.011694218883688379,0.007203963056184648,-0.02172378153438792,-0.011019457310067593,0.00017301587301587302,-0.011192473183083466,-0.0056270473518312755,-0.01550759684350355,-0.011068697173594148,-0.010705027113409142,0.012785479965819697,-0.009710174394263242,-0.012628236836039412,0.011521203010672505,0.0070309471831687745,-0.021896797407403794
2023-03-20,0.015483857025543557,0.002115954268060216,-0.012531560404374309,0.0185028657758608,-0.003936338576049803,0.005349570416726568,0.01324814717118894,-0.025766478623910904,0.0068027069209992685,0.017320796272765726,0.008918403718310097,0.00018452380952380953,0.008733879908786287,0.015299333216019747,0.0019314304585364066,-0.012716084213898119,0.01831834196633699,-0.004120862385573612,0.005165046607202758,0.01306362336166513,-0.025951002433434713,0.006618183111475459,0.017136272463241918
2023-03-21,0.01194400207764601,0.044679061210747495,0.029679680207260972,-0.00034188271112978175,0.03655411168317624,0.0148987817404993,-0.0019576506404114236,0.005693350859371948,0.011544603515279306,0.07819919143822474,0.012982193897784988,0.00018333333333333334,0.012798860564451654,0.011760668744312676,0.04449572787741416,0.02949634687392764,-0.0005252160444631151,0.036370778349842904,0.014715448407165967,-0.002140983973744757,0.005510017526038615,0.011361270181945972,0.07801585810489141
2023-03-22,-0.009103433987471155,-0.020373548570788214,-0.018984232685839375,-0.041719557466784685,-0.014773263570047268,-0.026564127518069247,-0.008659593920465336,-0.005442062768637457,0.010267464882101951,-0.032543819591966616,-0.01646322377571363,0.00018373015873015874,-0.01664695393444379,-0.009287164146201314,-0.02055727872951837,-0.019167962844569533,-0.041903287625514846,-0.014956993728777427,-0.026747857676799405,-0.008843324079195495,-0.005625792927367615,0.010083734723371792,-0.03272754975069678
2023-03-23,0.00696946925801134,-0.007179954859572679,0.0001013387693993284,0.008870260001484498,0.021573109824241543,-0.004667950836228507,0.006532859392682777,0.019721666462384713,0.027315911999475473,0.0055977366381616545,0.0029845287333754023,0.00018134920634920633,0.002803179527026196,0.006788120051662134,-0.007361304065921886,-8.001043694987793e-05,0.008688910795135292,0.021391760617892337,-0.004849300042577714,0.00635151018633357,0.019540317256035507,0.027134562793126267,0.005416387431812448
2023-03-24,0.00830551736338081,-0.028096465478544164,-0.00587581639584811,-0.001869606511362809,-0.0015150900724804073,0.0,0.006342195824574182,0.010480559891043795,-0.01515197254937306,-0.009416281069083876,0.005639807253104534,0.00018134920634920633,0.005458458046755327,0.008124168157031604,-0.02827781468489337,-0.006057165602197317,-0.0020509557177120154,-0.0016964392788296136,-0.00018134920634920633,0.006160846618224975,0.010299210684694589,-0.015333321755722266,-0.009597630275433082
2023-03-27,-0.01229333573582203,0.008467375202431349,-0.0009171134251455548,0.015390110685509217,-0.028262676823889277,0.006132889629381744,0.009250923304963354,-0.014933846347512825,-0.009261118983879157,0.007352522816861606,0.0016469543057482383,0.0001884920634920635,0.0014584622422561748,-0.012481827799314095,0.008278883138939284,-0.0011056054886376184,0.015201618622017153,-0.02845116888738134,0.00594439756588968,0.00906243124147129,-0.015122338411004889,-0.009449611047371222,0.007164030753369543
2023-03-28,-0.003980231403060697,-0.011025383863808469,-0.008159965772002842,0.021887616439840274,-0.013956651137393195,-0.009322354133841415,0.007340168099972955,-0.004161066787482626,-0.004560544882559525,-0.01365932511618495,-0.0015738434957162095,0.00018412698412698412,-0.0017579704798431936,-0.004164358387187681,-0.011209510847935453,-0.008344092756129826,0.02170348945571329,-0.014140778121520179,-0.0095064811179684,0.00715604111584597,-0.00434519377160961,-0.00474467186668651,-0.013843452100311935
2023-03-29,0.019790935885929617,0.018780571391334266,0.0309543624265336,0.014685765067514067,0.003563363482133708,0.024610827027645055,0.005763855392720396,0.01918380204177139,0.021734158170049866,0.024789906342217005,0.014237268879836451,0.00018412698412698412,0.014053141895709467,0.019606808901802632,0.018596444407207282,0.030770235442406615,0.014501638083387083,0.003379236498006724,0.02442670004351807,0.005579728408593412,0.018999675057644407,0.021550031185922882,0.02460577935809002
2023-03-30,0.009889783842680133,0.029292892576971985,0.0174563591022443,0.014761706243256345,-0.004931509305138748,0.02084078510726295,0.0012614314234711266,0.012619890243251941,0.014786522239807809,0.007220929756684091,0.005715269388667954,0.00019047619047619048,0.005524793198191763,0.009699307652203943,0.029102416386495796,0.017265882911768112,0.014571230052780154,-0.005121985495614939,0.02065030891678676,0.001070955232994936,0.01242941405277575,0.014596046049331618,0.007030453566207901
2023-03-31,0.01564405183139228,0.017337281384901093,0.012647067799287592,0.00658642643038676,0.028149494568563416,0.015570909403220368,0.006551621211259295,0.014962026784161475,0.014388621921801015,0.06237201971890638,0.014436542471763847,0.0001857142857142853,0.014250828186049561,0.015458337545677995,0.017151567099186808,0.012461353513573307,0.006400712144672475,0.02796378028284913,0.015385195117506082,0.00636590692554501,0.01477631249844719,0.01420290763608673,0.0621863054331921
2023-04-03,0.007701542584325205,-0.023633459850035843,-0.008519675143944028,0.013934033874326124,0.006073459929769598,0.018398578286235034,0.009048728410540496,-0.003711151635305776,0.006768024466616396,-0.0611684277968263,0.0036988464765423945,0.0001892857142857139,0.0035095607622566806,0.007512256870039491,-0.023822745564321558,-0.008708960858229742,0.013744748160040409,0.005884174215483884,0.01820929257194932,0.008859442696254782,-0.00390043734959149,0.006578738752330682,-0.06135771351111201
2023-04-04,-0.0032495047584900627,-0.024699489730059754,0.015037527888524194,-0.006917709723693211,0.003449660797869125,-0.011374774742201943,0.0004958615132484301,-0.00017418164929161595,-0.01830857293149346,-0.011244043709844886,-0.005796972083329965,0.0001880952380952381,-0.0059850673214252035,-0.0034375999965853008,-0.02488758496815499,0.014849432650428955,-0.007105804961788449,0.003261565559773887,-0.011562869980297182,0.000307766275153192,-0.000362276887386854,-0.018496668169588698,-0.011432138947940125
2023-04-05,-0.011290127322667987,-0.026338027778956774,-0.027417013542964774,-0.018232791060161402,-0.0023873090682293707,-0.004737991803586361,-0.00092098306013777,-0.009889233939074038,-0.020835666741684244,-0.036660076287606036,-0.002492370531228194,0.0001873015873015873,-0.002679672118529781,-0.011477428909969573,-0.02652532936625836,-0.02760431513026636,-0.01842009264746299,-0.002574610655530958,-0.004925293390887949,-0.0011082846474393573,-0.010076535526375625,-0.02102296832898583,-0.036847377874907626
2023-04-06,0.005495700645251178,-0.04898555640605906,0.009495540049077267,0.00652378627232153,0.03780995325796099,-0.0040802236605770315,0.0030849626969606803,0.025532789900817088,0.005803410509987783,-0.002479553165553039,0.0035791630944272956,0.0001892857142857139,0.0033898773801415817,0.005306414930965464,-0.04917484212034477,0.009306254334791552,0.006334500558035816,0.03762066754367528,-0.004269509374862745,0.0028956769826749664,0.025343504186531373,0.005614124795702069,-0.002668838879838753
2023-04-10,-0.01597205453174899,0.026529273114651586,0.0010778033801970288,-0.0027912965488007258,-0.018262361620575485,0.015363506598555121,0.0031460408109680316,-0.0075790424813839685,0.020046582038831584,-0.0029720256079848184,0.0009963029974375814,0.00019603174603174603,0.0008002712514058354,-0.016168086277780738,0.02633324136861984,0.0008817716341652827,-0.002987328294832472,-0.01845839336660723,0.015167474852523375,0.0029500090649362855,-0.007775074227415715,0.019850550292799838,-0.0031680573540165645
2023-04-11,-0.00759141370807237,0.01465365495771409,-0.02202212039075757,0.007306236615621131,-0.010240525205902018,0.006725087544163344,0.0024667327032785735,-0.022668084548752465,-0.01486637207460395,0.012357047570191959,-4.1352477946232646e-05,0.00019404761904761905,-0.0002354000969938517,-0.007785461327119989,0.014459607338666471,-0.02221616800980519,0.007112188996573512,-0.010434572824949638,0.006531039925115725,0.0022726850842309547,-0.022862132167800083,-0.01506041969365157,0.01216299995114434
2023-04-12,-0.004353182252510246,-0.016017521497196263,-0.020916697119598426,9.41456903842397e-05,-0.0067395184349607895,-0.009351963896277793,0.0028825074842735443,0.002333524679177801,-0.024807726789285667,-0.03346003653646468,-0.004134884052006904,0.00019325396825396824,-0.0043281380202608724,-0.004546436220764214,-0.01621077546545023,-0.021109951087852394,-9.910827786972854e-05,-0.006932772403214758,-0.00954521786453176,0.002689253516019576,0.0021402707109238325,-0.025000980757539634,-0.033653290504718644
2023-04-13,0.03410364743239991,0.013609667356492716,0.04671368301429957,0.0058867854457853586,0.026663002134830194,0.008091737012585254,0.013214054667993524,0.022399296825702297,-0.0012079087038827652,0.029688716127604264,0.01326268999363811,0.00019642857142857144,0.013066261422209539,0.03390721886097134,0.013413238785064145,0.046517254442871,0.005690356874356787,0.02646657356340162,0.007895308441156683,0.013017626096564953,0.022202868254273724,-0.0014043372753113365,0.02949228755617569
2023-04-14,-0.0021142462939571782,0.006143085532109849,0.001074224694457504,-0.055620533862596244,0.013403962536611802,-0.002675815845040619,-0.0003113310745579412,-0.012765582125717545,0.011147948782485262,-0.00484127986031857,-0.0020693734728036706,0.0001976190476190476,-0.002266992520422718,-0.002311865341576226,0.005945466484490802,0.0008766056468384564,-0.055818152910215295,0.013206343488992755,-0.0028734348926596665,-0.0005089501221769888,-0.012963201173336592,0.010950329734866215,-0.0050388989079376174
2023-04-17,0.00012127386746207947,0.013257711494433222,0.0022436418178333195,0.016459233329654266,-0.026637211333525812,0.03722353619542562,0.0011420940310697958,0.009296062410186323,0.009118649490254649,0.011026990735853115,0.00330615690296554,0.0002007936507936508,0.0031053632521718896,-7.951978333157133e-05,0.013056917843639571,0.002042848167039669,0.016258439678860617,-0.02683800498431946,0.03702274254463197,0.0009413003802761449,0.009095268759392672,0.008917855839460998,0.010826197085059464
2023-04-18,0.007504740792116937,0.025996421796176117,-0.004282604839014548,0.01629028121629128,-0.013871873486420716,0.009376037508126878,0.005530195089841428,-0.001488841454785339,0.024627823305860552,-0.014595786064656058,0.0008552202959737354,0.0002,0.0006552202959737354,0.007304740792116938,0.025796421796176118,-0.004482604839014547,0.01609028121629128,-0.014071873486420717,0.009176037508126877,0.005330195089841428,-0.0016888414547853391,0.024427823305860553,-0.014795786064656058
2023-04-19,0.006968253889885645,0.0076348352552657595,0.019550341547772243,0.0016317685110491809,-0.003062224147024506,-0.032351101342754984,0.0012377896648951836,0.00027726258616045385,0.00954189868098676,-0.020183393575926023,-8.42619976980652e-05,0.0001988095238095238,-0.000283071521507589,0.006769444366076121,0.007436025731456236,0.01935153202396272,0.001432958987239657,-0.00326103367083403,-0.03254991086656451,0.0010389801410856598,7.845306235093006e-05,0.009343089157177237,-0.020382203099735548
2023-04-20,-0.005846361068787775,-0.014154845710580899,-0.004698039106680318,-0.007091231559190114,0.01065452307670478,-0.01919899673005121,-0.000927166115175071,-0.008112440191387571,-0.02960863069793529,-0.09745828230593878,-0.00595254815297297,0.00019722222222222181,-0.0061497703751951915,-0.006043583291009997,-0.01435206793280312,-0.00489526132890254,-0.007288453781412336,0.010457300854482559,-0.01939621895227343,-0.0011243883373972929,-0.008309662413609793,-0.02980585292015751,-0.097655504528161
2023-04-21,-0.009780826810161125,-0.02449325581507744,0.030343912917452087,-0.010037165825112382,0.0011398278846728171,-0.0050625028957977936,0.003642481418102861,-0.0012228388674631052,0.0005535336427171522,0.012822849668400638,0.0009031888869577287,0.0001976190476190476,0.0007055698393386811,-0.009978445857780172,-0.02469087486269649,0.03014629386983304,-0.010234784872731429,0.0009422088370537695,-0.005260121943416841,0.0034448623704838133,-0.0014204579150821528,0.0003559145950981046,0.01262523062078159
2023-04-24,0.0018784316688411629,0.005367989147896601,-0.007011967150520215,0.003022229560919909,0.005312629260108226,-0.0003391678094579742,0.0039034576596330695,-0.013963182544836306,-0.0028395150140809733,-0.015325895028073244,0.0008515791660903549,0.0002,0.0006515791660903549,0.0016784316688411628,0.005167989147896602,-0.007211967150520215,0.002822229560919909,0.005112629260108226,-0.0005391678094579742,0.0037034576596330694,-0.014163182544836306,-0.0030395150140809734,-0.015525895028073245
2023-04-25,-0.009435610792029037,-0.031131634581971213,-0.03427172037496595,-0.017398074338932146,-0.02000577667664649,-0.00712590950284997,-0.005763996111267655,-0.022535699511835428,-0.02962049678234213,-0.011565701922588656,-0.015810858882773227,0.00019722222222222181,-0.016008081104995447,-0.009632833014251259,-0.031328856804193436,-0.034468942597188176,-0.017595296561154366,-0.020202998898868712,-0.007323131725072192,-0.005961218333489877,-0.022732921734057648,-0.029817719004564352,-0.011762924144810878
2023-04-26,-6.0980708033397946e-05,0.010444007648043652,0.023496184744855597,0.004154489973529074,-0.0013480900129868578,-0.010252964358038685,-0.006003418727194676,0.07243425475511511,0.027247494863946953,-0.04306963495243776,-0.003841187197329843,0.0001984126984126984,-0.004039599895742541,-0.00025939340644609636,0.010245594949630954,0.0232977720464429,0.0039560772751163755,-0.0015465027113995562,-0.010451377056451383,-0.0062018314256073745,0.07223584205670242,0.027049082165534255,-0.04326804765085046
2023-04-27,0.02839525825247602,0.013810693970879084,0.046103983455159314,0.014825368294997254,0.03741211513051579,0.026243085646473707,0.017117798085764635,0.032027970141705886,0.0100161797205367,0.041886194740853755,0.01956614972249704,0.0001996031746031746,0.019366546547893864,0.028195655077872844,0.013611090796275909,0.04590438028055614,0.014625765120394079,0.03721251195591262,0.026043482471870532,0.01691819491116146,0.031828366967102714,0.009816576545933525,0.04168659156625058
2023-04-28,0.00754111744192798,0.03835139409063193,-0.039792412663683274,0.0035915624018507675,-0.0023236983369950837,-0.0003362811020295453,0.003494680457265309,0.007971531376978147,0.01920976949091835,0.025719427270091355,0.008253202753460531,0.00019642857142857144,0.00805677418203196,0.007344688870499409,0.03815496551920336,-0.039988841235111844,0.003395133830422196,-0.002520126908423655,-0.0005327096734581168,0.0032982518858367376,0.007775102805549576,0.019013340919489776,0.025522998698662782
2023-05-01,-0.0005304416767769604,0.014623548314335322,-0.0322427121373291,-0.014072945542548898,-0.0013042588208600492,0.00841451339244581,0.006187678372131744,-0.005532746741241046,0.04183926966281293,-0.015093395194377579,-0.0003861064902076494,0.00020238095238095236,-0.0005884874425886018,-0.0007328226291579128,0.01442116736195437,-0.03244509308971005,-0.01427532649492985,-0.0015066397732410015,0.008212132440064858,0.005985297419750792,-0.005735127693621998,0.041636888710431974,-0.015295776146758531
2023-05-02,-0.006191557240060153,-0.006918105341443659,0.015482549283793778,-0.003041129798581288,-0.017537339222676418,0.0053405485933981645,0.0016467497752685745,-0.0004907878474318395,-0.024213089964117307,-0.00939259874721976,-0.011586262936400304,0.00020158730158730158,-0.011787850237987606,-0.006393144541647454,-0.0071196926430309605,0.015280961982206477,-0.0032427171001685896,-0.017738926524263718,0.005138961291810863,0.0014451624736812729,-0.0006923751490191411,-0.024414677265704607,-0.009594186048807062
2023-05-03,-0.006467242837202791,-0.014264398694511682,0.00019303553981608879,-0.011414550180658067,0.0008545907854988766,-0.008632007708613498,-0.009561656542422359,-0.0033070756321007533,-0.014462827154391955,0.0018713932775662467,-0.006998305064656485,0.00020198412698412699,-0.007200289191640612,-0.006669226964186918,-0.014466382821495809,-8.9485871680382e-06,-0.011616534307642194,0.0006526066585147496,-0.008833991835597625,-0.009763640669406486,-0.00350905975908488,-0.014664811281376082,0.0016694091505821199
2023-05-04,-0.009913482302592036,-0.010348337124495122,0.0033767339022539034,-0.019310156599090522,-0.006830377200403803,-0.01540537441021228,-0.00020330520345623881,0.003318048670003515,-0.00863260067754279,0.003673471985857102,-0.007218732334382416,0.00020238095238095236,-0.007421113286763368,-0.010115863254972988,-0.010550718076876074,0.003174352949872951,-0.019512537551471476,-0.007032758152784755,-0.015607755362593232,-0.0004056861558371912,0.003115667717622563,-0.008834981629923742,0.0034710910334761497
2023-05-05,0.046926959708823546,0.01929783495251236,0.015961573674128537,0.006546527613064734,0.008405758845299705,0.02482975853336633,0.004878856576761015,0.017157149461023646,0.04056323486768476,0.05496278398315546,0.018474751389515376,0.00020238095238095236,0.018272370437134422,0.04672457875644259,0.019095454000131407,0.015759192721747584,0.006344146660683782,0.008203377892918752,0.024627377580985377,0.004676475624380063,0.016954768508642692,0.04036085391530381,0.05476040303077451
2023-05-08,-0.00040347831183462635,0.04795662991512928,0.0016089169321718,-0.0054452044519290865,0.020839227591592735,0.0019915429048167343,0.00030353889456846694,-0.006438165410627694,0.016422486832195604,0.010172855182730478,0.0004521286642489297,0.00020436507936507934,0.00024776358488385036,-0.0006078433911997057,0.0477522648357642,0.0014045518528067206,-0.005649569531294166,0.020634862512227656,0.001787177825451655,9.91738152033876e-05,-0.006642530489992774,0.016218121752830526,0.0099684901033654
2023-05-09,-0.009971081022742356,0.011301218875455765,0.007464810562779034,0.02342091911503341,-0.003897235672699062,0.003312568150874773,-0.00010114892888868354,-0.005345838222819532,-0.01989638716397024,-0.015367597024416146,-0.004579421277258522,0.00020357142857142856,-0.004782992705829951,-0.010174652451313784,0.011097647446884337,0.007261239134207605,0.023217347686461984,-0.004100807101270491,0.0031089967223033445,-0.0003047203574601121,-0.005549409651390961,-0.02009995859254167,-0.015571168452987574
2023-05-10,0.010420980378720968,-0.10923111109429973,0.033483395262233095,-0.0051516173953213285,0.04098744793890052,-0.014196166020660095,-0.00030325392693153486,0.0172965453091265,0.010990250302486793,-0.0036062703657255835,0.004483965263404999,0.00020158730158730158,0.004282377961817697,0.010219393077133666,-0.10943269839588703,0.033281807960645796,-0.00535320469690863,0.04078586063731322,-0.014397753322247396,-0.0005048412285188365,0.0170949580075392,0.010788663000899491,-0.003807857667312885
2023-05-11,0.0010947973137303002,-0.01758110654864753,0.01805969525073503,0.004979087921897829,0.043131989558923056,-0.015740373001879582,-0.006002179215605419,-0.007044218371673461,-0.010628663183220088,0.021003967520705658,-0.0016966239932159066,0.0002,-0.0018966239932159067,0.0008947973137303002,-0.017781106548647528,0.017859695250735032,0.004779087921897829,0.04293198955892306,-0.01594037300187958,-0.0062021792156054184,-0.00724421837167346,-0.010828663183220089,0.02080396752070566
2023-05-12,-0.005417573054009139,-0.053282334397194875,-0.01711533396079612,-0.00564803512847889,0.008063868731658097,-0.016672208474204586,0.004579464525151122,-0.0036761095060667826,-0.008327827512428554,-0.023826162598143963,-0.0015833068345566526,0.00020158730158730158,-0.0017848941361439542,-0.005619160355596441,-0.053483921698782175,-0.01731692126238342,-0.0058496224300661915,0.007862281430070795,-0.016873795775791886,0.004377877223563821,-0.003877696807654084,-0.008529414814015856,-0.024027749899731263
2023-05-15,-0.0028975430604476493,0.004796934182839552,0.008525256609829501,0.010313937995487521,-0.008510010755655273,0.023183414804323288,-0.0008103585251407752,0.0015857554089031556,0.02163020380484504,-0.009703474612936969,0.0029581644391338813,0.0002007936507936508,0.0027573707883402306,-0.0030983367112413,0.004596140532045901,0.00832446295903585,0.01011314434469387,-0.008710804406448924,0.02298262115352964,-0.001011152175934426,0.0013849617581095047,0.02142941015405139,-0.00990426826373062
2023-05-16,0.0,-0.0034977795562228797,0.0197842143706235,-0.009370267373079444,0.025748893454012434,0.00304366493686703,-0.0059143521657381015,0.007367662985774626,0.008980089346218634,0.001021930644472091,-0.006377683373153031,0.0002011904761904762,-0.006578873849343508,-0.0002011904761904762,-0.003698970032413356,0.019583023894433022,-0.00957145784926992,0.025547702977821957,0.0028424744606765535,-0.006115542641928578,0.007166472509584149,0.008778898870028157,0.0008207401682816148
2023-05-17,0.0036032719873209107,0.027701338274356946,0.018518504813616277,0.02987006594240027,0.011128674912974867,0.020566414925712317,-0.0023453876072897506,0.009451725274923106,0.0330331286250829,0.04407876621166107,0.011890829058788244,0.00020238095238095236,0.011688448106407292,0.0034008910349399585,0.027498957321975992,0.018316123861235323,0.029667684990019316,0.010926293960593915,0.020364033973331364,-0.0025477685596707027,0.009249344322542154,0.03283074767270194,0.043876385259280115
2023-05-18,0.013666265907187558,0.032677936450588696,0.022943736154795724,0.0017886130647752907,0.01646814357909321,0.01552681158047875,0.0020101026046133175,0.014394904369715134,0.04970505172547823,0.01742780840135616,0.009445048649426635,0.00020396825396825355,0.009241080395458382,0.013462297653219305,0.03247396819662044,0.02273976790082747,0.001584644810807037,0.016264175325124954,0.015322843326510497,0.0018061343506450638,0.01419093611574688,0.04950108347150998,0.017223840147387905
2023-05-19,0.0006282000515935859,-0.04013592011198264,-0.01608126535201726,-0.008444315545328984,-0.0005699838956034764,-0.0065060993743780715,0.005101501130070796,-0.0005654006075550555,-0.01306896614625086,0.018373000232992265,-0.0014458676054706077,0.00020317460317460318,-0.0016490422086452108,0.00042502544841898276,-0.04033909471515724,-0.016284439955191864,-0.008647490148503587,-0.0007731584987780795,-0.006709273977552675,0.004898326526896192,-0.0007685752107296586,-0.013272140749425463,0.01816982562981766
2023-05-22,-0.005480767318033819,0.02374746802926242,-0.010666648290490466,0.0020438861147396015,0.01865443599674732,0.0055663029231936,-0.02097819950220048,0.00892155136400663,-0.0028147138460958843,0.04846228354123516,0.0001550346964389604,0.00020793650793650794,-5.2901811497547545e-05,-0.005688703825970327,0.023539531521325912,-0.010874584798426973,0.0018359496068030936,0.018446499488810813,0.005358366415257092,-0.021186136010136986,0.008713614856070123,-0.0030226503540323924,0.04825434703329865
2023-05-23,-0.015154816504076463,-0.03347585095023886,-0.00017393506729324049,-0.016074972073845117,-0.019912038988283864,-0.004884323822486936,-0.01029848213050677,-0.0184321666195828,-0.015653110322562336,-0.01641335799687582,-0.011222026747550129,0.00020555555555555556,-0.011427582303105685,-0.015360372059632019,-0.03368140650579442,-0.00037949062284879604,-0.016280527629400673,-0.02011759454383942,-0.005089879378042491,-0.010504037686062326,-0.018637722175138358,-0.015858665878117892,-0.016618913552431377
2023-05-24,0.0016320106615068664,-0.0050823615579044246,0.015305697616549097,-0.016436336282010133,-0.013544472852107914,-0.01832467977074581,-0.001571447660985048,-0.004472487253907698,-0.0048879384235106516,-0.015449266889003166,-0.007318600335353365,0.00020674603174603175,-0.0075253463670993965,0.0014252646297608345,-0.005289107589650456,0.015098951584803065,-0.016643082313756163,-0.013751218883853946,-0.01853142580249184,-0.00177819369273108,-0.0046792332856537295,-0.005094684455256683,-0.015656012920749196
2023-05-25,0.006692327151079702,-0.012203206193356353,-0.01498929336188437,0.008029260854227394,0.021340192800846536,0.030000029287250873,-0.0013991439753248125,0.03845798290625568,0.24369651650519697,0.00858396597381672,0.008757581265902425,0.00020674603174603175,0.008550835234156394,0.00648558111933367,-0.012409952225102385,-0.015196039393630402,0.007822514822481362,0.021133446769100506,0.029793283255504843,-0.0016058900070708444,0.03825123687450965,0.24348977047345094,0.008377219942070689
2023-05-26,0.01410466667263477,0.02288833012409719,0.04443478791610045,0.013740278950147955,0.009151074311873009,0.012945035580099074,0.0018215285300215989,0.02138546441815503,0.02543412229118802,0.047162123329924865,0.01304908677799732,0.00020476190476190477,0.012844324873235415,0.013899904767872864,0.022683568219335284,0.04423002601133855,0.01353551704538605,0.008946312407111103,0.012740273675337168,0.001616766625259694,0.021180702513393126,0.025229360386426116,0.04695736142516296
2023-05-30,0.0106598021814297,0.003557765110929978,0.01290486257498391,0.005205507701106171,-0.007543454053321685,-0.011820983798911722,-0.0039157040285600075,-0.005046831129164264,0.029913536824842657,0.04136255924264187,1.660326849850513e-05,0.0002095238095238095,-0.00019292054102530438,0.010450278371905892,0.0033482413014061683,0.012695338765460102,0.004995983891582362,-0.007752977862845495,-0.01203050760843553,-0.004125227838083817,-0.005256354938688074,0.029704013015318848,0.04115303543311806
2023-05-31,-0.00028212031496854806,0.02406935481758654,-0.00887721353399129,0.004934263983533027,-0.006468876929600853,-0.06045920043121289,0.000666763032488138,-0.008514120225058708,-0.05676747824759576,0.013770078361723836,-0.006108624209833935,0.00020873015873015873,-0.006317354368564094,-0.0004908504736987068,0.023860624658856383,-0.009085943692721449,0.004725533824802868,-0.006677607088331012,-0.06066793058994305,0.0004580328737579792,-0.008722850383788866,-0.05697620840632592,0.013561348202993678
2023-06-01,0.016022315985988245,0.021772862276879135,0.01816217265513198,0.010986921726565013,0.006917878146278644,0.012388173555066162,0.009680405425130267,0.01275928298763529,0.051170747920465276,0.017604137329555236,0.009854453563032717,0.00020793650793650794,0.009646517055096209,0.015814379478051737,0.021564925768942627,0.017954236147195473,0.010778985218628506,0.006709941638342137,0.012180237047129654,0.00947246891719376,0.012551346479698782,0.050962811412528765,0.01739620082161873
2023-06-02,0.004775747615436865,0.052603367544981294,0.01205508998453797,0.02577418944656218,0.0076785860803589845,0.03840920069554721,0.012432585792387041,0.00847904640630781,-0.011138908962144978,0.031081326211683136,0.014534424705965554,0.00020753968253968253,0.014326885023425872,0.004568207932897183,0.05239582786244161,0.011847550301998288,0.025566649764022495,0.007471046397819302,0.038201661013007523,0.012225046109847358,0.008271506723768128,-0.01134644864468466,0.03087378652914345
2023-06-05,-0.0075714317990892566,-0.020074497426711302,0.00845072878678299,-0.021282619487358545,0.010748565583214686,-0.041243829006369914,-0.00510515864505201,0.0016100892706503167,-0.003966826409453783,0.017011727666879528,-0.0020035816359177394,0.00020634920634920634,-0.0022099308422669456,-0.007777781005438463,-0.02028084663306051,0.008244379580433784,-0.02148896869370775,0.01054221637686548,-0.04145017821271912,-0.005311507851401217,0.0014037400643011103,-0.00417317561580299,0.01680537846053032
2023-06-06,-0.0020601501762381735,0.013916505976106164,0.01045488848114906,-0.00713672527002529,0.010316427742526058,0.012290745284480487,-0.013486875247233021,-0.006727485994691307,-0.013198465058929965,0.017002881015874216,0.0023538963079141606,0.00020555555555555556,0.002148340752358605,-0.002265705731793729,0.013710950420550608,0.010249332925593505,-0.0073422808255808455,0.010110872186970501,0.01208518972892493,-0.013692430802788577,-0.006933041550246862,-0.01340402061448552,0.01679732546031866
2023-06-07,-0.0077561588171531914,-0.0063938617262360165,-0.04249267220189956,0.02238409735120994,-0.03778175558514041,0.009443583195083205,-0.009278204236185306,-0.030867946551337733,-0.030401161722403147,0.01473051286244731,-0.0038120096998572883,0.00020476190476190477,-0.004016771604619193,-0.007960920721915097,-0.006598623630997921,-0.042697434106661464,0.022179335446448036,-0.03798651748990231,0.0092388212903213,-0.009482966140947211,-0.031072708456099638,-0.030605923627165053,0.014525750957685404
2023-06-08,0.015464884026650694,-0.009009034957223605,0.024911297199049942,0.029160610334303838,-0.0029388292579937136,0.003675339528570243,0.013763836528728257,0.005813708711204013,0.027618634918100016,0.04582087077762287,0.0061886426142414575,0.00020317460317460318,0.005985468011066854,0.015261709423476091,-0.009212209560398208,0.024708122595875338,0.028957435731129234,-0.0031420038611683168,0.0034721649253956397,0.013560661925553654,0.0056105341080294096,0.02741546031492541,0.04561769617444827
2023-06-09,0.0021598309184460707,0.020432905717329586,-0.006599595129369917,-0.0036678879900928774,0.0007369043873808323,-0.007989378790573154,0.0035345355040010684,0.00470410545448563,0.0067514040005061116,0.0406199151040636,0.001148059539441082,0.00020277777777777777,0.0009452817616633042,0.001957053140668293,0.02023012793955181,-0.006802372907147695,-0.003870665767870655,0.0005341266096030546,-0.008192156568350931,0.0033317577262232906,0.004501327676707852,0.006548626222728334,0.04041713732628582
2023-06-12,0.015638633517027545,0.05710160947469034,0.025439515368102628,0.019557314655318958,0.01153566209577539,0.021476447339819682,0.006206408097383154,0.015483831421734484,0.018364673109805496,0.02221770896144193,0.009321148810237156,0.00020396825396825355,0.009117180556268903,0.015434665263059292,0.056897641220722085,0.025235547114134373,0.019353346401350703,0.011331693841807136,0.021272479085851427,0.0060024398434149005,0.015279863167766231,0.01816070485583724,0.022013740707473674
2023-06-13,-0.002611454454500284,0.002488202882256596,0.0007111003199982147,-0.0053258380970561126,0.0015367233524827828,0.02362734956760071,-6.949743751061277e-05,0.007352901647336374,0.03900506866441167,0.035544128242966044,0.006932489951473775,0.00020277777777777777,0.006729712173695997,-0.0028142322322780616,0.002285425104478818,0.0005083225422204369,-0.00552861587483389,0.001333945574705005,0.02342457178982293,-0.0002722752152883905,0.0071501238695585966,0.03880229088663389,0.03534135046518826
2023-06-14,0.003491224966643003,0.001921520102782459,-0.001894879884926537,-0.015790956117723076,-0.0012920415762099902,0.0019423969406648922,-0.00038100503022664434,0.009123640985050141,0.04814525379996182,-0.007421371317580694,0.0008194255259321714,0.00020238095238095236,0.0006170445735512191,0.0032888440142620507,0.0017191391504015067,-0.002097260837307489,-0.01599333707010403,-0.0014944225285909425,0.0017400159882839398,-0.0005833859826075967,0.008921260032669189,0.047942872847580864,-0.007623752269961646
2023-06-15,0.011198700299837494,0.021655738354565024,0.005458016543269828,0.011572198415196189,0.011482116423218613,0.004846648730187253,0.014456721378252047,0.03189672152791179,-0.008000857886324875,-0.0034659239799891273,0.01217813742034668,0.0002011904761904762,0.011976946944156203,0.010997509823647018,0.021454547878374548,0.005256826067079352,0.011371007939005712,0.011280925947028137,0.004645458253996777,0.01425553090206157,0.031695531051721314,-0.008202048362515351,-0.0036671144561796036
2023-06-16,-0.005859906231176715,0.006491937517137725,-0.012744888197649185,0.002643461197639585,-0.012471022858462133,-0.003215654719652128,0.003725509669089133,-0.01657596164125552,0.000914415204429142,0.01813214052015355,-0.0036716195284263176,0.00020198412698412699,-0.0038736036554104444,-0.006061890358160842,0.006289953390153598,-0.012946872324633311,0.002441477070655458,-0.01267300698544626,-0.0034176388466362548,0.0035235255421050063,-0.016777945768239648,0.000712431077445015,0.017930156393169423
2023-06-20,0.00048672359233492557,-0.01732977816650716,0.002310948445805039,-0.034637984388856125,-0.003481016703032025,-0.027096785070047202,-0.0022472919626461696,-0.012502386265642595,0.026140590011407783,0.05338912722001776,-0.0047351076976228645,0.00020396825396825355,-0.004939075951591118,0.000282755338366672,-0.017533746420475414,0.0021069801918367852,-0.03484195264282438,-0.0036849849570002786,-0.027300753324015457,-0.0024512602166144233,-0.012706354519610849,0.025936621757439528,0.05318515896604951
2023-06-21,-0.005675205101649428,0.007987363864024877,-0.007552845901271921,-0.0013655096896940666,-0.02071486016845281,-0.010278384742946178,0.0050504049959252395,-0.013282107716376834,-0.017416662474111,-0.054618400747766804,-0.005245281583003636,0.00020436507936507934,-0.005449646662368715,-0.005879570181014507,0.007782998784659797,-0.007757210980637,-0.001569874769059146,-0.020919225247817887,-0.010482749822311257,0.00484603991656016,-0.013486472795741913,-0.01762102755347608,-0.054822765827131886
2023-06-22,0.016525185452072044,0.003922799337764182,0.04261789623803569,-0.030507361207291805,0.021567883189853587,-0.0016751569835035118,-0.004142387848547702,0.01843763218529726,-0.0004648221875124259,0.019848894111198723,0.003710798414438443,0.00020436507936507934,0.003506433335073364,0.016320820372706966,0.003718434258399103,0.04241353115867061,-0.030711726286656884,0.02136351811048851,-0.0018795220628685912,-0.004346752927912781,0.01823326710593218,-0.0006691872668775052,0.019644529031833644
2023-06-23,-0.001711249927952574,-0.025242229998820087,-0.006300361919969633,-0.000972700489511924,-0.006577433615727157,-0.006375810138482985,-0.01155790745329388,-0.0138061164274359,-0.018965631629508928,-0.030270888067223778,-0.007658808766684566,0.00020436507936507934,-0.007863173846049645,-0.0019156150073176533,-0.025446595078185166,-0.006504726999334712,-0.0011770655688770034,-0.006781798695092237,-0.006580175217848064,-0.01176227253265896,-0.014010481506800978,-0.019169996708874006,-0.030475253146588856
2023-06-26,-0.00755305805526818,-0.012827756437534754,-0.015464315871677181,0.0008276041376493737,-0.032695638772571534,0.005403613376415928,-0.0028286014948659677,-0.019163053932465646,-0.0373615943461052,-0.060600166336257755,-0.004486838293256468,0.00020793650793650794,-0.004694774801192975,-0.007760994563204688,-0.013035692945471262,-0.01567225237961369,0.0006196676297128658,-0.032903575280508045,0.00519567686847942,-0.003036538002802476,-0.019370990440402153,-0.03756953085404171,-0.060808102844194266
2023-06-27,0.015059174985602386,0.03865834680751079,0.014529104045574393,0.018727457974684114,-8.454359540277512e-05,0.0023513612162182618,0.007644431584174383,0.018168071304143663,0.030616229919544047,0.03800042956291749,0.011455854954693034,0.00020595238095238096,0.011249902573740653,0.014853222604650005,0.03845239442655841,0.014323151664622011,0.018521505593731735,-0.0002904959763551561,0.002145408835265881,0.007438479203222001,0.017962118923191283,0.030410277538591667,0.03779447718196511
2023-06-28,0.006327738531977545,-0.0020330138202465653,-0.001083754432466999,0.006159617008242746,0.01563427214599744,0.0033511450025160983,0.0015106520160257375,0.003825940923460891,-0.018125076183617028,0.0240996896954786,-0.00035407668843834283,0.00020555555555555556,-0.0005596322439938984,0.00612218297642199,-0.002238569375802121,-0.0012893099880225546,0.005954061452687191,0.015428716590441885,0.0031455894469605426,0.001305096460470182,0.0036203853679053354,-0.018330631739172584,0.023894134139923043
2023-06-29,0.0017965454611512666,-0.019822916506637367,-0.008834406537251538,0.005267656624531769,-0.008986620077874985,0.01269206616948737,0.0093577716731299,-0.0023821691998066052,-0.007174661540348515,0.004917303362650394,0.004473544672805918,0.00020634920634920634,0.0042671954664567115,0.0015901962548020602,-0.020029265712986574,-0.009040755743600744,0.0050613074181825625,-0.009192969284224192,0.012485716963138164,0.009151422466780693,-0.0025885184061558114,-0.007381010746697721,0.004710954156301187
2023-06-30,0.023102468742216997,0.024460473423757012,0.019233769000189582,-0.00316290498585603,0.005037724896931772,0.012862791456789369,0.013379829923472641,0.01638571679722567,0.036255056709951106,0.016582481606492783,0.012269004495714109,0.00020515873015872975,0.01206384576555538,0.022897310012058268,0.024255314693598283,0.019028610270030853,-0.0033680637160147598,0.004832566166773042,0.01265763272663064,0.013174671193313912,0.01618055806706694,0.03604989797979238,0.016377322876334054
2023-07-03,-0.007784700385598309,0.03269352623032917,-0.0010739443770555468,-0.001136604892032933,0.0016710175106806613,0.0013025686057281938,-0.011963403796242611,-0.00748814175357293,0.002623812954618554,0.06895373445427366,0.0011706778016009611,0.00020674603174603175,0.0009639317698549294,-0.00799144641734434,0.03248678019858314,-0.0012806904088015787,-0.0013433509237789649,0.0014642714789346294,0.001095822573982162,-0.012170149827988643,-0.007694887785318962,0.002417066922872522,0.06874698842252763
2023-07-05,-0.00587127781802288,-0.0049868049238559475,0.0012287180203460757,0.011331307654071088,0.01542948825298307,-0.0022764235011656364,0.006986657543696095,0.0004733802768774886,-0.0022633831732329357,0.009506123909958086,-0.0019683184132291975,0.00020674603174603175,-0.0021750644449752294,-0.006078023849768912,-0.005193550955601979,0.0010219719886000438,0.011124561622325056,0.015222742221237038,-0.0024831695329116683,0.0067799115119500635,0.0002666342451314569,-0.0024701292049789676,0.009299377878212054
2023-07-06,0.002508864636161956,-0.02680536649596843,-0.015493205988729275,-0.0032347402808285963,-0.013470169657676001,0.0071707773539995134,-0.006668770122630008,0.009226547733389712,-0.005056964316780821,-0.021028045208104085,-0.007922511336500904,0.00020753968253968253,-0.008130051019040586,0.0023013249536222736,-0.027012906178508114,-0.01570074567126896,-0.0034422799633682787,-0.013677709340215683,0.006963237671459831,-0.00687630980516969,0.00901900805085003,-0.005264503999320503,-0.02123558489064377
2023-07-07,-0.005891415363877273,0.016853960677187363,0.011062622017709689,-0.0024456261199014007,-0.00524525534854392,0.007443398445598826,-0.009561645778329408,-0.011867320571639528,0.009500350713669059,-0.007630056425625198,-0.0028651005386203243,0.00020714285714285675,-0.003072243395763181,-0.00609855822102013,0.016646817820044506,0.010855479160566832,-0.0026527689770442574,-0.005452398205686777,0.0072362555884559684,-0.009768788635472266,-0.012074463428782385,0.009293207856526202,-0.007837199282768055
2023-07-10,-0.010855828429376824,0.010666047510190069,-0.02041918285409683,0.005704815748508674,-0.025359851277007683,0.013170669024658244,0.00818188111107343,-0.015983643340321874,-0.007599335710819055,-0.01756370459810941,0.002405026057131332,0.00020833333333333332,0.0021966927237979986,-0.011064161762710157,0.010457714176856736,-0.020627516187430164,0.005496482415175341,-0.025568184610341018,0.01296233569132491,0.007973547777740097,-0.01619197667365521,-0.007807669044152388,-0.017772037931442743
2023-07-11,-0.002810002406532619,0.044263808936939375,0.012978852839820698,0.02554965548084631,0.005925144299106622,0.060557995248019525,0.0008489025199156508,0.0019288606027061395,0.005334106960274809,0.000667717084456676,0.0067422110558885695,0.00020833333333333332,0.0065338777225552366,-0.0030183357398659524,0.044055475603606044,0.012770519506487365,0.025341322147512977,0.005716810965773289,0.060349661914686194,0.0006405691865823174,0.001720527269372806,0.005125773626941476,0.00045938375112334267
2023-07-12,0.008985580634205181,-0.0037806386437005957,0.01568569880112225,-0.007542484631177904,0.015280903840924065,-0.01644247399550769,0.002951684037863389,0.014226602918090192,0.03530255406845617,0.008154422401772665,0.007411233485312474,0.00020793650793650794,0.007203296977375966,0.008777644126268674,-0.003988575151637103,0.015477762293185742,-0.007750421139114411,0.015072967332987557,-0.016650410503444197,0.002743747529926881,0.014018666410153684,0.03509461756051966,0.007946485893836158
2023-07-13,0.004057447469679287,0.022405429643142405,0.026758409161619312,-0.0011975243245593292,0.0471707460747226,0.020060805039985308,-0.0013192438433056175,0.016192135524263795,0.047264588944666786,0.02172875427149612,0.008470153458069118,0.00020793650793650794,0.00826221695013261,0.003849510961742779,0.022197493135205897,0.026550472653682804,-0.0014054608324958371,0.04696280956678609,0.0198528685320488,-0.0015271803512421254,0.015984199016327288,0.047056652436730274,0.021520817763559612
2023-07-14,0.0007873876877366737,0.023199372438851062,0.002829408900884234,-0.01720088024598687,0.00706587034467443,-0.022944181329167646,-0.0009482544888459454,0.007529500912301312,-0.011049194063975087,0.012522529912772917,-0.0010244071333035398,0.00020833333333333332,-0.0012327404666368732,0.0005790543544033403,0.022991039105517728,0.0026210755675509004,-0.017409213579320206,0.006857537011341097,-0.02315251466250098,-0.0011565878221792788,0.007321167578967979,-0.01125752739730842,0.012314196579439584
2023-07-17,0.017305489470438085,0.01409239796336581,-0.008315972513331604,-0.005865240374619329,-0.006139303412317609,0.0009151886247520391,-0.0008816054143075958,0.0014193282849390698,0.02181696571408076,0.03198521516746822,0.0038553825145495324,0.00020873015873015873,0.0036466523558193738,0.017096759311707926,0.013883667804635652,-0.008524702672061762,-0.006073970533349488,-0.006348033571047768,0.0007064584660218804,-0.0010903355730377544,0.0012105981262089112,0.021608235555350602,0.03177648500873806
2023-07-18,-0.0013404105563138424,0.008048969207709256,-0.005465676406731013,-0.0014159050355517788,-0.007139961006225493,-0.0012189588305479004,-0.002918592274539722,0.03979965646185413,0.022233690028597763,0.010193509901870401,0.007117275205842377,0.00020833333333333332,0.006908941872509044,-0.0015487438896471758,0.007840635874375923,-0.005674009740064346,-0.0016242383688851122,-0.0073482943395588255,-0.0014272921638812338,-0.0031269256078730553,0.039591323128520796,0.02202535669526443,0.009985176568537068
2023-07-19,0.007071640790767608,-0.006790385077980909,0.019046892602732513,-0.01403791235943852,-0.01397871919887339,0.004575943665485971,0.001055156306043692,-0.012267429296991428,-0.008779931309352063,-0.007090702250741598,0.002357910335732072,0.00020873015873015873,0.0021491801770019132,0.006862910632037449,-0.0069991152367110685,0.018838162444002354,-0.014246642518168678,-0.014187449357603549,0.004367213506755812,0.0008464261473135332,-0.012476159455721586,-0.00898866146808222,-0.0072994324094717575
2023-07-20,-0.010097207319576085,-0.0017521893454893744,-0.03989357175040831,0.024017230873664586,-0.023191123425660765,-0.011235789366906168,0.010199746912779917,-0.02312136843144441,-0.03307353083655018,-0.09737009860008494,-0.006756896218903741,0.00020873015873015873,-0.0069656263776339,-0.010305937478306243,-0.001960919504219533,-0.040102301909138466,0.023808500714934427,-0.023399853584390923,-0.011444519525636326,0.009991016754049759,-0.02333009859017457,-0.03328226099528034,-0.0975788287588151
2023-07-21,-0.006161704243167754,0.024022615105234957,0.00030773533446226686,-0.00847337462395037,0.0068793282930499355,-0.00982813619066114,-0.005115876535129349,-0.008937123245534528,-0.02660385824747613,-0.010954754468143868,0.0003240945218980773,0.0002091269841269841,0.0001149675377710932,-0.006370831227294738,0.02381348812110797,9.860835033528276e-05,-0.008682501608077353,0.006670201308922951,-0.010037263174788124,-0.005325003519256333,-0.009146250229661512,-0.026812985231603116,-0.011163881452270851
2023-07-24,0.0042200574599087215,-0.0077301144198885785,-0.009230745755709147,0.019216203998047687,0.012581227248012139,0.005893340890873011,-0.0010147342900296286,0.003897992662152072,0.006838549387100601,0.03476659075024613,0.004034153877153557,0.0002095238095238095,0.003824630067629747,0.004010533650384912,-0.007939638229412387,-0.009440269565232955,0.01900668018852388,0.01237170343848833,0.0056838170813492015,-0.0012242580995534382,0.0036884688526282626,0.006629025577576791,0.03455706694072232
2023-07-25,0.004513570921609311,0.0069773663010841425,0.002562125956798944,-0.008106731086226171,0.005595273525017319,0.02065987957384441,-0.009989435775704214,0.017008971908913928,0.02391726414582962,-0.014048906614122947,0.002814673351556163,0.0002095238095238095,0.002605149542032353,0.0043040471120855016,0.006767842491560333,0.0023526021472751344,-0.00831625489574998,0.0053857497154935095,0.0204503557643206,-0.010198959585228023,0.01679944809939012,0.02370774033630581,-0.014258430423646756
2023-07-26,0.004545038277226743,0.010225390749221352,-0.007589335934878205,0.08724083859775345,0.05776955402676687,-0.0018127081803637202,-0.0020866653789777256,-0.0376374491660576,-0.004969326515234962,-0.0035057022016762307,-0.00015543889679858758,0.0002095238095238095,-0.0003649627063223971,0.004335514467702933,0.010015866939697544,-0.007798859744402015,0.08703131478822963,0.057560030217243055,-0.00202223198988753,-0.0022961891885015353,-0.037846972975581414,-0.0051788503247587716,-0.0037152260112000403
2023-07-27,-0.006580894386653324,-0.011120717781900158,0.0007803832093540297,0.004080742851326313,0.0010056024892326487,-0.004842578946802956,0.011791163049471587,-0.020871952193029286,0.009856537586526048,-0.032683938680391544,-0.006424666064487883,0.0002095238095238095,-0.006634189874011692,-0.006790418196177134,-0.011330241591423967,0.0005708593998302202,0.0038712190418025037,0.0007960786797088392,-0.005052102756326765,0.011581639239947778,-0.021081476002553095,0.00964701377700224,-0.03289346248991536
2023-07-28,0.013507774321740218,0.032525264855587155,0.030877245332297854,0.021133700284091006,0.024575071993398367,-0.0076033328673114076,-0.003929615773261119,0.02313116994211306,0.018518550937832057,0.04196157931177735,0.009877842794752345,0.0002095238095238095,0.009668318985228536,0.01329825051221641,0.03231574104606334,0.030667721522774045,0.020924176474567197,0.02436554818387456,-0.007812856676835216,-0.004139139582784929,0.022921646132589252,0.018309027128308248,0.04175205550225354
2023-07-31,0.0031661670715776857,-0.007434940168490556,0.011118568090654923,0.0006703408625110541,0.0010557852430339576,0.006129215779507424,-0.0028230701765997734,-0.007240541408019552,-0.000449428674744623,0.00371562162326855,0.0014687129405193122,0.0002095238095238095,0.0012591891309955026,0.002956643262053876,-0.0076444639780143655,0.010909044281131115,0.00046081705298724456,0.0008462614335101481,0.005919691969983615,-0.003032593986123583,-0.0074500652175433614,-0.0006589524842684325,0.0035060978137447405
2023-08-01,-0.004276025468853972,-0.021551998992572985,-0.014886223394710907,-0.0035169000427639485,-0.0088155097446585,0.003655365191942428,-0.007264462409194206,0.0012502804489269437,-0.004750724334587786,-0.023781870118334214,-0.002665087639215691,0.0002091269841269841,-0.0028742146233426747,-0.004485152452980957,-0.02176112597669997,-0.01509535037883789,-0.0037260270268909324,-0.009024636728785484,0.003446238207815444,-0.00747358939332119,0.0010411534647999595,-0.00495985131871477,-0.0239909971024612
2023-08-02,-0.015489771179178824,-0.029212316140869832,-0.026425663778747666,-0.02785592948632687,-0.0240974323527281,-0.013657199952496701,-0.004981689232343878,-0.02628284518143187,-0.048121616300371595,-0.02665954157355055,-0.013839541336347905,0.0002091269841269841,-0.014048668320474888,-0.01569889816330581,-0.029421443124996817,-0.02663479076287465,-0.028065056470453854,-0.024306559336855084,-0.013866326936623685,-0.005190816216470862,-0.026491972165558854,-0.04833074328449858,-0.026868668557677534
2023-08-03,-0.00732173656978663,-0.0254565075949843,0.005459768439170398,-8.645635767468018e-05,0.0005454029508513702,0.006153934184187415,0.004833972563299316,-0.0025650410893970355,0.005556753645085344,0.020502958173047592,-0.0025479738404268204,0.0002091269841269841,-0.0027571008245538043,-0.007530863553913614,-0.025665634579111286,0.005250641455043414,-0.0002955833418016643,0.0003362759667243861,0.005944807200060431,0.0046248455791723314,-0.0027741680735240194,0.0053476266609583595,0.020293831188920607
2023-08-04,-0.04801995356696742,-0.005039797623926701,0.08269337801006271,0.0,-0.002646919343611498,-0.00825696815913346,-0.013744956249716611,0.0034286902374549566,0.003706580738794152,-0.021055092394165698,-0.005300074155050516,0.0002095238095238095,-0.0055095979645743256,-0.048229477376491234,-0.00524932143345051,0.0824838542005389,-0.0002095238095238095,-0.0028564431531353076,-0.008466491968657269,-0.01395448005924042,0.003219166427931147,0.0034970569292703422,-0.021264616203689506
2023-08-07,-0.017253849812838284,0.021616599977727358,0.01898684357254843,0.029780426052350872,0.026695813719383343,0.00986740015865406,0.015260417965528239,0.007108280899461139,0.016495252019525397,-0.00949343597382446,0.00902409277936278,0.00020992063492063494,0.008814172144442144,-0.01746377044775892,0.021406679342806722,0.018776922937627793,0.029570505417430237,0.026485893084462708,0.009657479523733425,0.015050497330607603,0.006898360264540504,0.01628533138460476,-0.009703356608745096
2023-08-08,0.0053117535947591055,-0.025488784736522163,-0.016031491771390738,-0.0008814552523281893,-0.000988323865263263,0.009770985930532827,-0.006245641996214801,-0.012298763325627626,-0.016579741207722543,-0.006959634206558429,-0.004218283044793103,0.00021031746031746032,-0.004428600505110563,0.005101436134441645,-0.025699102196839622,-0.016241809231708197,-0.0010917727126456497,-0.0011986413255807235,0.009560668470215366,-0.0064559594565322615,-0.012509080785945087,-0.016790058668040002,-0.0071699516668758895
2023-08-09,-0.008954518648758736,-0.01203875240294483,-0.01493494570121734,-0.000756144685170046,-0.013242034826605464,-0.007862150815806768,-0.004662185743849245,-0.011716025077559977,-0.04724159384211224,-0.03007606967809695,-0.007038730380597102,0.0002095238095238095,-0.007248254190120912,-0.009164042458282545,-0.012248276212468639,-0.015144469510741148,-0.0009656684946938555,-0.013451558636129273,-0.008071674625330576,-0.004871709553373055,-0.011925548887083786,-0.04745111765163605,-0.03028559348762076
2023-08-10,-0.0012346950437079895,-0.013781054353918076,0.005150463718840648,0.0016816358171107826,0.00023119046934505505,0.004876791331470232,-0.0021856869149691205,0.002172428630678569,-0.0039008580323082187,0.013006292021680244,0.00025071394456976925,0.0002095238095238095,4.119013504595974e-05,-0.0014442188532317992,-0.013990578163441885,0.004940939909316838,0.001472112007586973,2.166665982124554e-05,0.004667267521946422,-0.00239521072449293,0.0019629048211547593,-0.004110381841832028,0.012796768212156435
2023-08-11,0.0003377050224506739,-0.01684201312320932,-0.0010825194798443905,-0.010660594916029664,-0.0010022272773054786,-0.006066272481362156,0.003546690231749361,-0.005945672683091208,-0.036166062799152465,-0.01096438608281991,-0.0010696923700230787,0.0002095238095238095,-0.0012792161795468883,0.0001281812129268644,-0.01705153693273313,-0.0012920432893682,-0.010870118725553473,-0.0012117510868292882,-0.006275796290885966,0.0033371664222255513,-0.006155196492615017,-0.03637558660867628,-0.011173909892343719
2023-08-14,0.009393224293435809,-0.003291346549399554,0.015605834874352187,0.004199921466304213,0.013661585507222185,-0.021361006998776633,0.0006583970654301385,0.009439072735976772,0.07093362799451008,-0.011910156448968756,0.005750475751703066,0.00020992063492063494,0.005540555116782431,0.009183303658515173,-0.003501267184320189,0.015395914239431551,0.003990000831383578,0.013451664872301549,-0.02157092763369727,0.0004484764305095036,0.009229152101056137,0.07072370735958945,-0.012120077083889392
2023-08-15,-0.01120030816574591,-0.02544280433718804,-0.020630355012962953,-0.018799425798717295,-0.011802294587609397,-0.007171978649944677,-0.001766029374814404,-0.006727761341132399,0.004274349295364299,-0.028361644764614335,-0.011550909428841738,0.00020992063492063494,-0.011760830063762374,-0.011410228800666545,-0.025652724972108677,-0.02084027564788359,-0.01900934643363793,-0.012012215222530032,-0.007381899284865312,-0.001975950009735039,-0.006937681976053034,0.004064428660443664,-0.02857156539953497
2023-08-16,-0.004959136495652161,-0.007855250092539845,-0.018885675014943426,-0.00994574017578298,-0.008321926929699908,-0.016959777472465687,-0.010058879880718519,-0.0024285347681403113,-0.01033242523706468,-0.03159340830287449,-0.007555395210577687,0.00020992063492063494,-0.007765315845498322,-0.005169057130572796,-0.00806517072746048,-0.019095595649864062,-0.010155660810703616,-0.008531847564620543,-0.017169698107386323,-0.010268800515639154,-0.0026384554030609462,-0.010542345871985315,-0.031803328937795125
2023-08-17,-0.014555226979332092,-0.006520251147607237,-0.008069975106044458,-0.023526869901751235,0.009479377506514286,-0.010862505294337299,-0.012403698896227722,-0.010986009484926451,-0.0032655466090520946,-0.02828016272253575,-0.007712913029036983,0.00020992063492063494,-0.007922833663957619,-0.014765147614252728,-0.0067301717825278716,-0.008279895740965094,-0.02373679053667187,0.00926945687159365,-0.011072425929257935,-0.012613619531148357,-0.011195930119847087,-0.0034754672439727295,-0.028490083357456387
2023-08-18,0.002816171088104058,-0.02289241623626248,-0.005672447612115605,0.00939699239975833,-0.01893462303799809,0.0032297742421565356,-0.00042574121744898274,-0.0012624814062677236,-0.0010382604401408813,-0.017014851321818014,-0.00014870682600087726,0.0002095238095238095,-0.00035823063552468677,0.0026066472785802484,-0.02310194004578629,-0.005881971421639415,0.009187468590234522,-0.019144146847521897,0.003020250432632726,-0.0006352650269727923,-0.0014720052157915333,-0.0012477842496646909,-0.017224375131341823
2023-08-21,0.007736836418906545,-0.008475912196440949,0.01095925117625085,0.0025149231836250063,0.007139481013975324,0.007405266765154961,-0.006033980845661091,0.017063020208163637,0.08471355197669816,0.073274828918382,0.006879188518795987,0.00021031746031746032,0.0066688710584785265,0.007526518958589085,-0.00868622965675841,0.01074893371593339,0.002304605723307546,0.006929163553657864,0.007194949304837501,-0.006244298305978551,0.016852702747846178,0.0845032345163807,0.07306451145806453
2023-08-22,0.007904876575078212,0.02483872444398938,-0.0031926989840012077,0.012542936749425415,0.005530891882715272,-0.00862911640949049,0.0009642022539670947,0.0018014776657910847,-0.027657869663353374,0.008258403978685713,-0.002777466728829614,0.00021031746031746032,-0.002987784189147074,0.007694559114760752,0.02462840698367192,-0.003403016444318668,0.012332619289107954,0.005320574422397812,-0.00883943386980795,0.0007538847936496343,0.0015911602054736243,-0.027868187123670833,0.008048086518368252
2023-08-23,0.021948701516909086,0.008262535698998041,0.009459994580714559,-0.006476313494719554,0.02548800227121717,0.004190936721144567,0.005565240066433663,0.014079451404661603,0.0317072700704486,0.01573823118710882,0.011044879965972587,0.00021031746031746032,0.010834562505655126,0.021738384056591627,0.00805221823868058,0.009249677120397098,-0.006686630955037015,0.02527768481089971,0.003980619260827107,0.005354922606116203,0.013869133944344142,0.03149695261013114,0.015527913726791359
2023-08-24,-0.026170390078794514,-0.026613623134004838,-0.027154721211281152,-0.04930441938131891,-0.01956621893818955,-0.012841066021482717,0.0017031385306713887,-0.02149855290119862,0.0009974511476738002,-0.02879341090367593,-0.013457974663146133,0.0002107142857142853,-0.013668688948860417,-0.0263811043645088,-0.026824337419719124,-0.02736543549699544,-0.049515133667033195,-0.019776933223903836,-0.013051780307197001,0.0014924242449571034,-0.021709267186912906,0.0007867368619595148,-0.029004125189390217
2023-08-25,0.012643154494008213,0.008579214916224709,0.010770617478674804,0.028070526768428472,0.0007705553838461832,0.0029268605651304735,0.007897705992345294,0.009407187589130395,-0.024277469121955164,0.037167463490241914,0.006717966037625089,0.0002119047619047615,0.006506061275720328,0.012431249732103451,0.008367310154319947,0.010558712716770042,0.02785862200652371,0.0005586506219414217,0.002714955803225712,0.007685801230440533,0.009195282827225633,-0.024489373883859925,0.036955558728337154
2023-08-28,0.008846254985526603,0.0029016444956913023,-0.0009004586682715976,0.016337647538848366,0.008700263200841052,0.01588846119763976,-0.0031625403155794984,0.002229238170692094,0.017753978715713936,0.0009640428763089126,0.006264619755036449,0.0002119047619047615,0.006052714993131688,0.00863435022362184,0.0026897397337865407,-0.001112363430176359,0.016125742776943605,0.00848835843893629,0.015676556435734998,-0.00337444507748426,0.002017333408787332,0.017542073953809176,0.0007521381144041512
2023-08-29,0.021810180246955024,0.04831359264143065,0.013294308852149106,0.0008367939903515254,0.027173733480338136,0.0012766525014862307,-0.00031719923309414533,0.014550492490824851,0.041614065680671164,0.07687791972402569,0.01450830719454621,0.00021150793650793651,0.014296799258038274,0.021598672310447087,0.048102084704922714,0.013082800915641169,0.0006252860538435888,0.0269622255438302,0.0010651445649782943,-0.0005287071696020818,0.014338984554316914,0.04140255774416323,0.07666641178751775
2023-08-30,0.019172202079280387,-0.012400751528532594,0.0011860029483812262,0.0070407309285613895,0.00973448875991112,-0.06630531247581306,0.0022919333367839023,0.001157197501221896,0.009839283750592731,-0.0010887269121663268,0.003833182103508026,0.0002111111111111111,0.003622070992396915,0.018961090968169277,-0.012611862639643706,0.0009748918372701151,0.006829619817450279,0.009523377648800008,-0.06651642358692417,0.002080822225672791,0.0009460863901107849,0.00962817263948162,-0.001299838023277438
2023-08-31,0.0011723527491982466,0.00719701735712075,0.021766395374215985,-0.021061862336322124,0.0021342026435953176,0.014339294737911956,-0.005553163712321174,-0.003132828806674315,0.0018472597439980198,0.004593198535678855,-0.0015969365120942491,0.0002111111111111111,-0.0018080476232053603,0.0009612416380871355,0.006985906246009639,0.021555284263104876,-0.021272973447433233,0.0019230915324842065,0.014128183626800845,-0.005764274823432285,-0.003343939917785426,0.0016361486328869087,0.0043820874245677445
2023-09-01,0.00846348909218797,0.008665901658701625,0.0007970481467276525,-0.002812145187007342,-0.0037452831864183134,0.022214760889953666,-0.0007467269867412751,0.0027459807263923164,-0.01714117943216631,-0.050643183297632066,0.0017991292600010311,0.00021031746031746032,0.0015888117996835708,0.00825317163187051,0.008455584198384164,0.0005867306864101921,-0.0030224626473248023,-0.0039556006467357735,0.022004443429636207,-0.0009570444470587355,0.0025356632660748562,-0.01735149689248377,-0.050853500757949525
2023-09-05,0.001266533771499434,0.07234901400326499,-0.006154002858205887,-0.0037152488582888887,0.0008108496934928766,-0.007573368078781173,-0.006335748297500499,0.014878746342320115,0.000804027124418738,0.04685521401135628,-0.004194177587506065,0.0002111111111111111,-0.004405288698617176,0.0010554226603883229,0.07213790289215388,-0.006365113969316998,-0.0039263599693999994,0.0005997385823817655,-0.007784479189892284,-0.006546859408611609,0.014667635231209003,0.0005929160133076269,0.04664410290024517
2023-09-06,-0.0357932624207431,-0.0036544313599496947,-0.013914209970579572,-0.02075756042568022,-0.00964867972959238,-0.0003318367565451341,-0.01332605454740976,-0.0020089639776045276,-0.030549686757790573,-0.017817428513501543,-0.006971599351452862,0.0002107142857142853,-0.007182313637167147,-0.036003976706457386,-0.00386514564566398,-0.014124924256293856,-0.020968274711394508,-0.009859394015306664,-0.0005425510422594194,-0.013536768833124045,-0.002219678263318813,-0.03076040104350486,-0.01802814279921583
2023-09-07,-0.029249549239149464,0.010580517421140856,0.018395430569861038,-0.00871756789671152,0.00594976989678786,-0.02688343553848338,0.01049234713901992,-0.008921974382303022,-0.017424113759787252,-0.0017068620153484204,-0.0032112659361860363,0.00021031746031746032,-0.0034215833965034964,-0.029459866699466923,0.010370199960823395,0.01818511310954358,-0.008927885357028981,0.0057394524364704,-0.02709375299880084,0.010282029678702459,-0.009132291842620483,-0.01763443122010471,-0.0019171794756658808
2023-09-08,0.0034920310306756353,0.017798582925344197,0.0027565441218631026,-0.0221245022530816,0.008280297429267724,0.004433930931059482,0.0031977578917241622,0.013215549583185382,-0.014467917720321855,-0.011889162304087542,0.0014266227216406246,0.0002107142857142853,0.0012159084359263394,0.00328131674496135,0.01758786863962991,0.002545829836148817,-0.022335216538795888,0.00806958314355344,0.004223216645345197,0.002987043606009877,0.013004835297471097,-0.014678632006036139,-0.012099876589801826
2023-09-11,0.00662238550131633,0.010355194287424485,0.035231212663680456,-0.0012306989178152428,0.003959540758330604,0.003735134972464804,0.0019339475654516214,0.010979395448842633,-0.008645394019285435,0.10092549928477124,0.006723453106275201,0.0002111111111111111,0.0065123419951640905,0.0064112743902052195,0.010144083176313374,0.03502010155256934,-0.001441810028926354,0.003748429647219493,0.003524023861353693,0.0017228364543405103,0.010768284337731521,-0.008856505130396547,0.10071438817366013
2023-09-12,-0.017060659394175226,0.0011538598169587022,-0.013067856717097759,-0.0017060832174937701,-0.01153948964787288,-0.012185527409922736,0.0033957892260507716,-0.018257899835982583,-0.0068175676287955955,-0.022296863386701782,-0.005695885604828921,0.0002111111111111111,-0.0059069967159400315,-0.017271770505286336,0.0009427487058475911,-0.01327896782820887,-0.0019171943286048813,-0.011750600758983992,-0.012396638521033848,0.0031846781149396605,-0.018469010947093693,-0.007028678739906706,-0.02250797449781289
2023-09-13,-0.011854669182263744,-0.018881380760063515,0.025632022130484877,-0.010681225089926527,0.010122537598858505,-0.021078162026331393,0.0037759524412555034,0.012930779253629732,0.013706305656099094,0.014281354305895722,0.0012416323054647016,0.0002107142857142853,0.0010309180197504164,-0.012065383467978029,-0.0190920950457778,0.02542130784477059,-0.010891939375640812,0.00991182331314422,-0.02128887631204568,0.003565238155541218,0.012720064967915447,0.013495591370384809,0.014070640020181437
2023-09-14,0.008782679938011517,-0.004111538097363976,-0.0008975138235036706,0.003119045941989196,0.010167465260465525,-0.018002121015506578,0.010611769927764358,0.007855763541963379,0.002110595329873677,0.017471511114000693,0.00842991886716793,0.0002107142857142853,0.008219204581453645,0.008571965652297233,-0.004322252383078261,-0.0011082281092179558,0.0029083316562749104,0.00995675097475124,-0.018212835301220864,0.010401055642050074,0.007645049256249093,0.0018998810441593916,0.017260796828286407
2023-09-15,-0.0041541394654249775,-0.009505933691390411,-0.029919857618376344,-0.004496543543094256,-0.005068815446730657,-0.01725366322374866,-0.022931687572606996,-0.025036963349066466,-0.03687957716839618,-0.005977372284481253,-0.012159612938677844,0.0002111111111111111,-0.012370724049788956,-0.004365250576536088,-0.009717044802501523,-0.030130968729487454,-0.0047076546542053664,-0.0052799265578417675,-0.01746477433485977,-0.023142798683718106,-0.025248074460177575,-0.037090688279507296,-0.006188483395592363
2023-09-18,0.016913330821933803,-0.0014010294097526188,-0.0029204620264398073,-0.014367428208134636,0.005895220593181261,-0.0007315273939917377,-0.0018330509762691793,-0.0035126225147573686,0.001503505535891625,-0.033200974462619715,0.0007212876971294246,0.0002107142857142853,0.0005105734114151393,0.016702616536219517,-0.001611743695466904,-0.0031311763121540928,-0.01457814249384892,0.005684506307466975,-0.000942241679706023,-0.0020437652619834648,-0.003723336800471654,0.0012927912501773397,-0.033411688748334
2023-09-19,0.006180939757626902,-0.0049105361855940055,-0.016788047695762587,-0.0031201219036829375,-0.0012298893311363246,0.009150746977505175,0.0014763400470556576,-0.0012461236007685894,-0.010144021857605878,0.004598918977371191,-0.002151010615372817,0.0002107142857142853,-0.0023617249010871024,0.005970225471912617,-0.005121250471308291,-0.016998761981476873,-0.003330836189397223,-0.0014406036168506098,0.00894003269179089,0.0012656257613413724,-0.0014568378864828746,-0.010354736143320163,0.004388204691656906
2023-09-20,-0.019992095985413516,-0.027070930077207178,-0.01700219075536713,-0.010318860790485496,-0.03115055521414989,-0.018498370005757492,-0.0033436160290204464,-0.023976920848782446,-0.0294348684258533,-0.014671683535119606,-0.0093947947580596,0.00021150793650793651,-0.009606302694567536,-0.020203603921921453,-0.027282438013715115,-0.017213698691875067,-0.010530368726993432,-0.03136206315065782,-0.01870987794226543,-0.003555123965528383,-0.024188428785290383,-0.029646376362361237,-0.014883191471627543
2023-09-21,-0.008889671052648929,-0.038113141918684756,-0.04405345369833069,-0.011958285454046425,-0.02467483060392639,-0.009608258743068032,-0.021572957001795845,-0.0038657541579762977,-0.028930601466756967,-0.026238620989897266,-0.01640093410321941,0.00021150793650793651,-0.016612442039727348,-0.009101178989156865,-0.03832464985519269,-0.044264961634838625,-0.012169793390554361,-0.024886338540434327,-0.009819766679575969,-0.021784464938303782,-0.004077262094484235,-0.029142109403264903,-0.026450128926405202
2023-09-22,0.004944443476247562,-0.004143149165783844,-0.0016238050792075631,-0.011202752030823104,-0.0014564351927081054,-0.0011193604666847046,0.0036869457756836255,-0.007886430089403151,0.014457559800092223,-0.042315182614647506,-0.002295598477193961,0.0002111111111111111,-0.002506709588305072,0.004733332365136451,-0.0043542602768949544,-0.0018349161903186743,-0.011413863141934216,-0.0016675463038192165,-0.0013304715777958157,0.0034758346645725143,-0.008097541200514263,0.014246448688981112,-0.04252629372575862
2023-09-25,0.007380351316543354,0.014674754055900463,0.01665124873434287,0.005411926706260228,0.006602722478810774,-0.017556970970029173,-0.008963431455839332,0.0016718137657198984,0.01470796342511993,0.00861646752809131,0.0040230650909416354,0.0002123015873015873,0.003810763503640048,0.007168049729241767,0.014462452468598876,0.016438947147041284,0.005199625118958641,0.006390420891509187,-0.01776927255733076,-0.00917573304314092,0.001459512178418311,0.014495661837818342,0.008404165940789722
2023-09-26,-0.02339835648336419,-0.013866114647493433,-0.040298626825268746,-0.01579635480899033,-0.019373059742113896,-0.022053350817691886,-0.007635681655787763,-0.01700576461762704,-0.007366097501587454,-0.011619945391094122,-0.014734533990868215,0.0002119047619047615,-0.014946438752772977,-0.02361026124526895,-0.014078019409398195,-0.04051053158717351,-0.016008259570895092,-0.019584964504018657,-0.022265255579596646,-0.007847586417692525,-0.0172176693795318,-0.007578002263492215,-0.011831850152998884
2023-09-27,-0.008897507028844398,0.013229513276000304,0.0,-0.0009200198136515292,0.01532245605230087,-0.003110413903721354,-0.015239787920534376,0.0020824234237615258,0.013290031038889927,-0.014828753029631048,0.00022931406074522265,0.0002119047619047615,1.7409298840461134e-05,-0.00910941179074916,0.013017608514095542,-0.0002119047619047615,-0.0011319245755562906,0.015110551290396108,-0.0033223186656261157,-0.015451692682439138,0.0018705186618567643,0.013078126276985165,-0.01504065779153581
2023-09-28,0.0015254646242566228,0.018204897885764515,0.0,-0.02573423649498463,0.01355902402875464,-0.0027301460053633653,0.007396433688328763,0.002717440958440287,0.014623077145538677,0.02444908475181906,0.005893173970516585,0.0002111111111111111,0.005682062859405475,0.0013143535131455116,0.017993786774653405,-0.0002111111111111111,-0.02594534760609574,0.013347912917643529,-0.0029412571164744764,0.007185322577217652,0.002506329847329176,0.014411966034427565,0.02423797364070795
2023-09-29,0.003046644668054821,0.005422477368980827,0.009049050319664964,0.006564092044724301,-0.010959055619556124,0.005084284262790506,-0.008095358537985708,0.006727442484439461,0.009515011202827717,0.015585665483353939,-0.002709582086142026,0.0002111111111111111,-0.0029206931972531372,0.00283553355694371,0.005211366257869716,0.008837939208553853,0.0063529809336131905,-0.011170166730667236,0.004873173151679395,-0.00830646964909682,0.00651633137332835,0.009303900091716605,0.015374554372242827
2023-10-02,0.014835575681579227,-0.00473733054054104,0.01840783446134764,-0.020085512269601646,0.025294154207479824,-0.0011673547125826689,-0.021598773388386228,0.01916068809095428,0.02949491100660495,0.005515166158101215,7.936755559079245e-05,0.0002123015873015873,-0.00013293403171079485,0.01462327409427764,-0.004949632127842628,0.01819553287404605,-0.020297813856903234,0.025081852620178237,-0.0013796562998842563,-0.021811074975687815,0.018948386503652694,0.029282609419303364,0.005302864570799627
2023-10-03,-0.007769699595707169,-0.06466018130874285,-0.03661366636292884,0.005803100288903851,-0.012968762754614338,0.017919713770193635,-0.012647766023393126,-0.026134140521704485,-0.028247898755807133,-0.020151062008054055,-0.013744071674259506,0.0002123015873015873,-0.013956373261561093,-0.007982001183008756,-0.06487248289604443,-0.03682596795023043,0.005590798701602263,-0.013181064341915925,0.017707412182892047,-0.012860067610694713,-0.026346442109006073,-0.02846020034310872,-0.020363363595355642
2023-10-04,0.007308546369570346,-0.0025052821296026595,0.018280939360016735,-0.0115922213774734,0.021218840160965424,-0.0034443512045565505,0.005186734696376982,0.017773407368518068,0.01204123424189607,0.05934371052307452,0.008109754957160709,0.0002119047619047615,0.007897850195255946,0.007096641607665584,-0.002717186891507421,0.018069034598111974,-0.011804126139378162,0.021006935399060664,-0.003656255966461312,0.004974829934472221,0.017561502606613308,0.011829329479991308,0.05913180576116976
2023-10-05,0.0071979009550804385,-0.018993844508141566,-0.008188983586829512,-0.0023563565119352203,-0.0012571266506408163,0.007296493900291301,-0.013994734796456965,0.001253954839021132,0.014691020228561058,-0.00425032873937603,-0.001304030159777203,0.0002119047619047615,-0.0015159349216819645,0.006985996193175677,-0.019205749270046327,-0.008400888348734275,-0.002568261273839982,-0.0014690314125455778,0.00708458913838654,-0.014206639558361727,0.0010420500771163705,0.014479115466656296,-0.0044622335012807915
2023-10-06,0.014750485259285018,0.010960899031899007,0.015878056641289273,0.005851154844401574,0.018583093041598442,-0.012581029884327521,-0.01589818419073452,0.024737085824907634,0.024033269722133266,0.001845841218459432,0.011814893014644445,0.0002126984126984127,0.011602194601946033,0.014537786846586605,0.010748200619200595,0.01566535822859086,0.005638456431703161,0.018370394628900028,-0.012793728297025934,-0.016110882603432936,0.02452438741220922,0.02382057130943485,0.0016331428057610193
2023-10-10,-0.0033521537914279476,0.029897470417062255,0.009511938819224852,0.026738782637022007,-0.002600716560288041,0.01342034287439331,0.006402089500864738,-0.00433580598103922,0.011596333078840892,0.015211543440507347,0.005207990781392224,0.0002119047619047615,0.004996086019487463,-0.0035640585533327092,0.029685565655157495,0.00930003405732009,0.026526877875117247,-0.0028126213221928028,0.013208438112488547,0.006190184738959977,-0.0045477107429439815,0.01138442831693613,0.014999638678602585
2023-10-11,0.007904148052233495,-0.012082957535828998,0.01814956889912689,0.013124624404191376,0.018035696055225037,0.015134203893628628,-0.002385511305938337,0.012272196140575842,0.02200950014544789,-0.002389822071472425,0.00429300817103373,0.0002119047619047615,0.0040811034091289685,0.007692243290328734,-0.01229486229773376,0.01793766413722213,0.012912719642286614,0.017823791293320276,0.014922299131723866,-0.0025974160678430987,0.01206029137867108,0.02179759538354313,-0.0026017268333771867
2023-10-12,0.005061013424071392,-0.030999990609975936,0.0037927633547389927,-0.02432806698769241,-0.011241566715203932,-0.0029816505459226983,-0.0188505664165749,-0.0037906871012630683,0.0029698266398132667,-0.015665976919941982,-0.00624643434611849,0.0002123015873015873,-0.0064587359334200775,0.004848711836769805,-0.031212292197277523,0.0035804617674374054,-0.024540368574993997,-0.01145386830250552,-0.0031939521332242857,-0.019062868003876486,-0.004002988688564656,0.0027575250525116793,-0.01587827850724357
2023-10-13,-0.0102926237722476,-0.0150035672885096,-0.019194502454286222,-0.033403028163672355,-0.01158541120506118,-0.009345896185108615,0.0086111427986586,-0.010357435796884862,-0.0316114364607788,-0.02993780718577166,-0.005018858888767519,0.0002123015873015873,-0.005231160476069106,-0.010504925359549187,-0.015215868875811188,-0.01940680404158781,-0.03361532975097394,-0.011797712792362768,-0.009558197772410203,0.008398841211357012,-0.01056973738418645,-0.031823738048080384,-0.030150108773073246
2023-10-16,-0.0007269535113791914,0.008945846179652106,0.021265196921155027,0.00010810131023752945,0.012667582577478909,0.014339757495827055,0.006564496345052628,0.01498196084620207,0.013945985816004036,0.01115006015531006,0.01059436938392988,0.0002119047619047615,0.010382464622025118,-0.0009388582732839529,0.008733941417747344,0.021053292159250267,-0.00010380345166723207,0.012455677815574146,0.014127852733922293,0.006352591583147867,0.014770056084297307,0.013734081054099274,0.010938155393405298
2023-10-17,-0.008784650165528873,0.004153659500963691,-0.008147882355257097,0.0036230652369571015,0.004457189431381403,0.008184506724034257,0.004801051072485185,-0.0017435807684449411,-0.046794592027289195,0.0036626021631880334,-9.824505308242415e-05,0.0002123015873015873,-0.0003105466403840114,-0.00899695175283046,0.003941357913662104,-0.008360183942558684,0.003410763649655514,0.004244887844079816,0.00797220513673267,0.004588749485183598,-0.0019558823557465285,-0.04700689361459078,0.003450300575886446
2023-10-18,-0.007394819418555243,-0.02816005839876412,-0.025405007278304192,0.00048489404596496755,-0.01259660704365273,-0.0022140971939451637,0.019471243707377628,-0.0058725954262661695,-0.03964676806063783,-0.04775363208267336,-0.013399820506516447,0.0002119047619047615,-0.013611725268421209,-0.007606724180460004,-0.02837196316066888,-0.025616912040208953,0.00027298928406020603,-0.012808511805557492,-0.0024260019558499254,0.019259338945472868,-0.006084500188170931,-0.03985867282254259,-0.04796553684457812
2023-10-19,-0.002161112464567072,-0.018007669486905353,0.002107149015711185,-0.015617475993025098,-0.0015221988353666394,-0.0218195229965914,0.009178669984731824,0.003665645519854266,-0.00225125994118347,-0.09300310180733773,-0.008482848196321058,0.00021150793650793651,-0.008694356132828995,-0.0023726204010750085,-0.01821917742341329,0.0018956410792032486,-0.015828983929533035,-0.0017337067718745758,-0.022031030933099337,0.008967162048223887,0.0034541375833463295,-0.0024627678776914064,-0.09321460974384567
2023-10-20,-0.014704246565465873,-0.0290072794992442,-0.025155731161039308,-0.015044587236760054,-0.015607845242208818,-0.0166352090206362,-0.0010449663781002538,-0.01403475960605316,-0.016959352535605432,-0.036890623300491754,-0.012585283719027562,0.0002107142857142853,-0.012795998004741847,-0.014914960851180157,-0.029217993784958485,-0.025366445446753594,-0.015255301522474339,-0.015818559527923104,-0.016845923306350485,-0.001255680663814539,-0.014245473891767444,-0.01717006682131972,-0.03710133758620604
2023-10-23,0.0006942685762914014,0.03347928231949848,0.011104892625885654,0.005498808765176166,0.006637004529294055,-0.004998109404297013,-0.013017749072455786,0.00811197714121592,0.03836943313924457,0.0004245310418349302,-0.0016855698941634634,0.0002111111111111111,-0.0018966810052745745,0.00048315746518029024,0.03326817120838737,0.010893781514774542,0.005287697654065056,0.006425893418182944,-0.005209220515408124,-0.013228860183566898,0.007900866030104809,0.038158322028133455,0.00021341993072381907
2023-10-24,0.002543259548710486,0.013456290014080219,0.015802781594350446,0.007346858752820262,0.01692305747820133,0.01081931141178849,0.009892036182580055,0.0036743440347983825,0.01600948425280002,0.020935507370200668,0.007265792222727274,0.0002107142857142853,0.007055077937012989,0.0023325452629962004,0.013245575728365934,0.015592067308636161,0.007136144467105977,0.016712343192487045,0.010608597126074206,0.00968132189686577,0.003463629749084097,0.015798769967085735,0.02072479308448638
2023-10-25,-0.013491804907086902,-0.028768150764487244,-0.055771610960691276,-0.02538936645819312,-0.09509407241105972,-0.004969367461025831,0.0029542666364004155,0.03067796485248242,-0.043148772966353,-0.018935922882932776,-0.014339628627712542,0.0002111111111111111,-0.014550739738823653,-0.013702916018198013,-0.028979261875598353,-0.05598272207180239,-0.02560047756930423,-0.09530518352217082,-0.005180478572136942,0.0027431555252893044,0.03046685374137131,-0.04335988407746411,-0.019147033994043886
2023-10-26,-0.024605523007802277,-0.025569609951872407,-0.01499299533713827,0.007652060108280567,-0.026510594335082183,0.005378315244490839,-0.008526256416959477,-0.037514206836131936,-0.034778234392008,-0.031352997455599274,-0.011832519778109618,0.0002111111111111111,-0.01204363088922073,-0.024816634118913387,-0.025780721062983517,-0.015204106448249382,0.0074409489971694566,-0.026721705446193292,0.005167204133379728,-0.008737367528070588,-0.03772531794724305,-0.034989345503119114,-0.03156410856671039
2023-10-27,0.007969347295629703,-0.011951198304526178,0.0683281608245998,0.0033503049627829906,-0.0008995107709504069,-0.012609874372974117,-0.0002736722136587044,0.00585555280699146,0.004314811910463456,0.007484489628865498,-0.004800280229768528,0.0002111111111111111,-0.005011391340879638,0.007758236184518592,-0.01216230941563729,0.0681170497134887,0.0031391938516718795,-0.001110621882061518,-0.012820985484085229,-0.00048478332476981556,0.005644441695880349,0.004103700799352346,0.007273378517754388
2023-10-30,0.012305389144486423,0.025067934982497153,0.03890722509168998,0.014803292481320618,0.018744396637348837,0.012383959626452556,0.01716461214142928,0.0227403991615438,0.0163211565411312,-0.04794984223383947,0.012010022325859904,0.00021150793650793651,0.011798514389351967,0.012093881207978486,0.024856427045989216,0.038695717155182045,0.014591784544812681,0.0185328887008409,0.01217245168994462,0.016953104204921344,0.022528891225035864,0.016109648604623262,-0.0481613501703474
2023-10-31,0.0028187668589738646,0.011457922208225169,0.002863308000901066,0.02451330447538158,-0.0030531974071151824,0.006498333795468714,0.0077647239092621945,0.002371662055101531,-0.009256569610970544,0.017632730628176496,0.006474957307233353,0.00021150793650793651,0.0062634493707254164,0.002607258922465928,0.011246414271717232,0.0026518000643931294,0.024301796538873644,-0.003264705343623119,0.006286825858960777,0.007553215972754258,0.0021601541185935946,-0.009468077547478481,0.01742122269166856
2023-11-01,0.018738596059711066,0.009975486482736828,0.02937864429857373,0.013703016048762784,0.01910060853072748,0.005696953671175731,-0.0007629311447916454,0.023542729826010245,0.037886459307818976,0.023999240251476373,0.010505999486313922,0.0002107142857142853,0.010295285200599637,0.01852788177399678,0.009764772197022544,0.029167930012859444,0.0134923017630485,0.018889894245013195,0.005486239385461445,-0.0009736454305059307,0.02333201554029596,0.03767574502210469,0.023788525965762086
2023-11-02,0.02069347093896501,-0.03323010948471605,0.007810272439553012,0.013887366967018977,0.008224474029085993,0.01359538407821903,0.01862828037538855,0.006501601913271093,0.02790292860159571,0.062481720392452145,0.01885855702012762,0.0002095238095238095,0.01864903321060381,0.0204839471294412,-0.033439633294239865,0.0076007486300292025,0.013677843157495168,0.008014950219562184,0.013385860268695222,0.018418756565864742,0.006292078103747284,0.027693404792071902,0.06227219658292833
2023-11-03,-0.0051813561754742166,0.061818176533752656,0.0038386235328597973,0.015832553678936767,0.01262845517414024,0.021609491087450916,0.003822260374267694,0.012861732586322505,0.03445495316279934,0.006635907937775576,0.009393730253031363,0.0002091269841269841,0.00918460326890438,-0.005390483159601201,0.06160904954962567,0.0036294965487328134,0.015623426694809784,0.012419328190013257,0.02140036410332393,0.0036131333901407102,0.012652605602195522,0.034245826178672355,0.0064267809536485915
2023-11-06,0.014605280621205141,-0.036448151035137766,0.008225103459209127,-0.0107665012594661,0.008907884091611917,-0.0032823080902100177,0.0038824801110008966,0.010572608915276449,0.01657601397779196,-0.0031369449915678027,0.0017529924220356374,0.00020992063492063494,0.0015430717871150025,0.014395359986284505,-0.0366580716700584,0.00801518282428849,-0.010976421894386735,0.008697963456691282,-0.0034922287251306526,0.0036725594760802617,0.010362688280355813,0.016366093342871323,-0.0033468656264884376
2023-11-07,0.014450605698097307,0.024625570848778144,0.02125376487729147,-0.00798130764700622,0.005527932188869267,0.0,-0.000892595102524929,0.011219045132851102,0.004458991354228337,0.013271256198382986,0.0028401189192852616,0.0002095238095238095,0.002630595109761452,0.014241081888573499,0.024416047039254336,0.02104424106776766,-0.008190831456530028,0.005318408379345457,-0.0002095238095238095,-0.0011021189120487386,0.011009521323327293,0.004249467544704527,0.013061732388859177
2023-11-08,0.005884962707361829,-0.028245772358983734,-0.004414580990635519,0.0021942331169209073,0.006642755616244722,-0.004390849142827835,-0.004391923101322526,0.007405825626241036,0.013469702161926111,-0.0003150241594066516,0.0010049156221052513,0.0002095238095238095,0.0007953918125814418,0.00567543889783802,-0.028455296168507543,-0.004624104800159329,0.0019847093073970977,0.0064332318067209125,-0.004600372952351645,-0.004601446910846335,0.007196301816717226,0.013260178352402303,-0.0005245479689304611
2023-11-09,-0.002624402034444251,-0.018188058409283614,-0.010416636461610618,0.007819423373206513,-0.012136013078432262,-0.006982673157579944,-0.0021683925660157533,-0.006910844804900562,0.008073202910766186,-0.05461260118625755,-0.008083839306732843,0.0002091269841269841,-0.008292966290859826,-0.002833529018571235,-0.0183971853934106,-0.010625763445737601,0.007610296389079529,-0.012345140062559245,-0.007191800141706928,-0.002377519550142737,-0.0071199717890275465,0.007864075926639203,-0.05482172817038453
2023-11-10,0.023219874087910597,0.022766663428312572,0.021052569890351647,0.017172668670075053,0.018043622709242424,0.022205807259781718,0.003297147700195291,0.024896777558290006,0.029499439043866982,0.022240205086035747,0.015616441094852496,0.00020873015873015873,0.015407710936122337,0.02301114392918044,0.022557933269582414,0.02084383973162149,0.016963938511344895,0.017834892550512266,0.02199707710105156,0.0030884175414651323,0.024688047399559848,0.029290708885136824,0.02203147492730559
2023-11-13,-0.008583557631215544,0.008463817072240643,-0.006756765374750118,0.04012204238257788,-0.0037711245711885555,0.005792813332714308,0.005265132016982976,-0.00808837283415198,0.005896302865803671,0.04220830689495392,-0.0008358389332403515,0.0002095238095238095,-0.0010453627427641611,-0.008793081440739352,0.008254293262716834,-0.006966289184273927,0.03991251857305407,-0.003980648380712365,0.005583289523190499,0.005055608207459167,-0.008297896643675789,0.005686779056279861,0.041998783085430105
2023-11-14,0.014285536388548792,0.06319763896655428,0.02251214528584833,0.01432486570228586,0.011583020137953648,0.01799852375979949,0.008506899344540741,0.009790559786296615,0.021308064874185684,0.06123998273248876,0.019075017703661823,0.00020873015873015873,0.018866287544931665,0.014076806229818634,0.06298890880782412,0.02230341512711817,0.014116135543555702,0.01137428997922349,0.01778979360106933,0.008298169185810583,0.009581829627566457,0.021099334715455526,0.061031252573758604
2023-11-15,0.0030410078750122693,0.01318286860054263,-0.017832688951265996,0.005976794167195987,0.00748422624472056,0.006718553822456341,-0.0040516188348372895,0.0004060618779595515,-0.015466324802683618,0.02287179390936478,0.0015970120755575135,0.00020873015873015873,0.0013882819168273548,0.0028322777162821107,0.012974138441812472,-0.018041419109996154,0.005768064008465828,0.007275496085990401,0.006509823663726182,-0.0042603489935674485,0.00019733171922939278,-0.015675054961413776,0.02266306375063462
2023-11-16,0.009042296345013856,-0.01612783191104228,-0.0025837648398919777,-0.010109724222491678,0.01715904412459679,-0.00913247755143598,0.021191328648147323,0.01758325147658324,0.01210922137955417,-0.038090924639652135,0.0011904273935798848,0.00020833333333333332,0.0009820940602465514,0.008833963011680523,-0.016336165244375613,-0.002792098173225311,-0.010318057555825011,0.016950710791263455,-0.009340810884769313,0.020982995314813988,0.017374918143249905,0.011900888046220836,-0.038299257972985466
2023-11-17,-0.00010551094407384998,0.006889473827938142,0.016453061783939793,0.006969928073940812,-0.011830798888005978,0.0035449118434986993,-0.0013399343447617618,-0.016800912112250987,-0.0036780884641904876,0.0030395424675639937,0.0012820490603360213,0.00020833333333333332,0.001073715727002688,-0.0003138442774071833,0.006681140494604809,0.01624472845060646,0.006761594740607479,-0.01203913222133931,0.003336578510165366,-0.0015482676780950951,-0.017009245445584322,-0.003886421797523821,0.0028312091342306603
2023-11-20,0.009278289239597726,0.020055016844370943,0.0065436854591447435,0.046481511919847396,0.006947106296395722,-0.011303403515847021,0.011894859691602644,0.020521788229741933,0.022536272686314973,0.005548455120893081,0.007390278097329839,0.0002091269841269841,0.007181151113202854,0.009069162255470742,0.019845889860243958,0.006334558475017759,0.04627238493572041,0.006737979312268738,-0.011512530499974005,0.01168573270747566,0.020312661245614948,0.022327145702187988,0.005339328136766097
2023-11-21,-0.004230887633691061,-0.0222050680122009,-0.015260459261028925,0.0025722178187690403,0.005284386982958855,-0.0042873137904572145,0.005160861872868905,-0.011578079406677544,-0.009224620320745225,0.02376906069461704,-0.0020209310950652926,0.00020873015873015873,-0.002229661253795451,-0.00443961779242122,-0.02241379817093106,-0.015469189419759083,0.0023634876600388817,0.005075656824228696,-0.004496043949187374,0.004952131714138746,-0.011786809565407702,-0.009433350479475383,0.02356033053588688
2023-11-22,0.0035145385362536086,0.017505074882910643,0.019527539517508297,0.0075136269645244,0.011097123277102883,0.028346106698447393,0.0052053693011768765,0.0128126025807338,-0.02458736650070137,-0.028980059381488954,0.00406112922094648,0.0002091269841269841,0.003852002236819496,0.0033054115521266247,0.017295947898783658,0.01931841253338131,0.007304499980397416,0.0108879962929759,0.028136979714320408,0.004996242317049892,0.012603475596606817,-0.024796493484828354,-0.02918918636561594
2023-11-24,-0.007004540361097544,-0.005192174549014883,0.0002044767086364363,0.0004092416733754156,-0.012997234422716941,-0.0006979104855252549,0.0021638109885382395,-0.0011115613266737823,-0.01929553795887884,0.00529435207219775,0.0005968736678840791,0.0002095238095238095,0.00038734985836026963,-0.007214064170621354,-0.005401698358538693,-5.047100887373211e-06,0.0001997178638516061,-0.01320675823224075,-0.0009074342950490644,0.00195428717901443,-0.0013210851361975919,-0.019505061768402648,0.00508482826267394
2023-11-27,-0.0009474860684018926,0.004907726936013157,0.006746559883569869,-0.0031818043101917715,-0.0020483055725721844,-0.004189935293449243,-0.00247777285170081,0.003126405707833513,0.009753742702651724,0.0026757481035388775,-0.001954157460090089,0.0002095238095238095,-0.0021636812696138987,-0.0011570098779257023,0.004698203126489347,0.00653703607404606,-0.003391328119715581,-0.002257829382095994,-0.0043994591029730525,-0.00268729666122462,0.002916881898309703,0.009544218893127916,0.002466224294015068
2023-11-28,0.0032141239164560353,-0.011162809623304182,-0.00473835354015173,0.01399905163113524,0.0057910902828750555,0.004207564717357837,0.0008871502095122441,0.010802857765940255,-0.008726757008042041,0.04506946504203557,0.0009801185306033133,0.0002091269841269841,0.0007709915464763292,0.0030049969323290514,-0.011371936607431165,-0.004947480524278714,0.013789924647008256,0.005581963298748071,0.003998437733230852,0.00067802322538526,0.010593730781813271,-0.008935883992169024,0.04486033805790859
2023-11-29,-0.005409742354632541,-0.008466558657341472,-0.0048288883967405605,0.00926382877109,-0.016107723742680102,0.015013821767769553,-0.006061956613645725,-0.010060193710914933,0.006670795109235739,-0.010457205813430348,-0.0009462486392383118,0.00020833333333333332,-0.0011545819725716452,-0.005618075687965874,-0.008674891990674805,-0.005037221730073893,0.009055495437756666,-0.016316057076013437,0.01480548843443622,-0.006270289946979058,-0.010268527044248266,0.006462461775902406,-0.010665539146763681
2023-11-30,0.0030628650731838736,-0.001106949836551352,-0.001571972217158657,0.032081327995374664,-0.018223697310892017,0.009288018785397645,0.011230377789281487,0.00015821076866573414,-0.028458828126068036,-0.016629792613843564,0.0037840728581564065,0.00020833333333333332,0.003575739524823073,0.00285453173985054,-0.0013152831698846853,-0.0017803055504919904,0.03187299466204133,-0.018432030644225352,0.009079685452064312,0.011022044455948154,-5.0122564667599183e-05,-0.02866716145940137,-0.0168381259471769
2023-12-01,0.00679124809338405,0.0687035632908839,0.006434406632690459,0.009670552981718705,-0.005055433094112161,0.005453294835045197,0.014618078288784364,-0.011612133167223204,-0.00010675749588962002,-0.005206597761023168,0.005873742123607695,0.00020753968253968253,0.005666202441068012,0.006583708410844368,0.06849602360834421,0.006226866950150777,0.009463013299179023,-0.005262972776651843,0.005245755152505515,0.014410538606244682,-0.011819672849762887,-0.00031429717842930253,-0.005414137443562851
2023-12-04,-0.009464595232522521,-0.009776383368756747,-0.014894936132684111,0.0042758798515343255,-0.019641780722700175,-0.015593261556035354,0.0005946468101316604,-0.014338561804399741,-0.026836463843675107,-0.01360800559009756,-0.005408509126972105,0.00020873015873015873,-0.005617239285702264,-0.00967332539125268,-0.009985113527486905,-0.01510366629141427,0.004067149692804166,-0.019850510881430333,-0.015801991714765512,0.0003859166514015017,-0.0145472919631299,-0.027045194002405265,-0.013816735748827719
2023-12-05,0.0210632669311277,7.486735866479854e-05,0.014084566393959497,-0.0030229125466788576,0.013305554443383105,-0.0061984089878269755,0.0014330746283899298,0.009156181207579328,0.023293669556257335,0.013328802806870987,-0.0005688697261614362,0.00020833333333333332,-0.0007772030594947695,0.020854933597794365,-0.00013346597466853478,0.013876233060626164,-0.003231245880012191,0.013097221110049772,-0.006406742321160308,0.0012247412950565965,0.008947847874245995,0.023085336222924,0.013120469473537654
2023-12-06,-0.0056871618601304075,0.011966126425754009,-0.016067541747663228,0.011658676481225427,-0.007405295894324815,-0.01282060006549357,0.0011165468949125845,-0.009986039508567246,-0.022827837450719812,0.002722829646282676,-0.003906202808869552,0.00020833333333333332,-0.004114536142202885,-0.00589549519346374,0.011757793092420676,-0.016275875080996562,0.011450343147892094,-0.007613629227658148,-0.013028933398826903,0.0009082135615792511,-0.010194372841900579,-0.023036170784053147,0.002514496312949343
2023-12-07,0.010139517342977022,0.033478670172433,0.016329923474831087,0.001857412480644749,0.05314553154061663,0.0322922753704189,-0.000244093022748193,0.005829836389334986,0.024020452899074618,0.01366087788429815,0.007968189065892917,0.00020793650793650794,0.007760252557956409,0.009931580835040515,0.03327073366449649,0.01612198696689458,0.001649475972708241,0.05293759503268012,0.03208433886248239,-0.00045202953068470094,0.005621899881398478,0.02381251639113811,0.013452941376361643
2023-12-08,0.007412351242176207,0.006006838958011462,0.0036764247561378305,0.03105378612196663,-0.014167777370794554,0.0017000617590525735,-0.004393496238207395,0.008842121678994896,0.019529769548325193,0.0049455858525417895,0.00409549786994079,0.00020793650793650794,0.0038875613620042815,0.0072044147342396996,0.005798902450074955,0.0034684882482013224,0.030845849614030123,-0.014375713878731062,0.0014921252511160656,-0.004601432746143903,0.008634185171058389,0.019321833040388686,0.004737649344605282
2023-12-11,-0.012927369271277911,0.015851656969214645,-0.010378502226973785,0.013812852165778322,-0.012593521971993482,0.030889241489521435,0.012678290060188058,-0.00782954292560134,-0.018503193577025345,-0.01681426716823431,0.003924494286698943,0.00020873015873015873,0.0037157641279687843,-0.013136099430008069,0.015642926810484487,-0.010587232385703943,0.013604122007048164,-0.01280225213072364,0.030680511330791277,0.0124695599014579,-0.008038273084331499,-0.018711923735755503,-0.017022997326964467
2023-12-12,0.0079200464032112,-0.016513893708459015,0.010898597193382598,0.002217039050702585,-0.005776871112454729,0.004519197635980632,0.007850852082394333,0.008295275788517964,0.02209029098443982,-0.011387381846063915,0.00459935752021523,0.00020873015873015873,0.004390627361485071,0.0077113162444810415,-0.016722623867189174,0.01068986703465244,0.0020083088919724264,-0.005985601271184888,0.004310467477250473,0.007642121923664174,0.008086545629787806,0.02188156082570966,-0.011596112004794074
2023-12-13,0.01669152491068915,0.028174965272820707,0.009221593773735215,0.009170247896554073,0.0003773116879328686,-0.002646375336642026,0.01547542708140992,-2.6724923113841115e-05,0.009043829636142808,0.009619842336358042,0.013650676351045998,0.00020793650793650794,0.01344273984310949,0.01648358840275264,0.0279670287648842,0.009013657265798707,0.008962311388617566,0.00016937517999636068,-0.0028543118445785343,0.015267490573473413,-0.00023466143105034906,0.0088358931282063,0.009411905828421534
2023-12-14,0.000757807216590578,0.019029825648978926,-0.00954043404920335,0.021242622830787372,-0.004752380634780895,0.025870693841952397,-0.019970832934296467,-0.022544532113600968,0.005448166835580137,0.04914543063053567,0.0026470624846992585,0.00020753968253968253,0.002439522802159576,0.0005502675340508955,0.018822285966439242,-0.009747973731743033,0.021035083148247688,-0.004959920317320577,0.025663154159412713,-0.02017837261683615,-0.022752071796140652,0.005240627153040455,0.048937890947995985
2023-12-15,-0.0027258998373503873,-0.004481790220966508,0.01729753821347546,0.03133780473513159,0.00500261928548329,-0.004849586686802909,-0.009482026813171784,0.01311728513364141,0.011168671066614122,0.009758999874367902,-7.62494933082003e-05,0.00020793650793650794,-0.00028418600124470824,-0.0029338363452868954,-0.004689726728903016,0.017089601705538953,0.031129868227195084,0.004794682777546782,-0.005057523194739417,-0.009689963321108292,0.012909348625704902,0.010960734558677614,0.009551063366431394
2023-12-18,-0.008503132272127734,0.006139112271583924,0.027338841569267247,-0.014606219063954318,0.024132561631623473,-0.016894069462645267,0.010304030312890289,0.005178929452503533,0.0242790225976941,-0.005601570686174839,0.004528344366900416,0.00020873015873015873,0.004319614208170257,-0.008711862430857892,0.005930382112853765,0.02713011141053709,-0.014814949222684476,0.023923831472893314,-0.017102799621375425,0.01009530015416013,0.004970199293773374,0.02407029243896394,-0.005810300844904998
2023-12-19,0.005360074176746998,-0.003999975172139791,-0.0018174467759756174,0.011904328020892807,0.006259146117713055,0.0006608671586338932,0.001722971606308965,0.0016369521090928707,-0.00944547232938664,0.0203903496997484,0.005866407818910568,0.00020753968253968253,0.005658868136370886,0.005152534494207316,-0.004207514854679474,-0.0020249864585153,0.011696788338353125,0.006051606435173372,0.0004533274760942107,0.0015154319237692824,0.001429412426553188,-0.009653012011926322,0.020182810017208716
2023-12-20,-0.010714047921596248,-0.03975220333751073,-0.01085895208954335,-0.01237148360521323,0.012367153984312429,-0.016182282546252313,-0.0059850851865608234,-0.0070727922502659135,-0.030098312407786376,-0.03918825045959673,-0.014684266911006771,0.00020793650793650794,-0.014892203418943279,-0.010921984429532756,-0.03996013984544724,-0.011066888597479858,-0.012579420113149737,0.012159217476375921,-0.01639021905418882,-0.006193021694497331,-0.007280728758202421,-0.030306248915722884,-0.03939618696753324
2023-12-21,-0.0007699023971136087,0.0072303747126605256,0.011306871390431628,0.0068011105232348434,0.015035872683346607,0.011748897221772525,0.008304688595901721,0.007878726001688152,0.018270278359748815,0.029780693649462897,0.010301467821202559,0.00020714285714285675,0.010094324964059702,-0.0009770452542564654,0.007023231855517668,0.01109972853328877,0.006593967666091986,0.01482872982620375,0.011541754364629668,0.008097545738758864,0.007671583144545295,0.018063135502605958,0.02957355079232004
2023-12-22,-0.005547536611631543,-0.009078705886269467,-0.0027300973670256745,-0.0060300230460019755,0.007619827633774889,0.0013271386949338382,0.0010638264533626707,0.0027841400310790743,-0.003266064416976744,-0.007701401626197146,0.0016600585268868873,0.00020793650793650794,0.0014521220189503794,-0.0057554731195680504,-0.009286642394205975,-0.0029380338749621826,-0.006237959553938483,0.007411891125838382,0.0011192021869973303,0.0008558899454261628,0.002576203523142566,-0.003474000924913252,-0.007909338134133654
2023-12-26,-0.0028410169711114985,-0.014772739957186531,-6.514474615582078e-05,0.009023214872854846,0.00021229610320161463,0.007620791738655486,0.0039765287867612464,0.00021360201310116622,0.009195207238267056,0.01611622781987765,0.0042316894655107795,0.00020833333333333332,0.004023356132177447,-0.003049350304444832,-0.014981073290519864,-0.0002734780794891541,0.008814881539521513,3.962769868281308e-06,0.007412458405322153,0.003768195453427913,5.268679767832902e-06,0.008986873904933723,0.015907894486544314
2023-12-27,0.0005181875261213165,-0.015643008577348905,-0.0004563413242133496,-0.002625679892575894,-0.008126384938056397,-0.005590120992469028,0.005770952582462963,-0.0015746768534815603,0.002800511767071523,0.018822405072142834,0.0014304577464787638,0.00020793650793650794,0.001222521238542256,0.0003102510181848085,-0.015850945085285412,-0.0006642778321498575,-0.002833616400512402,-0.008334321445992905,-0.005798057500405535,0.005563016074526455,-0.0017826133614180682,0.002592575259135015,0.018614468564206326
2023-12-28,0.0022261647443473365,0.003295473732590315,0.0002609139551152939,-0.006676840744936241,-0.000997193438737165,-0.0019841250196780402,0.004379390545795614,0.0032345619430402817,0.0021246529652201307,-0.03159428430420175,0.0003701746080437829,0.00020833333333333332,0.00016184127471044956,0.002017831411014003,0.0030871403992569816,5.25806217819606e-05,-0.006885174078269574,-0.0012055267720704984,-0.0021924583530113736,0.004171057212462281,0.0030262286097069483,0.0019163196318867973,-0.03180261763753508
2023-12-29,-0.005424116975314419,-0.006277376717894634,-0.009388462612883952,0.0011906954151192917,-0.0038509415292248272,-0.0029821752582273042,0.0022647562195636795,0.002025143405784302,0.0,-0.018563856087400077,-0.0028264750133749628,0.00020634920634920634,-0.003032824219724169,-0.005630466181663626,-0.00648372592424384,-0.009594811819233159,0.0009843462087700853,-0.004057290735574034,-0.0031885244645765104,0.0020584070132144733,0.0018187941994350957,-0.00020634920634920634,-0.018770205293749283
2024-01-02,-0.03578652698062179,-0.0121933573494315,-0.013228970207501023,-0.03414413040065167,-0.010881264906795862,-0.008640594304360372,0.0017875607462132237,-0.01374858075556784,-0.02734129267094121,-0.00024145830499577858,-0.005660579005492328,0.00020714285714285675,-0.005867721862635185,-0.03599366983776465,-0.012400500206574357,-0.01343611306464388,-0.03435127325779453,-0.01108840776393872,-0.008847737161503229,0.001580417889070367,-0.013955723612710698,-0.027548435528084066,-0.00044860116213863533
2024-01-03,-0.007487791156519319,-0.007882195064471409,-0.00973782115920796,-0.031180453670185737,0.005428130422737265,0.0023464133084198924,-0.008921196608992266,-0.0007281499545158665,-0.012435843294379745,-0.04013364984377277,-0.008016314922730805,0.00020793650793650794,-0.008224251430667313,-0.007695727664455827,-0.008090131572407917,-0.009945757667144468,-0.03138839017812225,0.005220193914800757,0.0021384768004833843,-0.009129133116928773,-0.0009360864624523744,-0.012643779802316252,-0.04034158635170928
2024-01-04,-0.012699959076466039,0.002248561354182721,-0.026267891590348702,0.004222864022927819,-0.01821178908468024,-0.007357638643520792,-0.009001943896103093,-0.0071773856045559414,0.009018820179174769,-0.0021807686270334248,-0.0034283812973570083,0.00020793650793650794,-0.0036363178052935164,-0.012907895584402546,0.002040624846246213,-0.02647582809828521,0.0040149275149913115,-0.01841972559261675,-0.0075655751514572996,-0.0092098804040396,-0.007385322112492449,0.008810883671238261,-0.002388705134969933
2024-01-05,-0.004013054440794583,0.016900945903416842,0.00463442024626004,0.016575477742003297,-0.004839284217821094,0.009096881099188714,-0.009426011566315395,-0.0005163221765669412,0.0228964117485162,-0.0018492295892124089,0.0018256861788026324,0.00020793650793650794,0.0016177496708661245,-0.004220990948731091,0.016693009395480334,0.004426483738323533,0.01636754123406679,-0.005047220725757601,0.008888944591252206,-0.009633948074251903,-0.0007242586845034491,0.02268847524057969,-0.002057166097148917
2024-01-08,0.024174917386247108,0.030151538699344727,0.026576703830634596,-0.08032128514056225,0.022913277573457957,0.035058540984258535,0.010069247305566575,0.018871471494378733,0.06428104228332443,0.012463646412957274,0.014114629309846638,0.00020833333333333332,0.013906295976513305,0.023966584052913773,0.029943205366011392,0.02636837049730126,-0.08052961847389559,0.022704944240124623,0.034850207650925204,0.009860913972233242,0.0186631381610454,0.06407270894999109,0.012255313079623941
2024-01-09,-0.002263369930015524,-0.0039263495471763,0.015224607114340927,-0.01414849560333642,0.015197180240514863,-0.02709674615392299,-0.0035285715754131974,0.002935811931015886,0.0169750486575011,-0.02283214932024613,-0.0014779006799081618,0.00020793650793650794,-0.0016858371878446696,-0.002471306437952032,-0.004134286055112808,0.015016670606404419,-0.014356432111272927,0.014989243732578355,-0.027304682661859498,-0.0037365080833497055,0.002727875423079378,0.016767112149564594,-0.02304008582818264
2024-01-10,0.005671386120170263,0.001648360421065087,0.015590940651907248,0.009213332218573012,0.009436050056462975,0.005968092505681977,0.011070457827089264,0.018574133218451916,0.02277000435994858,-0.004341182513256769,0.00566597189372442,0.00020753968253968253,0.005458432211184737,0.005463846437630581,0.0014408207385254045,0.015383400969367566,0.00900579253603333,0.009228510373923292,0.005760552823142294,0.010862918144549582,0.018366593535912232,0.022562464677408897,-0.004548722195796452
2024-01-11,-0.0032225988884279078,-0.002218070769733682,0.009432101662268044,-0.02273522102809067,-0.0014057167764350842,-0.011206458195031854,0.00020393640511029432,0.004859191900092874,0.00868442694178495,-0.028725319101363445,-0.0006710555783868699,0.00020753968253968253,-0.0008785952609265524,-0.00343013857096759,-0.0024256104522733645,0.009224561979728362,-0.022942760710630353,-0.0016132564589747668,-0.011413997877571537,-3.603277429388218e-06,0.004651652217553192,0.008476887259245268,-0.02893285878390313
2024-01-12,0.0017781638450613535,-0.01656505994368085,-0.0036086969005325598,-0.02227614583800175,0.004011997504224318,-0.006333185343725067,-0.002311805853987825,0.009983703548833933,-0.0020427470928782165,-0.036660513098772496,0.0007509755941104146,0.00020714285714285675,0.0005438327369675579,0.0015710209879184968,-0.016772202800823706,-0.0038158397576754165,-0.022483288695144606,0.0038048546470814616,-0.0065403282008679245,-0.0025189487111306817,0.009776560691691076,-0.0022498899500210732,-0.03686765595591535
2024-01-16,-0.01231722518306022,-0.01545861985287078,-0.009442449238027617,-0.0789159068287254,-0.0011217427831271554,-0.02415294454404371,-0.008109791570933167,0.004633520308810368,0.03056106412308246,0.004659894354722027,-0.0037313402367431525,0.00020714285714285675,-0.00393848309388601,-0.012524368040203078,-0.015665762710013638,-0.009649592095170474,-0.07912304968586825,-0.001328885640270012,-0.024360087401186566,-0.008316934428076024,0.004426377451667511,0.030353921265939603,0.00445275149757917
2024-01-17,-0.00517350546166051,-0.000296315684016224,-0.009467203666572499,0.01266703187718643,-0.007158438269780465,-0.015125530619449434,0.00024065800469652565,-0.002049826616103312,-0.005835119255058974,-0.019826295019532925,-0.005616897183990499,0.00020793650793650794,-0.005824833691927007,-0.005381441969597018,-0.0005042521919527319,-0.009675140174509007,0.012459095369249922,-0.007366374777716973,-0.015333467127385942,3.272149676001771e-05,-0.00225776312403982,-0.006043055762995481,-0.020034231527469432
2024-01-18,0.032570747470771266,0.015261502621113587,0.011798781932089941,0.042105797077490514,0.014207993588839729,0.0,0.010990316965992397,0.011297363756386014,0.01880347620546252,-0.017026203279914,0.008805260963896,0.00020714285714285675,0.008598118106753143,0.03236360461362841,0.01505435976397073,0.011591639074947084,0.04189865422034766,0.014000850731696872,-0.00020714285714285675,0.01078317410884954,0.011090220899243157,0.018596333348319664,-0.017233346137056856
2024-01-19,0.015532919495514497,0.02108872979593812,0.011986946826648914,0.016114567611520192,0.02021188320839684,0.01640487064290852,0.020960812870223666,0.012186783774505772,0.041746321027036126,0.0014630807600990448,0.012313502764936146,0.00020714285714285675,0.012106359907793289,0.01532577663837164,0.020881586938795264,0.011779803969506057,0.015907424754377335,0.020004740351253984,0.016197727785765663,0.02075367001308081,0.011979640917362915,0.04153917816989327,0.001255937902956188
2024-01-22,0.012163319697772845,0.014864589008262596,-0.003604979862209201,-0.0004186196395271624,-0.0026641806452754047,0.0020603641531153905,-0.007054272373589798,-0.00541798140612626,0.0027398468914008323,-0.015976244642273096,0.0021943252026270788,0.00020714285714285675,0.001987182345484222,0.011956176840629988,0.01465744615111974,-0.0038121227193520578,-0.0006257624966700191,-0.0028713235024182614,0.0018532212959725338,-0.0072614152307326554,-0.005625124263269117,0.0025327040342579756,-0.016183387499415954
2024-01-23,0.006653324543378636,0.002042169960846829,0.008011406531487353,-0.015958650689368192,0.007192043992577224,0.013365380246222358,0.0054957509187454345,0.006027548533328764,0.003671258888108264,0.0016283349277841364,0.002921374261968035,0.00020674603174603175,0.002714628230222003,0.006446578511632604,0.0018354239291007973,0.007804660499741321,-0.016165396721114222,0.006985297960831192,0.013158634214476326,0.005289004886999403,0.005820802501582732,0.0034645128563622323,0.0014215888960381045
2024-01-24,-0.0034840655180621294,-0.007800425766314456,0.005447960655367012,0.012435011266253015,0.011289414712297718,-0.00033818027047927135,0.0012998540041895268,0.009175307643357389,0.024869154860108766,-0.006263735117226887,0.0008119284117831249,0.00020674603174603175,0.0006051823800370932,-0.0036908115498081612,-0.008007171798060488,0.0052412146236209805,0.012228265234506984,0.011082668680551687,-0.0005449263022253031,0.001093107972443495,0.008968561611611357,0.024662408828362736,-0.006470481148972919
2024-01-25,-0.0016965479596598998,0.006516029131220513,0.005609771850602074,-0.057208236681749014,0.02131821069654305,0.0050744924729797525,-0.010750825289400856,0.005738205846510969,0.00415569588266651,-0.12125293136804816,0.005260365527706368,0.00020674603174603175,0.005053619495960336,-0.0019032939914059317,0.006309283099474481,0.0054030258188560425,-0.057414982713495044,0.02111146466479702,0.004867746441233721,-0.010957571321146888,0.005531459814764937,0.003948949850920478,-0.12145967739979419
2024-01-26,-0.009012672275704126,0.05284634772064667,0.008684596622424712,0.01778282272171805,0.002106979973395262,0.00976086942438359,-0.01665488154304795,-0.00232172639503736,-0.009510336154358923,0.0033948152034783963,-0.0006517852510764532,0.00020674603174603175,-0.000858531282822485,-0.009219418307450157,0.05263960168890064,0.00847785059067868,0.01757607668997202,0.0019002339416492302,0.009554123392637557,-0.01686162757479398,-0.002528472426783392,-0.009717082186104955,0.0031880691717323644
2024-01-29,-0.00358605192194128,0.020585496134004844,0.01344896590822775,-0.001362723403092403,0.008673360116308704,-0.025333169090531182,0.00017095533568678434,0.01433424639606673,0.023496313125706214,0.04190991910385411,0.007556774896180896,0.00020714285714285675,0.0073496320390380385,-0.0037931947790841368,0.020378353276861987,0.013241823051084893,-0.0015698662602352596,0.008466217259165847,-0.02554031194767404,-3.618752145607241e-05,0.014127103538923873,0.023289170268563357,0.04170277624671125
2024-01-30,-0.019245729233049236,-0.021349014878768613,-0.014014601164705653,-0.023149276005084096,-0.01335403789034273,-0.0030780453633014737,0.00800530004841038,-0.0027579909009273207,0.004946561941930883,0.0034567835721344142,-0.0006006499345398986,0.00020674603174603175,-0.0008073959662859303,-0.019452475264795266,-0.021555760910514643,-0.014221347196451685,-0.023356022036830126,-0.013560783922088761,-0.0032847913950475056,0.007798554016664348,-0.0029647369326733525,0.004739815910184851,0.0032500375403883824
2024-01-31,-0.01935752216619735,-0.0354657585999163,-0.023899390262627773,0.05288360963687988,-0.07500326213455577,-0.01509447195575997,-0.006550087839225838,-0.026946280909146636,-0.019864742571534144,-0.02244377647032414,-0.016105744611597972,0.00020714285714285675,-0.01631288746874083,-0.019564665023340207,-0.035672901457059154,-0.02410653311977063,0.05267646677973702,-0.07521040499169862,-0.015301614812902826,-0.006757230696368695,-0.027153423766289493,-0.020071885428677,-0.022650919327466996
2024-02-01,0.013340502944900967,0.016303636141713485,0.026288672108771616,-0.005828258939865605,0.007566095308128018,0.008011288355951773,0.018310825791514995,0.015594263471037317,0.024379627791286884,0.008382761388752824,0.012493688211609788,0.00020714285714285675,0.012286545354466931,0.01313336008775811,0.016096493284570627,0.02608152925162876,-0.006035401797008462,0.007358952450985161,0.007804145498808916,0.018103682934372138,0.01538712061389446,0.024172484934144027,0.008175618531609967
2024-02-02,-0.0054050251947420636,0.0004095675905790852,0.07866649218561839,-0.0020494384480469474,0.008642426086294286,-0.008984096414246245,-0.0034554143559545336,0.01842579514056175,0.04970899702459608,-0.0050301649114268265,0.01068444607751462,0.00020753968253968253,0.010476906394974938,-0.005612564877281746,0.00020202790803940267,0.0784589525030787,-0.00225697813058663,0.008434886403754603,-0.009191636096785928,-0.003662954038494216,0.018218255458022067,0.049501457342056396,-0.005237704593966509
2024-02-05,0.009846621374612674,-0.01207781805255792,-0.008730574595861018,-0.013134014403806793,0.009130850605751695,-0.012203688957414194,-0.03730013920305675,-0.013544933264479697,0.04794403945845471,-0.03645365318513305,-0.0031863375266721894,0.00020714285714285675,-0.003393480383815046,0.009639478517469817,-0.012284960909700778,-0.008937717453003875,-0.01334115726094965,0.008923707748608838,-0.012410831814557051,-0.037507282060199605,-0.013752076121622554,0.047736896601311855,-0.03666079604227591
2024-02-06,0.008631585721411206,-0.00172675785403964,-0.00681113075414308,0.009437143213291366,0.002922983188236694,-0.00141185404827604,-0.0046158213166004325,-0.00039440629980502795,-0.01599530747515232,0.0223130928940527,0.0023104108269635937,0.00020753968253968253,0.0021028711444239113,0.008424046038871523,-0.0019342975365793226,-0.007018670436682762,0.009229603530751683,0.0027154435056970117,-0.0016193937308157226,-0.004823360999140115,-0.0006019459823447105,-0.016202847157692005,0.022105553211513015
2024-02-07,0.000581240851310616,0.02089534558892936,0.008158468416245013,0.01601302286206696,0.009992922290253281,-0.012018369242517979,0.009415147438784466,0.021110330903929553,0.027497893460761702,0.013398139631352501,0.008241457963390042,0.00020753968253968253,0.00803391828085036,0.00037370116877093347,0.020687805906389675,0.00795092873370533,0.015805483179527277,0.009785382607713599,-0.012225908925057661,0.009207607756244783,0.02090279122138987,0.027290353778222018,0.013190599948812819
2024-02-08,-0.005754725281463813,0.020264250576302434,-0.004046223223746481,-0.012740642561207105,0.0025423884883071235,0.012164567506486534,0.016009327329258527,0.00014468536841727442,-0.006533782490174556,0.010555473441792307,0.0005705832608251526,0.00020753968253968253,0.00036304357828547014,-0.005962264964003495,0.02005671089376275,-0.004253762906286164,-0.012948182243746787,0.002334848805767441,0.011957027823946852,0.015801787646718843,-6.285431412240812e-05,-0.006741322172714238,0.010347933759252624
2024-02-09,0.004094041156271766,-0.019562855033692705,0.02714319777292107,-9.561357587339891e-05,0.021177394155521778,0.004595258828021365,-0.008426611374791393,0.01555150230857194,0.035784026176487904,0.02115430374167171,0.0057423415255595245,0.00020793650793650794,0.005534405017623017,0.003886104648335258,-0.019770791541629213,0.02693526126498456,-0.00030355008380990686,0.02096945764758527,0.004387322320084857,-0.0086345478827279,0.015343565800635433,0.03557608966855139,0.020946367233735202
2024-02-12,-0.009002037571491983,0.04204073159480637,-0.012095159915523457,0.0006214382634273097,-0.009865582115660132,0.009500342571282516,-0.00010365197452499864,-0.012578733351442106,0.0015937763695736962,-0.028103539988478476,-0.0009489536011326738,0.00020753968253968253,-0.0011564932836723564,-0.009209577254031666,0.041833191912266685,-0.01230269959806314,0.00041389858088762717,-0.010073121798199814,0.009292802888742834,-0.00031119165706468114,-0.012786273033981789,0.0013862366870340136,-0.02831107967101816
2024-02-13,-0.011274402252275828,-0.01937578458003164,-0.021469171561243172,-0.023264678137813966,-0.016200234886491027,-0.019170498627068766,-0.00804986086660231,-0.021528631784751617,-0.001660502927246732,-0.021846598116614824,-0.013674255653625456,0.00020833333333333332,-0.013882588986958789,-0.011482735585609161,-0.019584117913364976,-0.021677504894576507,-0.0234730114711473,-0.016408568219824362,-0.0193788319604021,-0.008258194199935643,-0.021736965118084952,-0.0018688362605800654,-0.02205493144994816
2024-02-14,-0.004809684958424487,-0.01737176931933382,0.013875689909627953,-0.0052822155707258345,0.005511855147759093,0.015636090928629054,0.0036917160391090054,0.009665239183141772,0.024567181459440368,0.025486372853585237,0.009579763275017639,0.00020753968253968253,0.009372223592477956,-0.00501722464096417,-0.017579309001873503,0.01366815022708827,-0.005489755253265517,0.00530431546521941,0.015428551246089372,0.003484176356569323,0.00945769950060209,0.024359641776900684,0.025278833171045553
2024-02-15,-0.0015748464166652765,0.06403512610380413,-0.006901349311422389,0.009587948182840256,-0.02172116396475887,0.015745411934432907,0.012805124132044376,-0.007155073055062466,-0.016806397281819985,0.06221180550417671,0.005821250684729495,0.00020753968253968253,0.005613711002189813,-0.001782386099204959,0.06382758642126445,-0.007108888993962071,0.009380408500300573,-0.021928703647298556,0.015537872251893224,0.012597584449504694,-0.007362612737602149,-0.01701393696435967,0.062004265821637025
2024-02-16,-0.008430215144822228,-0.03284931101764099,-0.0017079419299743659,-0.007013112689645218,-0.015759712053239117,-0.015501336997867043,0.0005483208442376153,-0.006149000425855422,-0.0006194247690083365,-0.0024943876658132247,-0.0048034698371121065,0.00020793650793650794,-0.005011406345048614,-0.008638151652758736,-0.0330572475255775,-0.0019158784379108738,-0.0072210491975817255,-0.015967648561175624,-0.01570927350580355,0.00034038433630110735,-0.00635693693379193,-0.0008273612769448444,-0.002702324173749733
2024-02-20,-0.004113961375145969,-0.028588294324252583,-0.01433539469369316,-0.002550415783106552,0.004269750445967002,0.0017495484143243978,0.0021571251524590274,-0.0031433395642150863,-0.043532024415109505,-0.03095775211743823,-0.006005322001165325,0.00020793650793650794,-0.006213258509101833,-0.004321897883082477,-0.02879623083218909,-0.014543331201629667,-0.0027583522910430603,0.0040618139380304945,0.00154161190638789,0.0019491886445225195,-0.0033512760721515944,-0.043739960923046016,-0.03116568862537474
2024-02-21,0.004186009327296292,0.007357486612124431,0.00903755380828164,-0.008850803147885888,0.010133537264457981,-0.00698574727088519,0.004305855486494314,-0.0015142928623085306,-0.028508946606800478,0.005212684735028228,0.001264199922982101,0.00020793650793650794,0.0010562634150455932,0.003978072819359784,0.007149550104187923,0.008829617300345132,-0.009058739655822396,0.009925600756521474,-0.007193683778821697,0.004097918978557807,-0.0017222293702450384,-0.028716883114736986,0.00500474822709172
2024-02-22,0.011244053344975136,0.04033763596951645,0.035530017339574504,-0.0003473102231233982,0.010802996596427139,0.018290672098740135,0.006838437638703843,0.023546626944220383,0.16400877192584562,0.013554445406056326,0.02112288421741404,0.00020833333333333332,0.020914550884080705,0.011035720011641803,0.04012930263618312,0.03532168400624117,-0.0005556435564567316,0.010594663263093806,0.0180823387654068,0.00663010430537051,0.02333829361088705,0.16380043859251228,0.013346112072722993
2024-02-23,-0.010034242841979513,-0.01674604493569065,0.0023485144793740087,-0.0033250529476194224,-0.0009019602267290594,0.011053529155648167,0.006184185642170936,-0.0031822737090955178,0.0035523810832078784,-0.027556873210526023,0.0003479475462115911,0.00020873015873015873,0.00013921738748143235,-0.010242973000709671,-0.01695477509442081,0.00213978432064385,-0.003533783106349581,-0.001110690385459218,0.01084479899691801,0.005975455483440777,-0.0033910038678256764,0.0033436509244777197,-0.02776560336925618
2024-02-26,-0.007451340512798499,-0.022206205347352848,-0.0014858549486425066,-0.0014440499042859267,-0.044387357775834135,-0.016057526354482432,-0.0021158322015926156,-0.0068237059182909565,0.0034891308927440523,0.03870392576202164,-0.003786751350190576,0.00020873015873015873,-0.003995481508920735,-0.007660070671528658,-0.022414935506083006,-0.0016945851073726652,-0.0016527800630160854,-0.044596087934564294,-0.01626625651321259,-0.0023245623603227743,-0.007032436077021116,0.0032804007340138937,0.03849519560329148
2024-02-27,0.008114544491461428,0.01869091717208149,-0.006810521779339163,0.004288424449703232,0.009522432801697844,0.0010416657384642036,-0.011308584540082878,-0.0001471069401040026,-0.00494379926760613,0.001654974128163511,0.0017063496993998672,0.00020833333333333332,0.0014980163660665339,0.007906211158128095,0.018482583838748155,-0.0070188551126724955,0.004080091116369899,0.009314099468364511,0.0008333324051308703,-0.01151691787341621,-0.0003554402734373359,-0.005152132600939463,0.0014466407948301777
2024-02-28,-0.006625467661190654,0.009009569506665205,-0.0021896371944472026,0.027805393610855322,-0.018001299711208563,-0.00381539242128881,0.004868109525081543,0.0005888197393877359,-0.013189011056532585,0.01156560160219966,-0.001658155060430544,0.00020793650793650794,-0.0018660915683670518,-0.0068334041691271614,0.008801632998728697,-0.0023975737023837107,0.027597457102918815,-0.01820923621914507,-0.004023328929225318,0.0046601730171450355,0.00038088323145122797,-0.013396947564469092,0.011357665094263152
2024-02-29,-0.0036932916736245325,0.026331282915843968,0.02078996747858297,-0.01584540473090279,0.015251731734336582,-0.013579448504540514,-0.004224721742761006,0.014519768221514573,0.018657489153229845,-0.0007918650199801869,0.005229094697149161,0.00020833333333333332,0.0050207613638158285,-0.003901625006957866,0.026122949582510633,0.020581634145249637,-0.016053738064236125,0.01504339840100325,-0.013787781837873847,-0.004433055076094339,0.01431143488818124,0.01844915581989651,-0.0010001983533135203
2024-03-01,-0.006030268599643285,0.0142884357817874,0.00825982552183624,-0.018260363235875876,-0.009533648458978639,0.03812217297042686,-0.005302891110270824,0.0044966741083480866,0.04003172331083049,0.003764585340074067,0.00800782894888763,0.00020753968253968253,0.007800289266347947,-0.006237808282182967,0.014080896099247718,0.008052285839296557,-0.01846790291841556,-0.009741188141518321,0.037914633287887176,-0.005510430792810507,0.004289134425808404,0.03982418362829081,0.0035570456575343846
2024-03-04,-0.025381326915323354,-0.010205389871993154,-0.003591063770984282,0.002699966430664169,-0.027635969892922385,-0.011900702793000262,0.0007220129627707461,-0.0013959391148010702,0.03595099701449889,-0.07155546804023882,-0.0011932620709189656,0.00020793650793650794,-0.0014011985788554735,-0.025589263423259862,-0.010413326379929661,-0.00379900027892079,0.002492029922727661,-0.027843906400858893,-0.01210863930093677,0.0005140764548342382,-0.0016038756227375781,0.035743060506562375,-0.07176340454817533
2024-03-05,-0.028440919616455895,0.007843668302159656,-0.01948421375262155,0.002991952346679927,-0.005099429931210597,0.0024088070554524332,0.005499412262087722,-0.02957202341479681,0.008576471450002732,-0.03933237971984116,-0.010193100883444606,0.00020753968253968253,-0.010400640565984288,-0.02864845929899558,0.007636128619619974,-0.019691753435161233,0.0027844126641402445,-0.00530696961375028,0.002201267372912751,0.005291872579548039,-0.029779563097336495,0.00836893176746305,-0.039539919402380844
2024-03-06,-0.005878271630371246,0.02849427749926714,-0.0035033346396604603,-0.0006960295817503015,-0.009572486228194288,0.03776172159855795,0.0013331079339653495,-0.001390728701970101,0.03182724445876017,-0.02323786698783814,0.005141103203274655,0.00020793650793650794,0.004933166695338147,-0.006086208138307753,0.028286340991330632,-0.0037112711475969684,-0.0009039660896868094,-0.009780422736130796,0.03755378509062144,0.0011251714260288417,-0.0015986652099066088,0.03161930795082366,-0.023445803495774648
2024-03-07,-0.0007093264618263095,-0.0020138026538579767,0.019076784751165476,0.010099496414412323,0.022679027368450733,0.010916227520082256,-0.0062129617113863,0.017533472447715637,0.044746455413295694,0.011951969472048907,0.010304127925951478,0.00020793650793650794,0.01009619141801497,-0.0009172629697628174,-0.002221739161794485,0.01886884824322897,0.009891559906475816,0.022471090860514225,0.010708291012145748,-0.006420898219322808,0.01732553593977913,0.04453851890535918,0.011744032964112399
2024-03-08,0.010236538490500102,0.008377219226000321,-0.008313545751684748,-0.02236119447091156,0.007664621896306123,0.005890117389467875,0.004946346350739761,-0.007136859654002903,-0.05547716078326059,-0.018527834714126334,-0.0065285190034379825,0.00020793650793650794,-0.00673645551137449,0.010028601982563595,0.008169282718063813,-0.008521482259621255,-0.02256913097884807,0.007456685388369615,0.005682180881531367,0.004738409842803253,-0.0073447961619394105,-0.055685097291197104,-0.018735771222062842
2024-03-11,0.011831539049635298,-0.011642702845846009,-0.019332758891648982,-0.030228222247727365,0.01668979369056567,0.003903774562428186,0.0077597188530473815,-0.004185071066326929,-0.020039161352640167,0.013858834181150304,-0.001122238087346461,0.00020793650793650794,-0.001330174595282969,0.01162360254169879,-0.011850639353782517,-0.01954069539958549,-0.030436158755663873,0.01648185718262916,0.003695838054491678,0.007551782345110874,-0.004393007574263436,-0.020247097860576675,0.013650897673213796
2024-03-12,0.00277848888671417,0.022578026576823396,0.019946455814511488,-0.04285936809479174,0.006029117311222354,-0.002746541096246391,-0.0017302189392427447,0.02659941057862092,0.07157169483716541,-0.0012938683737420131,0.011201787981366396,0.00020833333333333332,0.010993454648033063,0.0025701555533808366,0.02236969324349006,0.019738122481178153,-0.04306770142812507,0.005820783977889021,-0.0029548744295797244,-0.001938552272576078,0.026391077245287584,0.07136336150383207,-0.0015022017070753465
2024-03-13,-0.01212257476824008,-0.011459792902699273,0.0066708374081581034,-0.010258355043951783,0.009314017661087526,0.00819671732433247,-0.03890429343277946,-0.00043332026030684645,-0.011151866145973632,-0.04539820808488959,-0.0019245297153407392,0.00020833333333333332,-0.0021328630486740726,-0.012330908101573413,-0.011668126236032606,0.0064625040748247705,-0.010466688377285116,0.009105684327754193,0.007988383990999137,-0.03911262676611279,-0.0006416535936401798,-0.011360199479306965,-0.04560654141822292
2024-03-14,0.010927573245513411,0.010196698170565899,0.012403729449981915,-0.006580818025034629,0.02367854801633018,-0.004552788191616752,-0.003994944124551036,0.024379659565722855,-0.032391362909335975,-0.04118477639544138,-0.0028710915621273925,0.00020833333333333332,-0.003079424895460726,0.010719239912180078,0.009988364837232566,0.012195396116648582,-0.006789151358367962,0.023470214682996846,-0.004761121524950085,-0.004203277457884369,0.02417132623238952,-0.032599696242669306,-0.04139310972877471
2024-03-15,-0.0021965211954710906,-0.03484741027806493,-0.024223786467438835,0.007618023347000902,-0.013417505902169724,-0.00620713235138326,-0.009193249428299577,-0.020695159761865867,-0.0012167851624246273,0.006584660456730784,-0.006482917484461503,0.00020833333333333332,-0.006691250817794836,-0.002404854528804424,-0.03505574361139826,-0.02443211980077217,0.007409690013667569,-0.013625839235503057,-0.006415465684716593,-0.00940158276163291,-0.0209034930951992,-0.0014251184957579607,0.006376327123397451
2024-03-18,0.0063721832175585025,0.007594629141798537,0.00034398325434925603,-0.014737316930894306,0.04604066836600085,-0.01577918188904559,-0.0020063172855444567,0.0021611926836975215,0.007035743251641913,0.06254200201423088,0.006318059504952345,0.00020833333333333332,0.006109726171619012,0.0061638498842251695,0.007386295808465204,0.0001356499210159227,-0.01494565026422764,0.045832335032667516,-0.015987515222378925,-0.00221465061887779,0.0019528593503641881,0.00682740991830858,0.06233366868089755
2024-03-19,0.013585077148324576,-0.0004325177558059945,0.00813845829732096,0.007228664803325069,-0.004401213794162362,-0.004007985956970717,0.015399728608477714,0.009800676414635667,0.010660747690794059,-0.014269250195585559,0.0056491496501236416,0.00020793650793650794,0.005441213142187134,0.013377140640388068,-0.0006404542637425024,0.007930521789384453,0.007020728295388561,-0.00460915030209887,-0.004215922464907224,0.015191792100541206,0.00959273990669916,0.010452811182857551,-0.014477186703522067
2024-03-20,0.01470924476226032,0.01804817077017984,0.012791359170393646,0.03665672635542627,0.01163014973494314,-0.004694705543744404,0.005585685292839981,0.009064808463618235,0.010895171948445359,0.025332688257929448,0.008904173912846591,0.00020793650793650794,0.008696237404910084,0.014501308254323813,0.01784023426224333,0.012583422662457138,0.03644878984748976,0.011422213227006633,-0.004902642051680912,0.005377748784903474,0.008856871955681727,0.010687235440508851,0.02512475174999294
2024-03-21,-0.04085740170846308,0.021067244371752558,0.0,-0.0004260402150109144,-0.007664503370049203,0.013477009454551325,-0.0032344318385472137,0.009735868233870182,0.01176237516466938,-0.016167575308454918,0.0032365354015160275,0.00020833333333333332,0.003028202068182694,-0.04106573504179641,0.020858911038419223,-0.00020833333333333332,-0.0006343735483442478,-0.007872836703382536,0.013268676121217992,-0.003442765171880547,0.009527534900536849,0.011554041831336048,-0.016375908641788253
2024-03-22,0.005310181858539265,-0.0019026761765090772,0.0040415450203241665,0.006126846957757337,0.021476979490779202,-0.0009973680897030768,-0.003174358085754836,-0.0014672144344513027,0.031213526606268527,-0.01151490226146512,-0.0014021878490156903,0.00020793650793650794,-0.0016101243569521982,0.005102245350602757,-0.0021106126844455853,0.0038336085123876584,0.005918910449820829,0.021269042982842695,-0.0012053045976395847,-0.003382294593691344,-0.0016751509423878106,0.03100559009833202,-0.011722838769401629
2024-03-25,-0.008300455985181587,0.0007744839886798527,0.004696213001679439,0.013555718696617536,-0.0046426518930599014,-0.005657347993024087,-0.01418805335043094,-0.01371465509127856,0.007561888419929552,0.010536808713131895,-0.0030549644525015296,0.00020753968253968253,-0.003262504135041212,-0.00850799566772127,0.0005669443061401702,0.004488673319139757,0.013348179014077853,-0.004850191575599584,-0.005864887675563769,-0.014395593032970623,-0.013922194773818243,0.00735434873738987,0.010329269030592213
2024-03-26,-0.006672488221913908,-0.0035716773849384653,-0.007845994154095037,-0.020427373634094748,0.003998035778878917,0.0036815894354278456,0.0,-0.0028614448412951354,-0.025694351267945614,0.029195349264770964,-0.002799795225030266,0.00020714285714285675,-0.0030069380821731227,-0.006879631079056765,-0.003778820242081322,-0.008053137011237894,-0.020634516491237605,0.00379089292173606,0.003474446578284989,-0.00020714285714285675,-0.003068587698437992,-0.02590149412508847,0.028988206407628107
2024-03-27,0.021212718614768145,-0.005854565572091519,0.008581036192426339,0.02373331705729176,0.001327542107672608,0.004334733344216746,0.012202948494001609,-0.0005217355502458165,-0.02496722713047206,0.012157391142962881,0.008630626525532925,0.00020714285714285675,0.008423483668390068,0.021005575757625287,-0.006061708429234376,0.008373893335283482,0.0235261742001489,0.0011203992505297512,0.004127590487073889,0.011995805636858752,-0.0007288784073886732,-0.025174369987614915,0.011950248285820024
2024-03-28,-0.01055924320276369,-0.008713400134203297,0.0030584610251771505,0.005418122226916955,0.0003974793702286039,0.0033199809784181245,-0.0002481423532196825,-0.001684658504513492,0.0011746739084543822,-0.022465709302040393,0.0011164855071790214,0.00020753968253968253,0.0009089458246393389,-0.010766782885303373,-0.00892093981674298,0.002850921342637468,0.0052105825443772725,0.00018993968768892138,0.003112441295878442,-0.000455682035759365,-0.0018921981870531747,0.0009671342259146997,-0.022673248984580077
2024-04-01,-0.008455669376050245,-0.009638770198631574,0.003270852211551434,-0.01808386648959248,0.030212861416566872,0.005294420337419226,-0.0061358591094125,0.009150812633218042,7.739551393926014e-05,-0.003242460249155976,-0.0020135845401164643,0.00020753968253968253,-0.0022211242226561467,-0.008663209058589928,-0.009846309881171257,0.0030633125290117514,-0.018291406172132166,0.030005321734027188,0.005086880654879543,-0.006343398791952183,0.00894327295067836,-0.0001301441686004224,-0.0034499999316956586
2024-04-02,-0.006998872077350837,-0.019954671018368453,-0.0015472110151306673,-0.007704520917504953,-0.0059812915234689346,-0.02699140366363728,-0.00885036248215676,-0.007372039741775027,-0.010081636634338031,-0.049024062767074494,-0.0072390590731691296,0.00020714285714285675,-0.007446201930311987,-0.007206014934493694,-0.02016181387551131,-0.001754353872273524,-0.00791166377464781,-0.006188434380611792,-0.02719854652078014,-0.009057505339299617,-0.007579182598917884,-0.010288779491480889,-0.04923120562421735
2024-04-03,0.004797560628666542,-0.004809220345547538,0.009519072430478559,-0.01659218904799642,0.0023293350003712465,0.0033830202254891972,-0.007920825141704557,-0.0023492380903307186,-0.005455416652838774,0.01050231020055925,0.001091122364688113,0.00020714285714285675,0.0008839795075452563,0.004590417771523685,-0.005016363202690395,0.009311929573335702,-0.016799331905139277,0.00212219214322839,0.0031758773683463405,-0.008127967998847414,-0.0025563809474735753,-0.005662559509981631,0.010295167343416393
2024-04-04,-0.004892581424520426,-0.0031379440911980527,-0.013212014767422287,-0.008814649031757549,-0.028337388662399654,-0.0006743513807304646,-0.019779507553373987,-0.006112427373995866,-0.034384759968471346,0.016213301154368365,-0.012334336350379616,0.00020674603174603175,-0.012541082382125647,-0.005099327456266458,-0.0033446901229440846,-0.013418760799168318,-0.00902139506350358,-0.028544134694145684,-0.0008810974124764964,-0.019986253585120017,-0.0063191734057418975,-0.034591506000217376,0.016006555122622335
2024-04-05,0.00450190662429284,0.01844628558374861,0.028166707356770848,-0.0008183419825337213,0.013087302029114678,-0.01788111922765001,-0.01258834398230746,0.01828261661658348,0.024480649463715976,-0.036292482565110196,0.011099194174331695,0.00020753968253968253,0.010891654491792012,0.004294366941753157,0.018238745901208928,0.027959167674231164,-0.0010258816650734039,0.012879762346574996,-0.018088658910189695,-0.012795883664847142,0.018075076934043796,0.02427310978117629,-0.03650002224764988
2024-04-08,-0.006663516390456592,-0.009272423566693,0.0006483768975988902,-0.008627289703616925,0.01540984451065075,0.006870341721632034,0.0032622025716169123,-0.002185456823427412,-0.009942285157243269,0.04899940648952894,-0.00037463099831791524,0.00020753968253968253,-0.0005821706808575978,-0.006871056072996274,-0.009479963249232682,0.00044083721505920766,-0.008834829386156607,0.015202304828111067,0.0066628020390923515,0.00305466288907723,-0.0023929965059670943,-0.010149824839782952,0.048791866806989256
2024-04-09,0.007242533483851732,0.014912331228152942,0.002591909504893186,-0.018946918306143146,0.011301263266104478,0.022518032692050216,0.007026478115029988,0.003980409077489977,-0.02041722919945821,0.02254601255405486,0.0014454931932483817,0.00020753968253968253,0.001237953510708699,0.0070349938013120495,0.01470479154561326,0.0023843698223535038,-0.01915445798868283,0.011093723583564795,0.022310493009510532,0.006818938432490306,0.0037728693949502946,-0.020624768881997893,0.022338472871515178
2024-04-10,-0.011139425323512309,-0.01463177689185624,0.0015080453603608657,-0.01959347816105028,-0.0029374790974011633,-0.034033987454291426,-0.002857850205802648,-0.0070846144734402206,0.019741551164520255,-0.028946236061948905,-0.009456980649108493,0.00020833333333333332,-0.009665313982441826,-0.011347758656845642,-0.014840110225189574,0.0012997120270275323,-0.019801811494383616,-0.0031458124307344967,-0.03424232078762476,-0.003066183539135981,-0.0072929478067735535,0.01953321783118692,-0.02915456939528224
2024-04-11,0.04327101160047886,0.032068875897148796,0.016671181255133227,-0.007272543302699885,0.020942673867295536,0.009671652001211895,-0.0001862413620460357,0.011033406955533787,0.041096472027805975,0.01653476762638495,0.007444797710585593,0.00020833333333333332,0.00723646437725226,0.04306267826714553,0.031860542563815465,0.016462847921799893,-0.007480876636033218,0.0207343405339622,0.009463318667878562,-0.000394574695379369,0.010825073622200454,0.040888138694472644,0.016326434293051615
2024-04-12,0.008626672936359325,-0.03657358915926767,-0.015445639364236818,-0.021977373933893762,-0.010538797495588503,-0.02394784423575891,-0.004578672659371286,-0.014091186450708393,-0.026816592562421193,-0.020332204625772565,-0.01455068829580164,0.00020833333333333332,-0.014759021629134972,0.008418339603025992,-0.036781922492601,-0.015653972697570153,-0.022185707267227097,-0.010747130828921836,-0.024156177569092243,-0.004787005992704619,-0.014299519784041726,-0.027024925895754528,-0.0205405379591059
2024-04-15,-0.02186350131775472,-0.023655575887416846,-0.013485250630092094,-0.010203454416989666,-0.018195709052647446,-0.01997907738425997,-0.0043383779569844405,-0.019578011068163037,-0.024777348308367753,-0.05594859487563397,-0.01202135494776202,0.00020833333333333332,-0.012229688281095353,-0.022071834651088054,-0.02386390922075018,-0.013693583963425427,-0.010411787750322999,-0.01840404238598078,-0.020187410717593304,-0.0045467112903177734,-0.01978634440149637,-0.024985681641701087,-0.056156928208967304
2024-04-16,-0.019167308896789748,0.006812323374129958,-0.001633742516860992,0.01626740322007536,-0.0029704848416545193,-0.006080081454853281,-0.0030049797154734215,0.0022724431686127478,0.016442042762317977,-0.027062145360474688,-0.0020565070133361507,0.00020833333333333332,-0.002264840346669484,-0.019375642230123082,0.006603990040796625,-0.0018420758501943254,0.016059069886742026,-0.0031788181749878527,-0.006288414788186614,-0.003213313048806755,0.0020641098352794144,0.016233709428984642,-0.027270478693808022
2024-04-17,-0.008147327252465475,0.010915303300811141,-0.011128128209780819,-0.0019935287704887505,0.006930098814990293,-0.0035983387284390655,0.017029063769542274,-0.006609085748141119,-0.03866623988639728,-0.010565868854054306,-0.005780602724641426,0.00020833333333333332,-0.005988936057974759,-0.008355660585798808,0.010706969967477808,-0.011336461543114152,-0.002201862103822084,0.00672176548165696,-0.003806672061772399,0.01682073043620894,-0.006817419081474452,-0.03887457321973061,-0.010774202187387638
2024-04-18,-0.005714369660596574,0.010923855778665503,-0.011363622972558218,0.00011743735904712338,0.0034733530430133275,-0.0025280329755676956,0.0038157615675185053,-0.01838100400188103,0.00756811375214661,-0.03550983840996058,-0.002208160119998248,0.00020833333333333332,-0.0024164934533315815,-0.005922702993929907,0.01071552244533217,-0.011571956305891551,-9.089597428620994e-05,0.003265019709679994,-0.002736366308901029,0.003607428234185172,-0.018589337335214364,0.007359780418813277,-0.03571817174329391
2024-04-19,-0.012212581717483295,-0.031792700828434994,-0.02561096030926935,-0.0024084380756052015,-0.012306799723575401,0.006878854790347111,0.0037269406541873273,-0.01273883144533805,-0.10004598587748315,-0.0192088959161848,-0.00875854812743615,0.00020833333333333332,-0.008966881460769483,-0.012420915050816628,-0.032001034161768326,-0.025819293642602683,-0.002616771408938535,-0.012515133056908734,0.006670521457013778,0.003518607320853994,-0.012947164778671383,-0.10025431921081648,-0.019417229249518133
2024-04-22,0.005090855447134057,0.010321954455943638,0.014888568814227066,0.0038863995692819397,0.014212473839765094,-0.003955166698955126,0.013199021166041325,0.004610063003388953,0.043543172965778254,-0.03400203941675628,0.008731248071466746,0.00020714285714285675,0.008524105214323889,0.0048837125899912,0.010114811598800781,0.014681425957084208,0.003679256712139083,0.014005330982622237,-0.004162309556097983,0.012991878308898468,0.004402920146246096,0.0433360301086354,-0.03420918227389914
2024-04-23,0.0063917022740449525,0.027712127712001156,0.01303389727631088,-0.007625546013242945,0.012669453209751769,-0.001083062516694322,0.004717445723603442,0.016485415372162304,0.0365326600818805,0.018514534090260826,0.011964576270872662,0.00020833333333333332,0.01175624293753933,0.0061833689407116196,0.02750379437866782,0.012825563942977547,-0.007833879346576278,0.012461119876418436,-0.0012913958500276553,0.004509112390270109,0.01627708203882897,0.036324326748547166,0.01830620075692749
2024-04-24,0.012702123345263772,0.011742773690491148,-0.016430862529557833,-0.028667638341970836,0.005497391804895502,0.015540242535081017,-0.0004696584259769043,0.003655953229080522,-0.033315730078516625,0.12061109407252757,0.0002130100613548791,0.00020873015873015873,4.279902624720373e-06,0.012493393186533613,0.01153404353176099,-0.01663959268828799,-0.028876368500700994,0.005288661646165343,0.015331512376350859,-0.0006783885847070631,0.0034472230703503632,-0.033524460237246784,0.12040236391379741
2024-04-25,0.005147370658417527,0.0010439583196291125,-0.016535467634067658,0.01509155784035543,-0.01966963081834927,0.0010677207706535352,-0.004155324925504633,-0.024495346158792564,0.03708728408675044,0.04965143743002587,-0.004576430353515626,0.00020873015873015873,-0.004785160512245785,0.004938640499687368,0.0008352281608989537,-0.016744197792797816,0.014882827681625271,-0.01987836097707943,0.0008589906119233765,-0.004364055084234792,-0.024704076317522722,0.03687855392802028,0.04944270727129571
2024-04-26,-0.0034728120734628387,0.0074842111638251385,0.034260361668536854,0.0024579082076021663,0.10224377859056855,-0.004621428201162514,-0.009107213288513605,0.01824396843249798,0.06175576030551255,-0.011105884774887609,0.01020914263474304,0.00020833333333333332,0.010000809301409707,-0.003681145406796172,0.007275877830491806,0.03405202833520352,0.002249574874268833,0.10203544525723521,-0.004829761534495847,-0.009315546621846938,0.018035635099164646,0.06154742697217922,-0.011314218108220942
2024-04-29,0.024807955689315042,-0.012056236857144631,0.007460258507441919,0.037495540166786245,-0.033730743337518354,0.009642821755591502,0.0016840732295173577,-0.010016767864199472,0.00025054707428950884,0.1530691710339953,0.0031784486665891176,0.00020833333333333332,0.0029701153332557842,0.024599622355981707,-0.012264570190477964,0.007251925174108586,0.037287206833452914,-0.033939076670851685,0.009434488422258169,0.0014757398961840243,-0.010225101197532805,4.221374095617552e-05,0.15286083770066197
2024-04-30,-0.018270741653044875,-0.022681002624229563,-0.03293549122868411,-0.032566770282891344,-0.020282827016710026,-0.0063672005204840065,-0.001864279371142974,-0.032119342135111806,-0.015440313589275445,-0.05550118063944742,-0.01573051358686217,0.00020833333333333332,-0.015938846920195506,-0.01847907498637821,-0.022889335957562897,-0.03314382456201744,-0.032775103616224675,-0.02049116035004336,-0.0065755338538173395,-0.0020726127044763073,-0.03232767546844514,-0.01564864692260878,-0.055709513972780754
2024-05-01,-0.00604716361990143,-0.015198357512728022,0.02285714285714291,0.021568222443766327,0.006634747731110613,-0.012103810108024748,0.005090914705443872,0.014409300430773486,-0.03889952458596424,-0.017950640048260635,-0.0034354388154940185,0.00020873015873015873,-0.003644168974224177,-0.006255893778631589,-0.01540708767145818,0.02264841269841275,0.02135949228503617,0.006426017572380454,-0.012312540266754907,0.004882184546713713,0.014200570272043328,-0.0391082547446944,-0.018159370206990794
2024-05-02,0.022031977865066388,0.013895992046981664,0.031955314082140474,0.04310042634012534,0.01684332616655393,0.006846705185429736,-0.004190571444675939,0.007342812166607704,0.03342933087438116,0.0001110562423569661,0.009128437077573048,0.00020833333333333332,0.008920103744239715,0.021823644531733053,0.013687658713648332,0.03174698074880714,0.04289209300679201,0.016634992833220594,0.006638371852096403,-0.004398904778009272,0.007134478833274371,0.03322099754104783,-9.727709097636722e-05
2024-05-03,0.05981614644241273,0.00871600370651815,0.008066292135759712,0.005255729105612339,0.0037211979500544334,0.008589846493009645,-0.010831179766814358,0.022169877828644102,0.03463170540890537,0.006555235656792835,0.012556739721478527,0.00020833333333333332,0.012348406388145194,0.0596078131090794,0.008507670373184817,0.007857958802426379,0.005047395772279006,0.0035128646167211,0.008381513159676312,-0.011039513100147691,0.021961544495310768,0.034423372075572035,0.006346902323459502
2024-05-06,-0.009106701430000474,0.014338445869803929,0.013371946429286963,-0.008009273243174686,0.0051423381326340944,0.008516689438107905,-0.003773469242206784,0.016918254867309912,0.03774121124768648,0.01970303006416807,0.01032612390701182,0.00020833333333333332,0.010117790573678486,-0.009315034763333807,0.014130112536470596,0.01316361309595363,-0.008217606576508019,0.0049340047993007615,0.008308356104774572,-0.003981802575540117,0.016709921533976577,0.03753287791435315,0.019494696730834735
2024-05-07,0.003797073782924265,-0.013518533588927517,0.00031795209095974997,-0.009195398561952173,0.018738707599059046,-0.00035192437153463985,-0.0066840065216222655,-0.010156356735786076,-0.017212925807937762,-0.03761635178001199,0.0013434298232750663,0.00020833333333333332,0.001135096489941733,0.0035887404495909317,-0.01372686692226085,0.00010961875762641665,-0.009403731895285506,0.01853037426572571,-0.0005602577048679732,-0.0068923398549555984,-0.01036469006911941,-0.017421259141271097,-0.03782468511334532
2024-05-08,0.001864209063384692,-0.011951715732985257,-0.004026247769404523,0.02059871683182246,-0.010919696867480733,0.03625492860112045,0.0037008709921324545,0.0029317859284003767,-0.0015680993552618094,-0.017378079862311324,-5.835618166138978e-06,0.00020833333333333332,-0.0002141689514994723,0.0016558757300513586,-0.01216004906631859,-0.004234581102737856,0.020390383498489126,-0.011128030200814066,0.03604659526778712,0.003492537658799121,0.0027234525950670433,-0.0017764326885951428,-0.01758641319564466
2024-05-09,0.0100142670258494,-0.06871432086209939,0.007978723404255428,0.004990262633913334,0.0034244728444441375,0.0071329900935810375,-0.002011016019645151,0.004335716778942844,-0.018415833473529375,-0.01573946875450305,0.005090947698625836,0.00020833333333333332,0.004882614365292503,0.009805933692516066,-0.06892265419543273,0.007770390070922095,0.004781929300580001,0.003216139511110804,0.006924656760247705,-0.0022193493529784844,0.004127383445609511,-0.01862416680686271,-0.015947802087836385
2024-05-10,-0.006890288909748854,-0.0049642687003693675,-0.010659653152828352,-0.015117271686422407,-0.007707793387198292,0.002360990425082532,0.026310741451965214,0.005869181627795372,0.012744185533243302,-0.02035238689978358,0.001649398844549843,0.00020873015873015873,0.0014406686858196844,-0.007099019068479013,-0.005172998859099527,-0.01086838331155851,-0.015326001845152565,-0.00791652354592845,0.0021522602663523733,0.026102011293235056,0.005660451469065213,0.012535455374513144,-0.02056111705851374
2024-05-13,0.017645662870515944,0.01920446567752898,-0.004853789332504355,-0.000392090457585037,0.002905247713286485,0.007402390601331632,-0.013381786115474914,-0.0024593535287128487,0.005796717015433828,0.020300339194899042,-0.00024130405535727206,0.00020833333333333332,-0.0004496373886906054,0.01743732953718261,0.018996132344195647,-0.0050621226658376876,-0.0006004237909183704,0.0026969143799531517,0.007194057267998299,-0.013590119448808247,-0.002667686862046182,0.005588383682100495,0.020092005861565707
2024-05-14,0.006173272884015368,-0.016294560819466453,0.002679959159411549,0.013001524510691143,0.0070949062099736615,0.02738814000583445,-0.0024326295305304724,0.0068645146463885975,0.010586548318556765,0.03292805679333921,0.004837813139759728,0.00020793650793650794,0.00462987663182322,0.005965336376078861,-0.01650249732740296,0.002472022651475041,0.012793588002754635,0.006886969702037154,0.02718020349789794,-0.0026405660384669805,0.00665657813845209,0.010378611810620258,0.0327201202854027
2024-05-15,0.012218113163941613,-0.006134927847353033,-0.005773249525686142,-0.020856324011059524,0.012739081020233245,0.01950598042194729,0.011859906772013762,0.01748389266065775,0.03583768370447693,-0.02005067585133169,0.011715927882596233,0.00020833333333333332,0.0115075945492629,0.01200977983060828,-0.006343261180686366,-0.0059815828590194745,-0.02106465734439286,0.012530747686899912,0.019297647088613954,0.011651573438680429,0.017275559327324417,0.0356293503711436,-0.020259009184665024
2024-05-16,0.0006322623494958712,0.009533603295982074,-0.01268885714634993,0.033730725099806236,0.009680734441064542,-0.00924752458117184,-0.0013143405207630687,-0.004939833377057501,-0.002863743490600812,0.004885285464054867,-0.0020816677921287052,0.00020833333333333332,-0.0022900011254620386,0.0004239290161625379,0.00932526996264874,-0.012897190479683263,0.033522391766472905,0.00947240110773121,-0.009455857914505173,-0.001522673854096402,-0.005148166710390834,-0.0030720768239341453,0.004676952130721534
2024-05-17,0.00015814828401783387,-0.010394719436912392,0.005826891232250109,0.010876640584557729,0.010793403506463184,0.003862149036236273,-0.004131630741504799,-0.001852827636867671,-0.019923928807560998,0.014985188920464187,0.0011647735102702228,0.00020833333333333332,0.0009564401769368894,-5.0185049315499446e-05,-0.010603052770245725,0.005618557898916776,0.010668307251224396,0.010585070173129851,0.0036538157029029398,-0.004339964074838132,-0.0020611609702010044,-0.020132262140894332,0.014776855587130855
2024-05-20,0.006162021109173743,0.004874306173471732,-0.006280474722663021,0.008975418705056581,0.004884812189640986,0.020198868284960758,-0.016557644380465808,0.012208112973840723,0.024881394741416152,-0.014144086952910362,0.0009163899374069473,0.00020833333333333332,0.0007080566040736139,0.00595368777584041,0.004665972840138399,-0.006488808055996354,0.008767085371723249,0.004676478856307653,0.019990534951627423,-0.016765977713799143,0.01199977964050739,0.024673061408082817,-0.014352420286243695
2024-05-21,0.006857323199947585,-0.015508567940133222,-0.0021248741632043933,-0.00980655819660936,0.005256440406330221,0.027341187691996227,-0.007466333312329265,0.00869896825426375,0.006393770328155801,0.0665905079079252,0.002501874243978186,0.00020833333333333332,0.0022935409106448527,0.006648989866614252,-0.015716901273466557,-0.0023332074965377266,-0.010014891529942694,0.005048107072996888,0.027132854358662892,-0.007674666645662598,0.008490634920930417,0.006185436994822468,0.06638217457459186
2024-05-22,-0.007538427915319668,-0.009646074467546617,-0.0001091401274257997,0.008117761716145644,-0.008265233730516908,0.009788831573434464,-0.00037610054539150006,0.0034496663795202664,-0.004571149156962773,-0.03478030697149992,-0.002706123039226127,0.00020833333333333332,-0.0029144563725594604,-0.0077467612486530005,-0.00985440780087995,-0.000317473460759133,0.007909428382812311,-0.00847356706385024,0.009580498240101131,-0.0005844338787248334,0.003241333046186933,-0.004779482490296106,-0.03498864030483325
2024-05-23,-0.02105813991958161,-0.011702146655228951,-0.011358061353112014,-0.07553141592028734,-0.01604493094188153,-0.010905577304030523,-0.02949934122561093,-0.008176279333043213,0.09319672948184343,-0.03536724832380789,-0.0073807894850155265,0.00020873015873015873,-0.0075895196437456855,-0.021266870078311767,-0.01191087681395911,-0.011566791511842173,-0.0757401460790175,-0.016253661100611688,-0.01111430746276068,-0.02970807138434109,-0.00838500949177337,0.09298799932311327,-0.035575978482538045
2024-05-24,0.016588245544346902,0.02431939944588435,-0.0016570176564539851,0.013413840476946826,0.008297205785188888,0.0030626557171855584,0.0006979089573930786,0.007400600455578221,0.02572269953085038,0.03165649721483632,0.0070010425881694704,0.00020873015873015873,0.006792312429439311,0.016379515385616744,0.02411066928715419,-0.0018657478151841438,0.013205110318216667,0.00808847562645873,0.0028539255584553998,0.0004891787986629198,0.007191870296848062,0.02551396937212022,0.03144776705610616
2024-05-28,5.26231846724734e-05,0.017581458189735333,0.007745471073219434,0.003208787215702058,0.008057538504468997,0.011908405265791844,-0.01770561658575831,0.000371805853812468,0.06980425394060874,-0.01389201861667555,0.0002488018529340774,0.00020873015873015873,4.007169420391869e-05,-0.00015610697405768533,0.017372728031005175,0.007536740914489275,0.0030000570569718994,0.007848808345738839,0.011699675107061686,-0.01791434674448847,0.00016307569508230928,0.06959552378187858,-0.014100748775405708
2024-05-29,0.001579017864671739,-0.0027208619238862086,-0.000713640562059914,-0.019591089208921386,-0.0028342816305070295,-0.010259449898091688,-0.016447000698097902,-0.0026722544314152774,0.008112296659392282,-0.0031683030189180172,-0.007367046509680453,0.00020873015873015873,-0.007575776668410612,0.0013702877059415803,-0.0029295920826163673,-0.0009223707207900727,-0.019799819367651544,-0.003043011789237188,-0.010468180056821846,-0.01665573085682806,-0.002880984590145436,0.007903566500662124,-0.003377033177648176
2024-05-30,0.005255041025764351,-0.007434665666413376,-0.0148335176621609,0.00640842494977889,-0.02154640260433338,0.16951210552438223,0.010827268912300125,-0.0337861810144654,-0.037665910669357094,0.014756744473008343,-0.005975035585443322,0.00020873015873015873,-0.0061837657441734814,0.005046310867034192,-0.007643395825143535,-0.015042247820891058,0.006199694791048731,-0.02175513276306354,0.16930337536565207,0.010618538753569967,-0.03399491117319556,-0.03787464082808725,0.014548014314278185
2024-05-31,0.005018760256778831,-0.004054505080792858,-0.016060700229647673,0.02813314390941568,0.0022659819614661014,-0.048487923822624235,0.027055959261327978,0.0011092279059303767,-0.007846270213919149,-0.003971091681523098,0.00802787620486467,0.00020833333333333332,0.007819542871531337,0.0048104269234454985,-0.004262838414126191,-0.016269033562981008,0.027924810576082346,0.002057648628132768,-0.048696257155957566,0.026847625927994643,0.0009008945725970433,-0.008054603547252482,-0.004179425014856431
2024-06-03,0.009258569284626095,0.009107896163161433,0.01076849847083472,0.039187020381449944,0.003884037352125169,-0.03232883339939441,0.009835828605585295,-0.003878257921432704,0.04895429241958826,-0.0100517100545634,0.0011160825806737495,0.00020873015873015873,0.0009073524219435908,0.009049839125895937,0.008899166004431275,0.010559768312104562,0.038978290222719786,0.0036753071933950106,-0.032537563558124566,0.009627098446855137,-0.004086988080162863,0.048745562260858105,-0.010260440213293559
2024-06-04,0.0016491900526203196,0.005675226195245742,0.00560726713319748,0.02194282728642083,0.0035803575447339586,0.0008495208041385816,0.011434047636738276,0.006166572791108216,0.012495657141230021,-0.008622094682395387,0.0015028090913065117,0.00020833333333333332,0.0012944757579731784,0.0014408567192869862,0.005466892861912409,0.005398933799864147,0.021734493953087495,0.0033720242114006252,0.0006411874708052482,0.011225714303404943,0.005958239457774883,0.012287323807896688,-0.00883042801572872
2024-06-05,0.007821012434914287,-0.008838747862208174,0.010817455564965828,0.0065211060235894625,0.00932180975530894,0.007920931699950895,-0.010391317608746675,0.019083252976967335,0.051555709114005754,0.0013159908560766986,0.011847649793331305,0.00020833333333333332,0.011639316459997972,0.007612679101580954,-0.009047081195541507,0.010609122231632495,0.0063127726902561295,0.009113476421975608,0.007712598366617562,-0.010599650942080008,0.018874919643634,0.05134737578067242,0.0011076575227433653
2024-06-06,-0.007096553073581702,0.008368783309911754,0.020520748266509736,0.008269644534926623,0.007524864950593235,0.015436241051818733,0.0028079139849865875,0.001202787813419981,-0.011777171329260261,0.01680001395089281,-0.00019981663563317653,0.00020833333333333332,-0.00040814996896650985,-0.007304886406915035,0.00816044997657842,0.0203124149331764,0.00806131120159329,0.007316531617259902,0.0152279077184854,0.002599580651653254,0.0009944544800866476,-0.011985504662593594,0.016591680617559477
2024-06-07,0.012392067131703488,-0.0023129002577593205,-0.003783767287795614,-0.006164416921265348,-0.012844240766278991,0.007462600881897874,-0.01729833322283325,-0.0015780884193313804,-0.0009091739176732005,-0.0025851787543875737,-0.0011152197300303701,0.00020873015873015873,-0.0013239498887605288,0.01218333697297333,-0.002521630416489479,-0.003992497446525773,-0.006373147079995507,-0.01305297092500915,0.007253870723167715,-0.01750706338156341,-0.001786818578061539,-0.0011179040764033592,-0.0027939089131177324
2024-06-10,-0.019147686695754396,0.009614098096969226,0.014975553234585659,-0.0006308366931838671,0.004303774444534669,-0.007407322986843767,-0.009367310715126087,0.009484302282854795,0.00746159266804014,-0.020791089307163446,0.0025808546645145203,0.00020833333333333332,0.002372521331181187,-0.01935602002908773,0.009405764763635893,0.014767219901252326,-0.0008391700265172005,0.004095441111201336,-0.0076156563201771,-0.00957564404845942,0.009275968949521462,0.007253259334706807,-0.02099942264049678
2024-06-11,0.07264904054118415,-0.0021611893590175457,0.0009087895389929823,-0.024300416767525146,0.009199619882678478,0.003869375252775864,0.001851786852129278,0.011241819495943162,-0.007143983011295929,-0.018010183238054034,0.0027103813151374556,0.00020833333333333332,0.0025020479818041222,0.07244070720785081,-0.002369522692350879,0.0007004562056596489,-0.02450875010085848,0.008991286549345145,0.0036610419194425307,0.0016434535187959446,0.011033486162609829,-0.007352316344629262,-0.01821851657138737
2024-06-12,0.02857849515682842,0.0106261071013114,-0.0018159287809063063,-0.01525607456094169,0.006624344249506198,0.00710261390476985,0.000786481290057095,0.01936757897511132,0.035480861550703846,0.03884911216309472,0.008503672791998707,0.00020833333333333332,0.008295339458665374,0.028370161823495086,0.010417773767978067,-0.0020242621142396396,-0.015464407894275023,0.006416010916172865,0.006894280571436517,0.0005781479567237616,0.019159245641777987,0.035272528217370515,0.03864077882976139
2024-06-13,0.005491072596936597,-0.021564432512459875,-0.016373254687715777,-0.010784481526523781,-0.014792735029420911,0.004132059490253415,-0.0030649551974401,0.0011790346308064859,0.035223620995155525,0.029217711832219218,0.0023446558536817097,0.00020833333333333332,0.0021363225203483763,0.005282739263603264,-0.02177276584579321,-0.01658158802104911,-0.010992814859857114,-0.015001068362754244,0.003923726156920082,-0.0032732885307734335,0.0009707012974731525,0.03501528766182219,0.029009378498885883
2024-06-14,-0.008168475691943344,-0.0008898348896740904,-0.0009247574783879386,-0.018981697474868775,0.009305847006531032,-0.02578857573435034,-0.00047306915712264086,0.0022419935182693695,0.01751420933303338,-0.024442410719736185,-0.000393860697500914,0.00020833333333333332,-0.0006021940308342474,-0.008376809025276677,-0.0010981682230074238,-0.001133090811721272,-0.01919003080820211,0.009097513673197699,-0.025996909067683673,-0.0006814024904559742,0.002033660184936036,0.017305875999700047,-0.02465074405306952
2024-06-17,0.019671599445914234,0.024183042746979133,0.002177904217078641,0.0063180182218876,0.002545327827362609,0.011827422623133854,-0.0002760346757998411,0.013105258249624718,-0.006824440174302837,0.052974598199923895,0.007664386564552705,0.00020833333333333332,0.0074560532312193725,0.0194632661125809,0.0239747094136458,0.0019695708837453078,0.006109684888554267,0.0023369944940292756,0.011619089289800521,-0.0004843680091331744,0.012896924916291385,-0.00703277350763617,0.05276626486659056
2024-06-18,-0.010984453070528755,-0.014782653604462848,-0.006791263808433312,-0.019059330164904242,-0.012130492447556374,0.022822325882427608,-0.010729307045542869,-0.004527596290900715,0.03511996562697939,-0.013764414198944364,0.0025213273947457537,0.00020793650793650794,0.0023133908868092456,-0.011192389578465262,-0.014990590112399355,-0.00699920031636982,-0.01926726667284075,-0.012338428955492881,0.0226143893744911,-0.010937243553479376,-0.004735532798837223,0.03491202911904288,-0.013972350706880871
2024-06-20,-0.021512958281384442,0.004005781951075926,0.017996874289478493,0.007486127878571391,0.006910885926136201,-0.013877500934915576,0.01200205041371194,-0.0014337982433588747,-0.035403431459514634,-0.017797215597047944,-0.0025259318472709014,0.00020793650793650794,-0.0027338683552074095,-0.02172089478932095,0.003797845443139418,0.017788937781541985,0.007278191370634884,0.006702949418199693,-0.014085437442852084,0.011794113905775432,-0.0016417347512953826,-0.035611367967451145,-0.01800515210498445
2024-06-21,-0.0104444404446572,0.011428201146906236,0.01601287280926522,0.0014747277500590794,0.018888264204249383,0.0035871787871359917,0.022025229343385577,0.0091541020762127,-0.03219161702428375,0.007930754665036233,-0.001562130321101196,0.00020753968253968253,-0.0017696700036408787,-0.010651980127196882,0.011220661464366554,0.015805333126725538,0.0012671880675193968,0.0186807245217097,0.0033796391045963093,0.021817689660845893,0.008946562393673018,-0.03239915670682343,0.00772321498249655
2024-06-24,0.0031327426283069837,-0.00788933527303004,-0.0185635417434159,0.014386092999796984,-0.002282723288026034,-0.0019246448342081779,0.003816680110608539,-0.004691058569358697,-0.06684053865661765,-0.0023495584322593688,-0.003065171894990004,0.00020793650793650794,-0.0032731084029265123,0.0029248061203704756,-0.008097271780966548,-0.01877147825135241,0.014178156491860477,-0.002490659795962542,-0.002132581342144686,0.003608743602672031,-0.004898995077295205,-0.06704847516455416,-0.002557494940195877
2024-06-25,0.004468147399944167,0.01698230529568101,0.004149318226444931,-0.022333890919512878,0.02683868014445734,-0.0008265046074850124,-0.011521645706501826,0.007326808528586248,0.06756418703674849,0.026125557150967094,0.003933590015736899,0.00020753968253968253,0.003726050333197216,0.004260607717404484,0.016774765613141326,0.003941778543905249,-0.022541430602052562,0.026631140461917654,-0.001034044290024695,-0.011729185389041509,0.007119268846046566,0.0673566473542088,0.02591801746842741
2024-06-26,0.019993240613172425,-0.0060301082766315295,0.03901472799901873,0.019417440194001934,-0.0008152588089295199,-0.03253383011023325,0.0017482378512303498,0.002683123839033019,0.0024585542184318854,0.0481451226037759,0.0015724312002203256,0.00020793650793650794,0.0013644946922838177,0.019785304105235917,-0.006238044784568037,0.03880679149108222,0.019209503686065426,-0.0010231953168660277,-0.032741766618169764,0.001540301343293842,0.002475187331096511,0.0022506177104953773,0.04793718609583939
2024-06-27,0.0039860325248002315,0.010733337402343723,0.02189972356695158,0.02246495522036951,0.00832073452740012,-0.010829262409648877,0.001318809166620305,0.0015261280400820088,-0.01906644156542492,0.0053470646120412635,0.0009073212238914774,0.00020753968253968253,0.0006997815413517949,0.003778492842260549,0.010525797719804041,0.021692183884411895,0.022257415537829825,0.008113194844860437,-0.011036802092188559,0.0011112694840806224,0.0013185883575423261,-0.019273981247964603,0.005139524929501581
2024-06-28,-0.01625417096231041,0.00013194559976525966,-0.023249966952787804,-0.002739575996103971,-0.017582621124704878,0.008931189031916809,-0.012898534147999796,-0.0130286487218233,-0.0036292308015060115,0.002330091774560339,-0.004083652583445674,0.00020714285714285675,-0.004290795440588531,-0.016461313819453267,-7.519725737759709e-05,-0.02345710980993066,-0.002946718853246828,-0.017789763981847735,0.008724046174773951,-0.013105677005142653,-0.013235791578966156,-0.003836373658648868,0.002122948917417482
2024-07-01,0.029104449121025278,0.0,0.02043982896891161,0.02576782914649267,0.0046115904538706065,-0.00142783636453514,-0.01903149436414664,0.021881593742728134,0.006151813217824653,0.06054171938510833,0.0026755639309195,0.00020793650793650794,0.002467627422982992,0.02889651261308877,-0.00020793650793650794,0.020231892460975103,0.025559892638556164,0.004403653945934099,-0.0016357728724716478,-0.019239430872083147,0.021673657234791626,0.0059438767098881455,0.06033378287717182
2024-07-02,0.016240015936550556,0.01787239575157007,0.014198798656638534,-0.006855912159718591,0.012295777374067951,-0.004861272422403196,-0.008800271685721062,0.005583102001662121,-0.0131135334134167,0.10197271435359356,0.006195317856513505,0.00020793650793650794,0.005987381348576997,0.016032079428614048,0.01766445924363356,0.013990862148702026,-0.007063848667655099,0.012087840866131443,-0.005069208930339703,-0.00900820819365757,0.005375165493725614,-0.013321469921353208,0.10176477784565706
2024-07-03,0.005811050030459564,-0.010431519039477255,-0.01205001831054675,-0.005986412583933953,0.003131089452341751,0.0014368629787082643,0.008918907603016946,0.0032441029771610452,0.0457325534504307,0.06542422054051045,0.005084444409779065,0.00020793650793650794,0.004876507901842558,0.005603113522523056,-0.010639455547413763,-0.012257954818483258,-0.006194349091870461,0.002923152944405243,0.0012289264707717564,0.008710971095080438,0.003036166469224537,0.04552461694249419,0.06521628403257394
2024-07-05,0.02162037873643219,-0.001505897557604552,0.012196992290986808,0.0028213568409150014,0.02572386617952427,-0.006312872521462731,0.004359942579698073,0.014736302201966422,-0.019098926392488114,0.02082067005771493,0.005448765178485582,0.00020753968253968253,0.005241225495945899,0.021412839053892505,-0.0017134372401442345,0.011989452608447125,0.002613817158375319,0.025516326496984584,-0.006520412204002414,0.0041524028971583905,0.01452876251942674,-0.019306466075027798,0.020613130375175245
2024-07-08,0.006538873760357999,-0.003540939581198721,-0.0035500335693359197,0.005464451100093415,-0.008237254898478596,0.019925174834901416,-0.012903775920424021,-0.002823134264862248,0.01883482499136946,0.005645666924397386,0.0010166989647510949,0.00020753968253968253,0.0008091592822114124,0.006331334077818317,-0.0037484792637384034,-0.003757573251875602,0.0052569114175537324,-0.008444794581018279,0.01971763515236173,-0.013111315602963703,-0.0030306739474019306,0.018627285308829775,0.005438127241857703
2024-07-09,0.003774789488225405,0.0032244683648745553,0.00025090598345323123,-0.013990480499145641,-0.00026453773211576603,0.0028309403714796844,-0.008190396261523736,-0.014370180501658947,0.024805175762979914,0.03712336538398886,0.0007410719362856977,0.00020753968253968253,0.0005335322537460152,0.0035672498056857228,0.003016928682334873,4.3366300913548695e-05,-0.014198020181685323,-0.00047207741465544854,0.002623400688940002,-0.008397935944063418,-0.01457772018419863,0.02459763608044023,0.036915825701449176
2024-07-10,0.01880364380255739,-0.004001315989259457,0.002257434315787732,0.002674035252597795,0.011641356055185792,0.01835124542171962,0.018997669715648646,0.014601453961861521,0.026868711526116362,0.003545241645880992,0.010208065293514812,0.00020753968253968253,0.01000052561097513,0.018596104120017706,-0.00420885567179914,0.0020498946332480495,0.0024664955700581127,0.01143381637264611,0.018143705739179936,0.018790130033108962,0.014393914279321839,0.026661171843576678,0.0033377019633413097
2024-07-11,-0.023220812771093224,-0.03846151527094899,-0.023724863074531144,0.0009797416794004032,-0.029343803356293163,0.0008317749216129044,0.017206156884099322,-0.02477209564106786,-0.055666817283970826,-0.08444127539962887,-0.008763028841120457,0.00020674603174603175,-0.008969774872866489,-0.023427558802839255,-0.03866826130269502,-0.023931609106277174,0.0007729956476543715,-0.029550549388039193,0.0006250288898668727,0.01699941085235329,-0.02497884167281389,-0.055873563315716857,-0.0846480214313749
2024-07-12,0.01305092564545074,0.005342457392444322,-0.0028710461411535215,-0.008699940577758136,-0.002694534790616321,0.01745147477144915,-0.003532132600453597,-0.0025292471521553006,0.014442669198104108,0.029871787680814554,0.0055170270744306915,0.00020674603174603175,0.00531028104268466,0.012844179613704708,0.00513571136069829,-0.0030777921728995534,-0.008906686609504168,-0.0029012808223623527,0.01724472873970312,-0.0037388786321996288,-0.0027359931839013325,0.014235923166358076,0.029665041649068524
2024-07-15,0.01674320789196382,0.002997700266150316,-0.009100746683475047,-0.01755250392789731,0.00788895372720022,0.016607782916871372,-0.00933439191971941,0.0009041061992010047,-0.006190031260344564,0.01776579679334911,0.0028262026252154904,0.00020634920634920634,0.0026198534188662842,0.01653685868561461,0.00279135105980111,-0.009307095889824254,-0.017758853134246518,0.007682604520851014,0.016401433710522165,-0.009540741126068616,0.0006977569928517983,-0.0063963804666937706,0.017559447586999902
2024-07-16,0.0017917945862764295,0.027441877819823546,0.0015566783408962337,0.038747152128618456,-0.013992459520051792,0.017675311074299094,0.022820279213054295,-0.009780619815055513,-0.016194336565724,0.015516142251486453,0.006389375498743188,0.00020634920634920634,0.006183026292393982,0.0015854453799272231,0.02723552861347434,0.0013503291345470273,0.03854080292226925,-0.014198808726400999,0.017468961867949887,0.02261393000670509,-0.00998696902140472,-0.016400685772073206,0.015309793045137247
2024-07-17,-0.02529590123966674,-0.021552258529856094,-0.02637038381521717,-0.006503664036654366,-0.015767640339386046,0.0028947570015944724,0.014498338429400626,-0.013347622160107653,-0.06623930472533479,-0.03141564404151875,-0.013927543241993745,0.00020634920634920634,-0.014133892448342952,-0.025502250446015947,-0.0217586077362053,-0.026576733021566375,-0.006710013243003573,-0.015973989545735253,0.002688407795245266,0.014291989223051419,-0.01355397136645686,-0.066445653931684,-0.031621993247867956
2024-07-18,-0.02053485990203696,-0.007567534575591228,-0.022242286163404512,-0.024940492867812303,-0.018395764178655183,-0.01915484916898813,-0.00567050951135839,-0.007102190174568479,0.026273336065276043,0.002937608561525362,-0.007816403936922511,0.00020674603174603175,-0.008023149968668543,-0.02074160593378299,-0.00777428060733726,-0.022449032195150542,-0.025147238899558333,-0.018602510210401213,-0.01936159520073416,-0.005877255543104422,-0.007308936206314511,0.026066590033530013,0.0027308625297793303
2024-07-19,0.0005800125251371746,0.007557193446699362,-0.0033741230867346816,-0.0031071274031448937,-0.00016893873827616979,-0.006153381456307061,-0.008631244577732344,-0.007402990674241661,-0.02609630722885481,-0.0402439471622098,-0.007140265531926926,0.00020634920634920634,-0.0073466147382761325,0.00037366331878796824,0.007350844240350155,-0.003580472293083888,-0.0033134766094941,-0.00037528794462537616,-0.006359730662656268,-0.008837593784081551,-0.007609339880590867,-0.026302656435204016,-0.040450296368559006
2024-07-22,-0.0015604768028183447,0.014798210023164948,-0.003167158934036185,-0.004285658598030873,0.022571292328642745,0.023418646321754943,0.008784285428132144,0.013337662489906865,0.04757076326680698,0.05146320115237035,0.01079203564940956,0.00020595238095238096,0.010586083268457178,-0.0017664291837707255,0.014592257642212567,-0.003373111314988566,-0.004491610978983254,0.022365339947690365,0.023212693940802564,0.008578333047179762,0.013131710108954484,0.0473648108858546,0.05125724877141797
2024-07-23,0.004688403183415124,-0.009521858739655276,0.021144894800451564,0.042370050808613335,0.0006604424608771531,-0.00815370068229837,-0.021152845865552994,0.004312186484116687,-0.007689905859094459,-0.020396762498772314,-0.001558102589770738,0.00020555555555555556,-0.0017636581453262935,0.004482847627859569,-0.009727414295210832,0.020939339244896008,0.04216449525305778,0.0004548869053215975,-0.008359256237853926,-0.02135840142110855,0.004106630928561132,-0.007895461414650015,-0.02060231805432787
2024-07-24,-0.028754332849365016,-0.030386583344275242,-0.029934025650088403,-0.03437359797393902,-0.050387751740705755,0.002917241958620531,-0.0026767361118158473,-0.03585478086317151,-0.06803147029414969,-0.12334604589403686,-0.02314909375473495,0.00020555555555555556,-0.023354649310290507,-0.028959888404920572,-0.030592138899830798,-0.03013958120564396,-0.034579153529494575,-0.05059330729626131,0.0027116864030649755,-0.002882291667371403,-0.036060336418727065,-0.06823702584970524,-0.12355160144959242
2024-07-25,-0.004804539028368304,-0.029120135011140746,-0.005419431054668911,0.02376852671300589,-0.030991111082193767,-0.04151242875765815,-0.007538336722249905,-0.024481378335791226,-0.017242964485452705,0.01972310939623889,-0.005142620237842288,0.00020515873015872975,-0.005347778968001018,-0.005009697758527034,-0.029325293741299475,-0.0056245897848276405,0.02356336798284716,-0.031196269812352496,-0.04171758748781688,-0.007743495452408635,-0.024686537065949955,-0.017448123215611434,0.019517950666080162
2024-07-26,0.002161013380774568,0.0004999451890954631,0.014734466536293178,0.013778102533430925,-0.0016738425991930095,0.0024827017978525934,0.002147518456928399,0.016419800846694033,0.006946791888623016,-0.0020431189477511102,0.011090468702846357,0.00020476190476190477,0.010885706798084451,0.0019562514760126633,0.0002951832843335584,0.014529704631531273,0.01357334062866902,-0.0018786045039549143,0.0022779398930906887,0.001942756552166494,0.016215038941932127,0.006742029983861112,-0.002247880852513015
2024-07-29,0.0012846526518883739,0.0013560826148488747,0.003835599716395466,-0.007812117923031381,0.015149544048752794,-0.005778817192886976,0.03738101478644995,0.0034330729683549333,-0.013001960538985058,0.055959976710561854,0.0008133101292933098,0.00020436507936507934,0.0006089450499282304,0.0010802875725232945,0.0011517175354837953,0.0036312346370303865,-0.00801648300239646,0.014945178969387716,-0.005983182272252055,0.03717664970708487,0.003228707888989854,-0.013206325618350136,0.05575561163119677
2024-07-30,0.002565938289724068,-0.009266432783394007,-0.008133134602594794,0.007711848088516549,0.004483209722948134,-0.016883234222463073,0.019202720823493946,-0.00892818545788887,-0.07043641700034997,-0.04084450985365362,-0.004960171878030217,0.00020396825396825355,-0.0051641401319984705,0.0023619700357558142,-0.00947040103736226,-0.008337102856563047,0.007507879834548295,0.004279241468979881,-0.017087202476431328,0.01899875256952569,-0.009132153711857124,-0.07064038525431822,-0.041048478107621876
2024-07-31,0.014990903893865815,0.004100957212047396,0.029002194810164417,0.02001501381220061,0.0073402418352130905,0.016047243783022358,-0.0039034283164132155,-0.010805992134781506,0.12812096334166623,0.04244907202543402,0.0157933986591674,0.00020436507936507934,0.015589033579802323,0.014786538814500736,0.0038965921326823165,0.028797829730799338,0.019810648732835532,0.007135876755848011,0.01584287870365728,-0.004107793395778295,-0.011010357214146584,0.12791659826230115,0.04224470694606894
2024-08-01,-0.01675058606935842,-0.03202924404485186,-0.015563100170141286,-0.06448063038490726,-0.004547102492470478,-0.025491914097727775,0.01262248329113902,-0.002964065026370921,-0.06674056984291454,-0.06554059651757438,-0.013693502993456064,0.00020317460317460318,-0.013896677596630666,-0.016953760672533024,-0.03223241864802646,-0.01576627477331589,-0.06468380498808186,-0.004750277095645082,-0.02569508870090238,0.012419308687964417,-0.0031672396295455243,-0.06694374444608915,-0.06574377112074899
2024-08-02,0.006869192855553985,-0.05078096673563559,-0.0878470841762542,-0.046884643176580254,-0.024010189794473225,-0.04122826039762506,0.029544417390716227,-0.020665994693807033,-0.017763974476502242,-0.04237758192170549,-0.018381860868696753,0.000200396825396825,-0.01858225769409358,0.00666879603015716,-0.05098136356103242,-0.08804748100165102,-0.04708504000197708,-0.02421058661987005,-0.041428657223021886,0.0293440205653194,-0.02086639151920386,-0.017964371301899068,-0.04257797874710231
2024-08-05,-0.0481669470622641,-0.022771568792294583,-0.04097671157906757,-0.017181513512086632,-0.04446174347244303,-0.02876636493975493,-0.029780649133983816,-0.03265693447637752,-0.06357791606294105,-0.04232673647438423,-0.02996879838863975,0.00020198412698412699,-0.030170782515623877,-0.048368931189248225,-0.02297355291927871,-0.0411786957060517,-0.01738349763907076,-0.044663727599427154,-0.028968349066739056,-0.029982633260967943,-0.032858918603361646,-0.06377990018992519,-0.04252872060136836
2024-08-06,-0.009748314712606843,0.04117790888709094,0.005651399696776416,-0.011914060394585313,-0.006028348717084575,-0.0009160309853919468,0.005997423640266897,0.011286801288622472,0.0378297502061149,0.008849529684359148,0.010354085880061037,0.00020198412698412699,0.01015210175307691,-0.00995029883959097,0.040975924760106815,0.005449415569792289,-0.01211604452156944,-0.006230332844068702,-0.0011180151123760737,0.00579543951328277,0.011084817161638345,0.03762776607913077,0.00864754555737502
2024-08-07,0.012498376730412764,-0.13382385928652896,0.0051874985158653075,-0.010906373401555314,0.004106455628972272,-0.021393632147653885,-0.0025550947335092333,-0.002952611949867956,-0.051222971553344876,-0.044258397676563255,-0.007734647858502863,0.00020198412698412699,-0.00793663198548699,0.012296392603428637,-0.1340258434135131,0.004985514388881181,-0.01110835752853944,0.003904471501988145,-0.021595616274638012,-0.00275707886049336,-0.003154596076852083,-0.051424955680329,-0.04446038180354738
2024-08-08,0.01663323159036545,0.014423477768392923,0.018615215947435537,0.034489031086556876,0.01944123640482287,0.031230474097453387,0.0067566221948553995,0.01069184012560953,0.0612677448607466,0.036921162045623124,0.023042611519136447,0.00020198412698412699,0.02284062739215232,0.016431247463381322,0.014221493641408796,0.01841323182045141,0.03428704695957275,0.019239252277838743,0.03102848997046926,0.006554638067871273,0.010489855998625404,0.06106576073376247,0.036719177918639
2024-08-09,0.013735996103263481,0.0038381232008797284,0.00687575011257735,-0.005684795895279926,0.010121665286426662,0.015748081652859902,-0.012094756855598465,0.008269446305398054,-0.002095748636688266,0.005833854775063152,0.004671676849538509,0.00020198412698412699,0.004469692722554382,0.013534011976279355,0.0036361390738956015,0.006673765985593223,-0.005886780022264053,0.009919681159442535,0.015546097525875775,-0.012296740982582592,0.008067462178413927,-0.002297732763672393,0.005631870648079025
2024-08-12,0.007129732276540679,-0.012686818398004562,-0.000838620987187122,-0.022512052271188576,-0.008431692582543504,0.0071555127807070296,0.005785342228259882,0.0019456941897721958,0.04076379874522695,-0.012549972534179554,4.303397765514916e-05,0.0002011904761904762,-0.00015815649853532704,0.006928541800350203,-0.012888008874195039,-0.001039811463377598,-0.022713242747379053,-0.00863288305873398,0.006954322304516553,0.005584151752069406,0.0017445037135817197,0.04056260826903648,-0.01275116301037003
2024-08-13,0.01719322391444944,0.028868145573033965,0.020563504874259175,0.02820928219266916,0.011522539327387227,0.029011286272980774,0.003154392701982811,0.01769870227227366,0.06530892745914874,0.052357061371637315,0.016847579753558328,0.0002007936507936508,0.01664678610276468,0.01699243026365579,0.028667351922240316,0.020362711223465526,0.02800848854187551,0.011321745676593576,0.028810492622187125,0.0029535990511891604,0.01749790862148001,0.06510813380835509,0.05215626772084366
2024-08-14,0.002033606768666596,-0.005645882407993685,-0.0007636117446156998,-0.0015406169429889038,-0.023087180485979686,-0.00028766697724680323,0.00310752345839882,0.006883886151050289,0.01670420893946356,-0.0310349655555765,0.0038237284285767004,0.0002011904761904762,0.003622537952386224,0.0018324162924761198,-0.005847072884184162,-0.000964802220806176,-0.00174180741917938,-0.023288370962170162,-0.0004888574534372795,0.0029063329822083435,0.006682695674859813,0.016503018463273084,-0.031236156031766975
2024-08-15,0.01353058112443084,0.022711626274653396,0.04403286281963403,0.04694364191162825,0.005799159906624718,0.021295055473842917,0.013719460390151594,0.011823766716488882,0.040480824265726856,0.06336276788880446,0.016133247764330783,0.00020198412698412699,0.015931263637346656,0.013328596997446714,0.02250964214766927,0.043830878692649906,0.046741657784644126,0.005597175779640591,0.02109307134685879,0.013517476263167467,0.011621782589504755,0.04027884013874273,0.06316078376182033
2024-08-16,0.005918627600337567,-0.021618436694153753,-0.002984395462729106,0.020293644105986886,0.010291288085573447,0.011834205904514894,0.013169824674672315,-0.006080287090921899,0.013999718663080474,0.009246267550119258,0.001989779357261412,0.00020158730158730158,0.0017881920556741104,0.0057170402987502655,-0.021820023995741053,-0.0031859827643164074,0.020092056804399586,0.010089700783986145,0.011632618602927592,0.012968237373085013,-0.0062818743925092,0.013798131361493172,0.009044680248531957
2024-08-19,-0.0007079595660545168,0.024331544067215605,0.006551472258579993,-0.0019445863260941776,0.022766310207889218,-0.03648006929383962,0.03253245233453983,0.007312222469233021,0.043506087838269814,0.030538618603692225,0.009722284736913167,0.0002007936507936508,0.009521491086119516,-0.0009087532168481677,0.024130750416421955,0.006350678607786342,-0.0021453799768878282,0.02256551655709557,-0.036680862944633276,0.03233165868374618,0.00711142881843937,0.04330529418747616,0.030337824952898575
2024-08-20,0.0027447504671989087,-0.014772554517768488,0.003703308593809629,-0.041972797326603084,0.003059910492125395,0.006069428026834078,-0.0066770737181833795,0.00775752822791298,-0.02115375040915579,-0.007273684933138069,-0.0019845553982971165,0.0002,-0.0021845553982971166,0.0025447504671989086,-0.014972554517768489,0.0035033085938096288,-0.04217279732660308,0.002859910492125395,0.005869428026834079,-0.006877073718183379,0.00755752822791298,-0.02135375040915579,-0.007473684933138069
2024-08-21,-0.0004855512501110715,0.0025558277285535613,0.006876093995775934,0.007727986781509211,-0.00795537135972435,0.013214579221885625,0.014284172127483119,-0.0015536319741400462,0.009823268464734358,0.009814554993405888,0.004239676828782013,0.0001992063492063488,0.004040470479575664,-0.0006847575993174203,0.0023566213793472126,0.006676887646569585,0.007528780432302862,-0.008154577708930699,0.013015372872679277,0.01408496577827677,-0.0017528383233463949,0.00962406211552801,0.00961534864419954
2024-08-22,-0.008259808305736582,-0.018949722562462412,-0.022097583221652117,-0.0038632197269237167,-0.012360644027071044,-0.005386877773276066,-0.0017258026739596088,-0.02025283575221437,-0.037042924596713434,-0.056478704568676985,-0.008932805548120926,0.0002,-0.009132805548120926,-0.008459808305736583,-0.01914972256246241,-0.022297583221652116,-0.004063219726923716,-0.012560644027071044,-0.005586877773276066,-0.001925802673959609,-0.02045283575221437,-0.03724292459671343,-0.056678704568676984
2024-08-23,0.010288070214703682,0.01212647520905974,0.005166572293719973,0.012734500329844689,0.011111127810423893,0.016533322908544923,0.0010718296302238972,0.0029841141909692226,0.04549865086457561,0.0458558981020607,0.01148337085011919,0.0001988095238095238,0.011284561326309667,0.010089260690894159,0.011927665685250216,0.004967762769910449,0.012535690806035166,0.01091231828661437,0.016334513384735398,0.0008730201064143734,0.0027853046671596987,0.04529984134076608,0.045657088578251175
2024-08-26,0.0014989630911454999,-0.009756092464998312,-0.00869856159361615,-0.008459138829072899,0.003260560264159551,-0.0025236608689589435,-0.0029012244903410256,-0.007917747769893402,-0.022493548181071965,-0.0322712435275504,-0.0031537266931381813,0.0001976190476190476,-0.003351345740757229,0.0013013440435264523,-0.009953711512617359,-0.008896180641235197,-0.008656757876691946,0.0030629412165405034,-0.002721279916577991,-0.003098843537960073,-0.008115366817512449,-0.022691167228691012,-0.03246886257516945
2024-08-27,0.0037415618616432056,0.008901553776220483,-0.013561281383547064,-0.0024786297346731656,-0.008907142919316824,0.000843348615553019,0.0033255239993879027,0.0008465699858553055,0.01455014475551275,-0.018760845523390857,0.0015951960865450143,0.0001976190476190476,0.0013975770389259667,0.003543942814024158,0.008703934728601436,-0.01375890043116611,-0.002676248782292213,-0.009104761966935871,0.0006457295679339714,0.003127904951768855,0.0006489509382362579,0.014352525707893703,-0.018958464571009904
2024-08-28,-0.006753619603404815,0.006767182884903411,-0.013401063602498708,-0.013522082037702998,-0.011112390086973734,-0.023595517700065072,-0.00894223505484737,-0.007829092565496798,-0.020966597521792196,-0.01653843794670573,-0.00597597320797616,0.00019682539682539682,-0.006172798604801556,-0.006950445000230211,0.006570357488078014,-0.013597888999324105,-0.013718907434528395,-0.01130921548379913,-0.02379234309689047,-0.009139060451672766,-0.008025917962322195,-0.021163422918617593,-0.016735263343531127
2024-08-29,0.014570270563856402,-0.007912875987705736,0.007728290643119529,0.009079653986346248,-0.00657053353378545,0.020138140659591297,0.0028218021820141104,0.0061374195507450935,-0.06384849862268094,0.002575935743848623,-3.937906806072977e-05,0.0001976190476190476,-0.00023699811567977737,0.014372651516237355,-0.008110495035324784,0.0075306715955004815,0.0088820349387272,-0.006768152581404497,0.01994052161197225,0.0026241831343950628,0.005939800503126046,-0.06404611767029998,0.0023783166962295754
2024-08-30,-0.003437925668784869,0.006089186052864681,0.037067191865004956,0.008591727815650207,0.009890219523860821,0.020304578163004905,0.002778940582068845,0.00973076549619023,0.01513741367627408,0.03795812428442069,0.010093051774424433,0.0001976190476190476,0.009895432726805386,-0.0036355447164039168,0.005891567005245634,0.036869572817385905,0.00839410876803116,0.009692600476241774,0.020106959115385858,0.0025813215344497975,0.009533146448571183,0.014939794628655034,0.03776050523680164
2024-09-03,-0.02720536108964966,-0.019861855341838153,-0.012605042016806678,-0.07321285149380063,-0.03684675453829722,-0.022111635429450494,-0.005121904176816461,-0.018459119001423607,-0.09525010158394043,-0.01639341692041585,-0.02115107439771169,0.00019722222222222181,-0.02134829661993391,-0.02740258331187188,-0.020059077564060373,-0.0128022642390289,-0.07341007371602286,-0.037043976760519445,-0.022308857651672714,-0.005319126399038683,-0.018656341223645827,-0.09544732380616265,-0.01659063914263807
2024-09-04,-0.008618668204964708,0.002000310669891814,-0.016567365497562103,0.013662879703565167,-0.005783072732467365,-0.0014132482451513217,0.00879092769440648,-0.0013189091213317017,-0.01657400327527292,0.04183284569452206,-0.0016025435809103872,0.00019682539682539682,-0.001799368977735784,-0.008815493601790104,0.001803485273066417,-0.0167641908943875,0.01346605430673977,-0.005979898129292761,-0.0016100736419767186,0.008594102297581084,-0.0015157345181570985,-0.016770828672098316,0.04163602029769666
2024-09-05,0.006927830770843579,0.008245851793993841,0.026308183871355473,-0.006555613994708276,0.005049804206619601,-0.026323250056021763,-0.00020819348114176073,-0.0012471887837161022,0.009415304613304754,0.04904058305110981,-0.003018017615584734,0.00019603174603174603,-0.00321404936161648,0.006731799024811833,0.008049820047962095,0.026112152125323727,-0.006751645740740022,0.004853772460587855,-0.02651928180205351,-0.00040422522717350676,-0.0014432205297478483,0.009219272867273007,0.04884455130507807
2024-09-06,-0.00701515547574405,-0.016184614527743335,-0.03653943460735232,-0.027937088805496946,-0.04019349742804512,-0.01686051378244524,0.0053476376020547,-0.016381339810326634,-0.040854463426716614,-0.08445932396079381,-0.01726024985928465,0.00019563492063492062,-0.017455884779919568,-0.007210790396378971,-0.016380249448378254,-0.03673506952798724,-0.028132723726131865,-0.040389132348680044,-0.01705614870308016,0.005152002681419779,-0.016576974730961553,-0.04105009834735154,-0.08465495888142872
2024-09-09,0.0004077592999360835,0.018200926262448514,0.023396899008788496,0.0335617859966868,-0.013336007147934259,0.010644470132650685,0.006148483741355237,0.010007480973832417,0.03539833411639015,0.026289605928169646,0.0115800702824842,0.00019404761904761905,0.01138602266343658,0.00021371168088846445,0.018006878643400896,0.02320285138974088,0.03336773837763918,-0.013530054766981879,0.010450422513603065,0.0059544361223076185,0.009813433354784797,0.03520428649734253,0.026095558309122028
2024-09-10,-0.0036215329512414574,-0.010656564603517271,0.023660258265018275,-0.017432915561042206,-0.0003362300019870146,-0.02077229215631149,-6.884108453519833e-05,0.02090100883374202,0.015309375404415126,0.04577608406578748,0.004472672652839682,0.00019246031746031705,0.004280212335379365,-0.0038139932687017743,-0.010849024920977588,0.023467797947557958,-0.017625375878502523,-0.0005286903194473316,-0.020964752473771806,-0.00026130140199551535,0.0207085485162817,0.01511691508695481,0.04558362374832716
2024-09-11,0.011585296802759215,0.007296701857623544,0.027680318219044597,0.007871521516731317,0.01681694780531995,0.005302165025581784,-0.0035705247932398265,0.021342393238450885,0.08149864148406794,0.008666077418469476,0.010665025888896507,0.00019404761904761905,0.010470978269848887,0.011391249183711595,0.007102654238575925,0.02748627059999698,0.007677473897683698,0.01662290018627233,0.005108117406534165,-0.0037645724122874454,0.021148345619403267,0.08130459386502031,0.008472029799421856
2024-09-12,0.0004938086307051393,0.01207314191904274,0.013440254011034769,0.008925819283844172,0.023352748806257928,-0.008091145423265833,0.007304492172733434,0.009360866442923443,0.01916170423313779,0.007364189890953776,0.007495302358939249,0.00019246031746031705,0.007302842041478932,0.00030134831324482223,0.011880681601582423,0.013247793693574452,0.008733358966383855,0.02316028848879761,-0.00828360574072615,0.0071120318552731175,0.009168406125463126,0.01896924391567747,0.007171729573493459
2024-09-13,-0.0012119484148008786,0.003323103166497754,-0.0027272433520636463,-0.03686182860790854,0.01790669620719898,0.00664665450189883,0.014298039466625445,0.00840744212573763,-0.00033574911316081035,0.0020886633855723424,0.005407711405364557,0.0001896825396825397,0.005218028865682017,-0.0014016309544834181,0.0031334206268152144,-0.002916925891746186,-0.03705151114759108,0.01771701366751644,0.00645697196221629,0.014108356926942905,0.00821775958605509,-0.00052543165284335,0.0018989808458898028
2024-09-16,-0.027775173033399603,-0.0016984878831609596,-0.00857958097692424,-0.007782108741815175,0.003810647446068849,0.013205223340745142,0.0005394843916275427,0.0017417377248094557,-0.01947947510742587,-0.015241628421408637,0.0012566297656613212,0.0001884920634920635,0.0010681377021692577,-0.027963665096891667,-0.0018869799466530231,-0.008768073040416303,-0.007970600805307239,0.0036221553825767855,0.013016731277253078,0.0003509923281354792,0.001553245661317392,-0.019667967170917934,-0.015430120484900701
2024-09-17,0.0021726078428261353,0.03887706998027096,0.010763186217390919,0.00540016921511155,0.007971602085046658,0.01984604869057094,-0.009909327173096116,0.008832971213015961,-0.010190083262880845,0.004806404196833203,0.00026455008109871336,0.0001884920634920635,7.605801760664986e-05,0.001984115779334072,0.0386885779167789,0.010574694153898855,0.0052116771516194866,0.007783110021554595,0.019657556627078875,-0.01009781923658818,0.008644479149523897,-0.010378575326372909,0.004617912133341139
2024-09-18,0.01798989700693121,0.0024565625255168477,-0.0024080275860086653,-0.008184658765217678,0.003075502189925805,0.0029044666224142812,-0.005855378742516071,-0.009973535412814871,-0.019205803706508817,-0.0029402649901351108,-0.002896455862498093,0.00018452380952380953,-0.0030809796720219023,0.017805373197407402,0.0022720387159930384,-0.0025925513955324746,-0.008369182574741488,0.0028909783804019957,0.002719942812890472,-0.006039902552039881,-0.010158059222338681,-0.019390327516032625,-0.00312478879965892
2024-09-19,0.03706547749107991,0.051707253110059526,0.01845197970580159,-0.003352487076363486,0.014579805382088029,0.008398191359535456,0.006232541282811699,0.018291175346370814,0.03969313624744397,0.07359155565707187,0.01697685316676334,0.00018293650793650796,0.016793916658826832,0.036882540983143405,0.05152431660212302,0.018269043197865084,-0.003535423584299994,0.01439686887415152,0.008215254851598948,0.006049604774875191,0.018108238838434307,0.039510199739507465,0.07340861914913537
2024-09-20,-0.0029274354992747664,0.018873729520631155,0.009111555436973173,-0.008409360777241859,0.008942930711122399,-0.0017230178554996645,0.01014114293345103,-0.007796023656948092,-0.015864887811707473,-0.02324531900421767,-0.0019410273951238066,0.00018095238095238055,-0.0021219797760761872,-0.003108387880227147,0.018692777139678776,0.008930603056020793,-0.00859031315819424,0.008761978330170018,-0.001903970236452045,0.00996019055249865,-0.007976976037900473,-0.016045840192659852,-0.023426271385170047
2024-09-23,-0.007581020317304454,-0.016389647938144125,0.011899784481557374,0.019636048649349647,-0.010636396298235762,0.010069275516139786,0.007512664367524069,-0.004043480861925519,0.002241278593184459,0.04931794333683115,0.0028092730585327352,0.00017976190476190476,0.0026295111537708304,-0.007760782222066359,-0.01656940984290603,0.011720022576795469,0.019456286744587742,-0.010816158202997667,0.009889513611377881,0.007332902462762164,-0.004223242766687424,0.0020615166884225544,0.049138181432069244
2024-09-24,0.0039739617590086596,0.018987808815164486,0.0004126358007008335,-0.0031350318848157865,0.002718589140055183,0.020791560841700862,0.004045965024730203,-0.010011194660886846,0.03965250684776822,0.017080017089843746,0.0025111788443470395,0.00017857142857142857,0.002332607415775611,0.003795390330437231,0.01880923738659306,0.00023406437212940493,-0.003313603313387215,0.0025400177114837546,0.020612989413129435,0.003867393596158774,-0.010189766089458275,0.03947393541919679,0.01690144566127232
2024-09-25,-0.004398095593208695,-0.005856320647191771,-0.007372694808574054,-0.023040859984229,-0.004929333158613547,0.00585942774660686,0.0006660094406278905,0.006850306027479158,0.02184157910649298,0.010815214909361659,-0.0018612489301417234,0.00017896825396825398,-0.0020402171841099772,-0.004577063847176949,-0.006035288901160025,-0.007551663062542308,-0.023219828238197255,-0.005108301412581801,0.005680459492638606,0.0004870411866596365,0.006671337773510904,0.021662610852524727,0.010636246655393405
2024-09-26,0.005080234494739377,-0.011169815919780612,-0.007115748848874226,0.015503879854328773,0.007678401006317115,0.022191461665727052,0.010583493532611676,-0.0018513997556385275,0.004291196614759185,-0.01089404681602335,0.00403867571712313,0.00017857142857142857,0.0038601042885517017,0.004901663066167948,-0.011348387348352041,-0.007294320277445655,0.015325308425757344,0.007499829577745686,0.022012890237155625,0.010404922104040247,-0.002029971184209956,0.004112625186187756,-0.01107261824459478
2024-09-27,0.0011865783957656362,-0.007736943907156624,-0.016687603998192024,0.011256342816361009,0.007497138657075686,-0.0390774453674424,0.00013176138171999696,-0.007627911442916524,-0.021283390225254606,0.024545630573566513,-0.0012532169669905446,0.00017857142857142857,-0.0014317883955619732,0.0010080069671942076,-0.007915515335728053,-0.01686617542676345,0.01107777138778958,0.007318567228504257,-0.03925601679601383,-4.681004685143161e-05,-0.007806482871487953,-0.021461961653826033,0.024367059144995085
2024-09-30,0.0228719436612983,-0.011228089211744563,-0.008724793206352333,-0.027379822399885678,0.011588606394329126,0.012990819946245846,0.0027001723325739135,0.005326913129526378,0.00032943572474586347,0.004492104223754234,0.004236552581176722,0.00017936507936507936,0.004057187501811643,0.022692578581933222,-0.011407454291109642,-0.008904158285717412,-0.027559187479250756,0.011409241314964047,0.012811454866880767,0.002520807253208834,0.005147548050161299,0.0001500706453807841,0.004312739144389155
2024-10-01,-0.029141573738885485,-0.010566961309745992,-0.006440170323887107,0.0143383848384393,0.006874046809003165,-0.030945212445241732,-0.005024560532415734,-0.02233330134669509,-0.036561307149424516,-0.013798172234708361,-0.009324107094664358,0.00017857142857142857,-0.009502678523235787,-0.029320145167456912,-0.010745532738317421,-0.006618741752458536,0.01415981340986787,0.006695475380431736,-0.03112378387381316,-0.005203131960987163,-0.022511872775266516,-0.036739878577995946,-0.01397674366327979
2024-10-02,0.002519807965139842,0.005658715848928297,-0.0019986515757440815,-0.008624055378856688,-0.006766937703041487,0.012082902575533128,0.0025744472524305007,-0.008462144287525564,0.015812012055404612,-0.03488095932262858,0.00013839090212397487,0.00017777777777777779,-3.938687565380292e-05,0.0023420301873620644,0.00548093807115052,-0.002176429353521859,-0.008801833156634466,-0.006944715480819264,0.01190512479775535,0.002396669474652723,-0.008639922065303342,0.015634234277626835,-0.035058737100406356
2024-10-03,-0.004894714416756818,-0.007053410901061263,-0.015154729791167942,-0.0155013089583933,0.0,0.011938589747193085,-0.0010205963686890085,-0.0014145411020283216,0.03365586996064662,-0.03357160254966751,-0.001681413492255035,0.00017777777777777779,-0.0018591912700328128,-0.0050724921945345955,-0.007231188678839041,-0.01533250756894572,-0.015679086736171077,-0.00017777777777777779,0.011760811969415306,-0.0011983741464667863,-0.0015923188798060994,0.033478092182868846,-0.03374938032744529
2024-10-04,0.005007357765492104,0.036395603437362256,0.02500542770436165,0.02976345735035779,0.0072350346326501835,0.010955137620979327,0.0010216390497932437,-0.0011524218347657156,0.016849818218387824,0.03914235030998836,0.008970249395274354,0.00017976190476190476,0.00879048749051245,0.004827595860730199,0.03621584153260035,0.024825665799599744,0.029583695445595887,0.007055272727888279,0.010775375716217422,0.0008418771450313389,-0.0013321837395276204,0.01667005631362592,0.038962588405226456
2024-10-07,-0.02253081170419058,0.0029263735553506365,-0.03061493551686778,0.005870991368447598,-0.02442269662714658,-0.002222903580861635,-0.009579981041246577,-0.01567067902947783,0.022414254078673146,-0.03698816351676526,-0.009586022165882668,0.00018055555555555555,-0.009766577721438224,-0.022711367259746134,0.002745817999795081,-0.030795491072423336,0.0056904358128920425,-0.024603252182702134,-0.00240345913641719,-0.009760536596802132,-0.015851234585033385,0.02223369852311759,-0.03716871907232082
2024-10-08,0.018404098958166193,0.017430732910489688,0.010619458719785868,-0.008081647976583395,0.008590332750235907,0.002506337875908482,0.0034902612872633743,0.01262376702279111,0.040479246292881355,0.015238957526229946,0.009689347495581924,0.00017976190476190476,0.009509585590820019,0.018224337053404288,0.017250971005727783,0.010439696815023963,-0.0082614098813453,0.008410570845474002,0.002326575971146577,0.0033104993825014695,0.012444005118029206,0.04029948438811945,0.015059195621468041
2024-10-09,0.016698336395353452,0.022566079193691024,0.013408477078997505,-0.034141603541420484,-0.015330415319646629,0.016111110596049194,0.006392719839204197,0.006631167286071937,-0.0018060568702406021,-0.014110416966225725,0.007113411987488272,0.00018015873015873017,0.006933253257329542,0.01651817766519472,0.022385920463532293,0.013228318348838775,-0.034321762271579216,-0.015510574049805359,0.015930951865890462,0.006212561109045467,0.006451008555913207,-0.001986215600399332,-0.014290575696384455
2024-10-10,-0.0021782587309656654,-0.019780115328916437,0.007992632403596822,-0.01841065869917513,0.0013593529635584911,0.004647253744137769,0.000691205662572747,-0.0038805646296536933,0.016283344824953305,-0.009458613360014523,-0.002070122839989974,0.00018015873015873017,-0.002250281570148704,-0.0023584174611243954,-0.01996027405907517,0.007812473673438092,-0.018590817429333863,0.001179194233399761,0.004467095013979039,0.0005110469324140168,-0.004060723359812423,0.016103186094794573,-0.009638772090173253
2024-10-11,-0.006505308869998783,0.011971962707017836,0.011626110360002606,0.030009611934284086,0.007156802228136527,0.007074806887401586,0.0032890716595768144,0.0011542872145993144,-7.399619396264434e-05,-0.08782510719719294,0.006051847587953629,0.00017976190476190476,0.0058720856831917245,-0.0066850707747606875,0.011792200802255931,0.011446348455240701,0.02982985002952218,0.0069770403233746225,0.006895044982639681,0.0031093097548149096,0.0009745253098374096,-0.00025375809872454913,-0.08800486910195485
2024-10-15,0.011024613899036195,-0.011276720004319896,0.0007998782160802964,0.02255185238251256,0.003030990925098287,-0.012553333979636982,0.011296155882857262,-0.0009543080020756323,-0.046860369431920956,0.0018707960177877236,-0.007609466332438197,0.00017936507936507936,-0.007788831411803277,0.010845248819671116,-0.011456085083684975,0.0006205131367152171,0.022372487303147483,0.0028516258457332074,-0.012732699059002062,0.011116790803492182,-0.0011336730814407116,-0.047039734511286034,0.0016914309384226443
2024-10-16,-0.008851820211210892,0.014106622373778466,-0.004262363692000948,0.016737694065047437,-0.001813247657033279,0.005680105580855521,-0.0013402501554935498,-0.00625693622445378,0.031306901690387745,0.008015641700267029,0.004679145956573816,0.00017896825396825398,0.004500177702605562,-0.009030788465179147,0.013927654119810211,-0.004441331945969202,0.016558725811079183,-0.0019922159110015328,0.005501137326887267,-0.0015192184094618038,-0.006435904478422034,0.03112793343641949,0.007836673446298775
2024-10-17,0.001596264239817513,0.00643736896239111,0.0034244710350397334,0.002646892693768388,-0.013502043597554136,0.010758558130135265,0.005688403490105021,0.0014420371753116612,0.008915487688009982,-0.001987992760882462,-0.00017116047891174713,0.00018015873015873017,-0.0003513192090704773,0.001416105509658783,0.00625721023223238,0.0032443123048810033,0.002466733963609658,-0.013682202327712866,0.010578399399976535,0.005508244759946291,0.0012618784451529311,0.008735328957851252,-0.002168151491041192
2024-10-18,0.012276470893893832,0.0031612458629242113,0.007785456851548744,-0.001995992295839133,0.003007453985407027,-0.007982977168227934,0.0059103964958417965,0.003455474216245369,0.007814338372907681,-0.0008601676940163117,0.00397155273894878,0.00017976190476190476,0.0037917908341868756,0.012096708989131927,0.0029814839581623065,0.0076056949467868395,-0.0021757542006010377,0.0028276920806451222,-0.008162739072989839,0.005730634591079892,0.003275712311483464,0.007634576468145776,-0.0010399295987782164
2024-10-21,0.00629796188682219,0.005423272332096607,0.00042331249658356107,0.031096821446572553,0.003977730576077088,-0.021995781220151556,-0.005275604949020352,0.0014826699237959762,0.041376678577173864,-0.008382378207102748,-0.0018227694906369774,0.00017896825396825398,-0.002001737744605231,0.006118993632853936,0.005244304078128353,0.0002443442426153071,0.0309178531926043,0.0037987623221088338,-0.02217474947411981,-0.005454573202988606,0.0013037016698277221,0.041197710323205614,-0.008561346461071002
2024-10-22,-0.002621705422826137,-0.011662701910068018,0.003332044214411578,0.0003754070569652601,0.006521555485668351,-0.006308121672325084,-0.0006352907953331988,0.020846122477168993,-0.0008350921832539493,-0.004021041161845984,-0.0004748538883844189,0.00017896825396825398,-0.0006538221423526729,-0.002800673676794391,-0.011841670164036273,0.0031530759604433242,0.00019643880299700613,0.006342587231700097,-0.006487089926293339,-0.0008142590493014528,0.02066715422320074,-0.0010140604372222033,-0.004200009415814238
2024-10-23,-0.021623069495771197,-0.027066880065397037,-0.026304640562205495,-0.017638273943547444,-0.014290954214085438,-0.010488615837574988,-0.05122497696688477,-0.006806715175842304,-0.02806588421621392,-0.019819274670942244,-0.009191323428069387,0.00017936507936507936,-0.009370688507434466,-0.021802434575136274,-0.027246245144762114,-0.026484005641570572,-0.017817639022912522,-0.014470319293450518,-0.010667980916940068,-0.05140434204624985,-0.006986080255207383,-0.028245249295579,-0.019998639750307322
2024-10-24,-0.0008233301410510707,0.006291705901873446,0.009041189476714617,-0.011842611990730889,-0.00036862014576588553,0.017294080599111084,0.010081571389181532,0.00030612714987143796,0.006090512007098647,0.21919035070290405,0.002145772011323821,0.00017857142857142857,0.0019672005827523925,-0.0010019015696224993,0.006113134473302017,0.008862618048143188,-0.012021183419302318,-0.0005471915743373141,0.017115509170539656,0.009902999960610103,0.0001275557213000094,0.005911940578527218,0.21901177927433263
2024-10-25,0.0036431081939669596,0.013785324527718856,0.007779788122410869,-0.0012242425589068517,0.015671047293698726,0.011242327782789552,-0.02974347284977641,0.008052263771797907,0.00804791395276494,0.03343823359841336,-0.00029944716993013376,0.00017936507936507936,-0.0004788122492952131,0.00346374311460188,0.013605959448353777,0.007600423043045789,-0.001403607638271931,0.015491682214333646,0.011062962703424472,-0.029922837929141487,0.007872898692432828,0.00786854887339986,0.03325886851904828
2024-10-28,0.008599473639207655,0.008916606716565578,0.002981406341556969,-0.0278691195311227,0.00877356340743951,0.014642050651807237,0.014285334255539794,-0.0036437182767533605,-0.007206460866511333,-0.024815158866218545,0.0026514435020339455,0.0001781746031746032,0.0024732688988593422,0.008421299036033052,0.008738432113390975,0.002803231738382366,-0.028047294134297303,0.008595388804264907,0.014463876048632633,0.01410715965236519,-0.0038218928799279637,-0.007384635469685936,-0.02499333346939315
2024-10-29,0.0011568170759594931,0.014729709957141068,0.012951868195294036,0.015196716763099527,0.017754331531915524,-0.00962068902467017,-0.006031340824668607,0.012564751289066978,0.005194962150803395,-0.01139012091242797,0.001614127248163344,0.0001781746031746032,0.0014359526449887407,0.0009786424727848899,0.014551535353966465,0.012773693592119433,0.015018542159924923,0.01757615692874092,-0.009798863627844774,-0.00620951542784321,0.012386576685892374,0.005016787547628792,-0.011568295515602574
2024-10-30,-0.015277916147601323,-0.00929016396165927,0.009956473710912794,0.008563195157404113,0.028170614798716853,-0.014031256244353862,-0.011796434943534329,0.0013428284627960974,-0.013522038329375485,-0.007590942139718337,-0.003300233889343751,0.00017738095238095238,-0.0034776148417247034,-0.015455297099982276,-0.009467544914040223,0.009779092758531841,0.00838581420502316,0.0279932338463359,-0.014208637196734816,-0.011973815895915282,0.001165447510415145,-0.013699419281756438,-0.00776832309209929
2024-10-31,-0.018209550353115667,-0.012527521713312728,-0.032843885079535395,-0.03227685491115162,-0.01920213907680879,-0.027914507069511152,0.0020237156130697986,-0.06052764433517388,-0.04722262787748355,-0.029897037679701866,-0.018614700871699585,0.0001761904761904762,-0.01879089134789006,-0.018385740829306142,-0.012703712189503204,-0.03302007555572587,-0.032453045387342096,-0.019378329552999264,-0.028090697545701628,0.0018475251368793224,-0.060703834811364356,-0.04739881835367402,-0.03007322815589234
2024-11-01,-0.013279626459296479,0.012389743385395446,0.06185621865256041,0.035362660676655944,0.0010520248987309078,0.021396189924263842,0.010612562512309465,0.009892963232344787,0.01988538570337206,-0.003482130697311736,0.004092509543626166,0.000175,0.003917509543626166,-0.013454626459296478,0.012214743385395447,0.06168121865256041,0.03518766067665594,0.0008770248987309077,0.02122118992426384,0.010437562512309465,0.009717963232344787,0.01971038570337206,-0.003657130697311736
2024-11-04,-0.0040374975867026874,0.0030044583258741486,-0.01086239567545566,0.00310505852706644,-0.011967921080669797,-0.007993156444110805,-0.007994331461905535,-0.00465436888143389,0.0048006582726805025,-0.024660613282231014,-0.002812083478299976,0.0001761904761904762,-0.002988273954490452,-0.004213688062893164,0.0028282678496836726,-0.011038586151646136,0.002928868050875964,-0.012144111556860272,-0.00816934692030128,-0.00817052193809601,-0.004830559357624367,0.004624467796490026,-0.02483680375842149
2024-11-05,0.006486197952366046,0.006940982252668704,0.0190009257528736,-0.026246257380443838,0.002954247568452084,0.018060511988853056,0.015263660255087741,0.007344718395667416,0.028371920781465887,0.03541429020427689,0.012265644545291332,0.00017579365079365078,0.012089850894497682,0.006310404301572396,0.006765188601875053,0.018825132102079947,-0.02642205103123749,0.0027784539176584334,0.017884718338059404,0.01508786660429409,0.007168924744873765,0.028196127130672235,0.03523849655348324
2024-11-06,-0.0032670604684373883,0.02242052077839074,0.03804509442551707,-0.025430439323778975,0.03988454271982733,0.007368980188115826,-0.011166335978265884,0.021192797705003263,0.040740414703532846,0.14751032444224466,0.025295927786425976,0.0001761904761904762,0.0251197373102355,-0.0034432509446278643,0.022244330302200264,0.03786890394932659,-0.02560662979996945,0.039708352243636856,0.007192789711925349,-0.01134252645445636,0.021016607228812788,0.04056422422734237,0.1473341339660542
2024-11-07,0.021372303824867434,0.045844803684546465,0.01429333510169939,0.025958086235174926,0.024021216852476712,0.011650069085003434,0.002244823112994343,0.012494669603979158,0.022457329707601836,0.02904379065700735,0.007431229727488331,0.00017579365079365078,0.007255436076694681,0.02119651017407378,0.045669010033752816,0.014117541450905739,0.025782292584381274,0.02384542320168306,0.011474275434209784,0.0020690294622006922,0.012318875953185508,0.022281536056808184,0.0288679970062137
2024-11-08,-0.0011882751173445394,-0.08658475218574369,-0.008902691496347037,0.004636355597104513,-0.01327787256156554,-0.01392614931988223,0.01462732028288194,-0.00679314036152201,-0.008396251524783405,0.08187665372925301,0.0037568333092317108,0.00017579365079365078,0.00358103965843806,-0.0013640687681381902,-0.08676054583653733,-0.009078485147140688,0.004460561946310863,-0.01345366621235919,-0.014101942970675881,0.014451526632088289,-0.00696893401231566,-0.008572045175577055,0.08170086007845936
2024-11-12,0.0,-0.030567664736625977,0.01000777103494599,-0.025443128182734198,0.007041833517934526,-0.0148659261317593,-0.009551077575720712,0.012009264079665849,0.020858971566470874,-0.06145717075892854,-0.00289265965137242,0.00017579365079365078,-0.003068453302166071,-0.00017579365079365078,-0.03074345838741963,0.009831977384152339,-0.02561892183352785,0.006866039867140876,-0.01504171978255295,-0.009726871226514363,0.011833470428872199,0.020683177915677222,-0.061632964409722185
2024-11-13,0.00396908329091028,-0.0033033217078617394,0.024843245179395845,-0.0358200524476866,-0.015086571937409032,-0.008083969766872645,-0.004353026315408459,0.0051296774937223955,-0.01362180900867438,0.005327407385385952,0.00023222772482434095,0.0001746031746031746,5.762455022116636e-05,0.0037944801163071057,-0.003477924882464914,0.02466864200479267,-0.035994655622289776,-0.015261175112012207,-0.00825857294147582,-0.004527629490011634,0.004955074319119221,-0.013796412183277554,0.005152804210782777
2024-11-14,0.013770510874832054,0.01355832424100556,-0.012237320417028852,-0.013074243159926557,-0.018448060754559736,-0.008693199128107287,0.004069340598551019,0.003974620520231342,0.0033497909793187564,-0.05771559508909463,-0.006049734794859041,0.000175,-0.0062247347948590406,0.013595510874832054,0.01338332424100556,-0.012412320417028852,-0.013249243159926557,-0.018623060754559738,-0.008868199128107287,0.003894340598551019,0.0037996205202313425,0.0031747909793187565,-0.05789059508909463
2024-11-15,-0.0141091563343414,-0.015309137901081904,-0.04194247823144048,0.014840039531022642,-0.017598716395433422,0.006302933903228558,-0.019862110461624893,-0.02785271293342173,-0.032570108408568,0.030657525449785616,-0.013203489851361216,0.000175,-0.013378489851361216,-0.0142841563343414,-0.015484137901081904,-0.042117478231440485,0.014665039531022642,-0.017773716395433424,0.006127933903228558,-0.020037110461624895,-0.028027712933421732,-0.032745108408568,0.030482525449785615
2024-11-18,0.013422237019465877,-0.002339604215801927,-0.004491405455644193,0.02625003646261681,0.016290707951081673,0.019335386082262263,-0.005228435781140628,0.0018315200271661336,-0.012889147512365473,0.056186046847983784,0.003917814394541086,0.000175396825396825,0.003742417569144261,0.013246840194069052,-0.002515001041198752,-0.004666802281041018,0.026074639637219985,0.016115311125684848,0.019159989256865437,-0.005403832606537453,0.0016561232017693085,-0.013064544337762298,0.05601065002258696
2024-11-19,0.0011401431774480386,-0.005673651457359208,0.014427385751801136,0.01202482133205729,0.016086638295634392,-0.014961358545615422,-0.0012709802525981972,0.004882580660554581,0.04894779532089055,0.021432396454288627,0.003963584828470035,0.000175,0.003788584828470035,0.0009651431774480386,-0.005848651457359208,0.014252385751801136,0.01184982133205729,0.01591163829563439,-0.015136358545615422,-0.0014459802525981973,0.004707580660554581,0.04877279532089055,0.021257396454288625
2024-11-20,0.0031540242558103504,0.028986590747304586,-0.008455088814713463,0.0032966738146824603,-0.012014366618264938,-0.005153050930904235,0.0006192206986308513,-0.005505354062002588,-0.007618539347709619,-0.011473991967350106,2.195086225209586e-05,0.000175396825396825,-0.00015344596314472914,0.0029786274304135253,0.02881119392190776,-0.008630485640110288,0.0031212769892856353,-0.012189763443661763,-0.00532844775630106,0.0004438238732340263,-0.005680750887399413,-0.007793936173106444,-0.01164938879274693
2024-11-21,-0.0020960270321040975,-0.01471353414539045,-0.022180598835253806,-0.01827764331515569,-0.047448427226544077,0.03353320193272413,-0.008387560529354965,-0.004316779609890187,0.005346463548383973,-0.006987644766217049,0.0053404615405816536,0.00017579365079365078,0.005164667889788003,-0.0022718206828977482,-0.0148893277961841,-0.02235639248604746,-0.01845343696594934,-0.047624220877337725,0.033357408281930484,-0.008563354180148615,-0.004492573260683837,0.0051706698975903225,-0.0071634384170107
2024-11-22,0.005907567512198675,0.030616854264130966,-0.006351495788949668,0.041001251473902656,-0.017121061636536927,0.0058032754231018835,0.006274477056583461,0.010003380244371307,-0.03218117501976492,0.038040225983177356,0.003467959094991535,0.00017579365079365078,0.0032921654441978843,0.0057317738614050245,0.030441060613337314,-0.0065272894397433185,0.04082545782310901,-0.01729685528733058,0.005627481772308233,0.00609868340578981,0.009827586593577657,-0.03235696867055857,0.03786443233238371
2024-11-25,0.013050821721500183,0.026139481823330923,0.021966324768223133,0.02552088544930431,0.0175404465671829,0.030684508055037307,0.020359581172816776,0.004292480735881732,-0.041775113872260405,-0.03962446482142756,0.003020480305938378,0.000175396825396825,0.0028450834805415527,0.012875424896103358,0.0259640849979341,0.021790927942826308,0.025345488623907484,0.017365049741786074,0.030509111229640482,0.02018418434741995,0.004117083910484907,-0.04195051069765723,-0.039799861646824385
2024-11-26,0.009404336783352507,-0.008940570299571626,0.03181932866326287,-0.01528420315736323,0.00876843889928347,-0.005088992614495691,0.0004727259513244153,0.021967942627596937,0.006616610161598757,-0.001063189566898104,0.005722005647630368,0.0001746031746031746,0.005547402473027194,0.009229733608749333,-0.0091151734741748,0.031644725488659695,-0.015458806331966404,0.008593835724680296,-0.0052635957890988655,0.0002981227767212407,0.021793339452993762,0.006442006986995583,-0.0012377927415012785
2024-11-27,-0.0005530308384983362,-0.00995202554500707,-0.010199148999145757,0.010878213381561697,0.000650272093033033,-0.11355499215162268,-0.004218255766050394,-0.011682377936018562,-0.011539608614289376,-0.015788061864523528,-0.003801238017440034,0.0001746031746031746,-0.0039758411920432085,-0.0007276340131015108,-0.010126628719610245,-0.010373752173748932,0.010703610206958522,0.0004756689184298584,-0.11372959532622585,-0.004392858940653568,-0.011856981110621737,-0.01171421178889255,-0.015962665039126703
2024-11-29,0.010215862214021154,-0.015692784119912817,0.010450052683389277,0.01994756342960713,-0.0016543605065829636,0.022215545736226083,0.0031518540346586743,0.001111078604185023,0.021501469549702446,0.03685898787510977,0.005607785488815242,0.0001742063492063488,0.005433579139608894,0.010041655864814805,-0.015866990469119165,0.010275846334182928,0.01977335708040078,-0.0018285668557893125,0.022041339387019736,0.0029776476854523255,0.0009368722549786741,0.021327263200496098,0.036684781525903425
2024-12-02,0.00952252418936661,0.010138894104946061,0.01356490130596999,0.007076626527596774,0.015033971044735583,0.028789289152263864,-0.006117465510123377,0.01775855048964048,0.0027485287635482525,0.034563659025395044,0.0024484564662998753,0.0001738095238095238,0.0022746469424903513,0.009348714665557086,0.009965084581136537,0.013391091782160466,0.00690281700378725,0.01486016152092606,0.02861547962845434,-0.006291275033932901,0.017584740965830955,0.0025747192397387285,0.03438984950158552
2024-12-03,0.01277179885201063,-0.00021818879990054274,0.012956175029913197,-0.0098376986852039,-0.000874520704860049,0.009327886495910986,0.00704392586200786,0.0005103168494076105,0.011757937336102975,-0.01587830229999254,0.0004514491145146682,0.00017301587301587302,0.00027843324149879516,0.012598782978994756,-0.00039120467291641576,0.012783159156897324,-0.010010714558219773,-0.001047536577875922,0.009154870622895113,0.006870909988991987,0.00033730097639173744,0.011584921463087101,-0.016051318173008415
2024-12-04,0.0014836831903140002,0.011712502049435303,0.022113948494724367,0.0211612824470766,0.01768382959936199,-0.011687841739272065,0.002003585716729317,0.01442500791021728,0.03479232735797333,0.018524782309774723,0.006051417924264779,0.00017261904761904762,0.005878798876645732,0.0013110641426949527,0.011539883001816255,0.02194132944710532,0.020988663399457555,0.017511210551742942,-0.011860460786891113,0.0018309666691102694,0.014252388862598232,0.03461970831035428,0.018352163262155677
2024-12-05,0.00012326735525602928,-0.01977421338296781,0.010955259211262947,-0.010171851293709677,-0.009921284475218783,-0.005225672448338381,0.014842919556395717,0.011887850393256905,-0.00048205654408362,0.03229681165351517,-0.0018697756269248078,0.00017222222222222224,-0.00204199784914703,-4.895486696619296e-05,-0.019946435605190032,0.010783036989040724,-0.0103440735159319,-0.010093506697441006,-0.005397894670560603,0.014670697334173494,0.011715628171034682,-0.0006542787663058422,0.03212458943129295
2024-12-06,-0.0008227350597066474,0.004401341054065311,0.029381072944344444,-0.017489024862369473,0.011990398068933095,0.0008295559049973367,-0.0016361501136894496,0.0021462521318533767,-0.01806152923907589,0.053397958017247005,0.0024954538421815275,0.00017103174603174602,0.0023244220961497813,-0.0009937668057383934,0.004230309308033565,0.0292100411983127,-0.01766005660840122,0.01181936632290135,0.0006585241589655906,-0.0018071818597211956,0.0019752203858216305,-0.018232560985107636,0.05322692627121526
2024-12-09,0.016101227207422797,0.0025562818302389267,-0.004140432746599365,0.020203993752549998,0.004927899890544873,0.0069059297852192,0.00799372327966097,0.005523485046841525,-0.025484476901564634,0.0014644862094215227,-0.006144213927296471,0.0001706349206349206,-0.006314848847931392,0.015930592286787875,0.002385646909604006,-0.004311067667234286,0.020033358831915076,0.0047572649699099525,0.006735294864584279,0.007823088359026049,0.005352850126206604,-0.025655111822199556,0.0012938512887866022
2024-12-10,0.004133669430149034,0.007503451207391709,-0.004644181824783655,0.04495678247081436,0.055881834257615504,-0.04142649041475421,-0.002190038221069446,-0.006031200346209631,-0.026943241254343886,0.02873337295448497,-0.002963883313944371,0.00017023809523809523,-0.0031341214091824663,0.003963431334910939,0.007333213112153614,-0.00481441992002175,0.04478654437557626,0.055711596162377405,-0.04159672850999231,-0.002360276316307541,-0.006201438441447726,-0.02711347934958198,0.028563134859246875
2024-12-11,-0.005166099958035519,0.003904506682698594,0.02319588240507131,0.011334555400188462,0.05524659558754652,-0.002914788902882437,-0.015330454522881176,0.012766936810965746,0.0313910005223772,0.05930322291934931,0.008165786048233592,0.00016904761904761904,0.007996738429185973,-0.005335147577083138,0.003735459063650975,0.02302683478602369,0.011165507781140843,0.055077547968498904,-0.003083836521930056,-0.015499502141928795,0.012597889191918126,0.03122195290332958,0.05913417530030169
2024-12-12,0.005963741543847156,-0.009867438442258236,-0.0056023335225717785,0.010785690610503273,-0.017604806279343688,0.01244595137289628,0.00179016034446966,0.0012695091249759205,-0.014141202271245934,-0.015702575706076027,-0.005414022527810203,0.00016785714285714285,-0.005581879670667346,0.005795884400990013,-0.01003529558511538,-0.005770190665428922,0.01061783346764613,-0.01777266342220083,0.012278094230039137,0.0016223032016125173,0.0011016519821187777,-0.014309059414103077,-0.01587043284893317
2024-12-13,0.0006856656761848878,-0.04742856051912958,-0.006594726378065796,0.011326342154899471,-0.01114817958268588,-0.012292953866840373,-0.00010133306654680485,-0.005093895033555618,-0.022498773287350393,0.04336284290396253,-2.6466639124200775e-05,0.00016785714285714285,-0.00019432378198134363,0.000517808533327745,-0.047596417661986724,-0.006762583520922939,0.011158485012042328,-0.011316036725543023,-0.012460811009697516,-0.00026919020940394773,-0.005261752176412761,-0.022666630430207536,0.043194985761105385
2024-12-16,0.01172761463821681,0.00954562832478767,0.024048121869595374,0.020748625989392977,0.03603408817464149,-0.010419777146582154,0.003742617986080221,0.00965871440330357,-0.016759716056535257,0.06141250567967771,0.0037993543260221863,0.00016865079365079366,0.0036307035323713925,0.011558963844566016,0.009376977531136876,0.02387947107594458,0.020579975195742183,0.0358654373809907,-0.010588427940232948,0.0035739671924294274,0.009490063609652776,-0.01692836685018605,0.06124385488602692
2024-12-17,0.009719582728216603,0.00030263650412587495,-0.007641775792155969,-0.0008084506041967643,-0.006305340797149395,-0.010236999492887588,-0.005475237151182477,0.0063552559726189894,-0.012196986230147533,0.036369912179738284,-0.003863994965801476,0.00016904761904761904,-0.004033042584849095,0.009550535109168984,0.0001335888850782559,-0.007810823411203588,-0.0009774982232443833,-0.006474388416197014,-0.010406047111935207,-0.005644284770230096,0.00618620835357137,-0.012366033849195152,0.03620086456069067
2024-12-18,-0.021421773050449566,-0.03554147294617038,-0.04598741035997567,-0.0023695524764600906,-0.035922768169025066,-0.03989343996265504,-0.017562972251558007,-0.037561039335367474,-0.01135051805364784,-0.0827949436951747,-0.02949284635160343,0.00016865079365079366,-0.029661497145254224,-0.02159042384410036,-0.03571012373982117,-0.04615606115362646,-0.0025382032701108843,-0.036091418962675856,-0.04006209075630583,-0.0177316230452088,-0.037729690129018265,-0.011519168847298634,-0.0829635944888255
2024-12-19,0.007014710811017011,0.014191666731969699,0.012561168873593376,0.025605366087194437,0.0005838727455582671,-0.0009234543982069576,-0.0022344265004820008,-0.0008230446853284556,0.013730120235422305,-0.008997322180141931,-0.0008651123249070469,0.00016785714285714285,-0.0010329694677641897,0.006846853668159868,0.014023809589112556,0.012393311730736233,0.025437508944337293,0.0004160156027011242,-0.0010913115410641004,-0.0024022836433391435,-0.0009909018281855984,0.013562263092565162,-0.009165179322999074
2024-12-20,0.018815805325697266,0.03757248071919084,0.00729994595290151,0.0017510891840226694,0.015383848790703869,0.01478746143087184,0.008441638659159256,-0.0009838516098623629,0.030762433516055898,-0.034642491239586515,0.010869123768910471,0.00016785714285714285,0.010701266626053328,0.018647948182840123,0.037404623576333694,0.007132088810044367,0.0015832320411655267,0.015215991647846726,0.014619604288014697,0.008273781516302113,-0.0011517087527195056,0.030594576373198755,-0.03481034838244366
2024-12-23,0.003065026687250283,0.0023097946731696073,0.0006224408269079884,0.0019170923382556548,0.016822724120699295,0.008803855480888467,-0.004749252646010671,-0.0030922145749470165,0.03689696004921017,0.022657123925894362,0.007287273468533639,0.00016825396825396826,0.007119019500279671,0.0028967727189963145,0.002141540704915639,0.00045418685865402015,0.0017488383700016866,0.01665447015244533,0.008635601512634499,-0.0049175066142646395,-0.003260468543200985,0.0367287060809562,0.022488869957640396
2024-12-24,0.011477920349066917,0.003493913215696587,0.017728630305015924,0.009285800404153166,0.007604067394562319,0.006319545505707902,0.009269020435701103,0.009374010649832565,0.0039379824718595025,0.07357174228224572,0.01104275925539211,0.00016984126984126983,0.01087291798555084,0.011308079079225647,0.003324071945855317,0.017558789035174653,0.009115959134311897,0.00743422612472105,0.006149704235866632,0.009099179165859833,0.009204169379991295,0.0037681412020182325,0.07340190101240446
2024-12-26,0.0031756935333713265,0.0024446389927097467,-0.00873171784917226,0.005799088692755472,-0.0026005553141981164,-0.0002988671259399611,0.0027552550649838636,-0.0027769528825727363,-0.002068299601767465,-0.017629994630971146,-0.00040565878647391695,0.00016825396825396826,-0.0005739127547278852,0.003007439565117358,0.0022763850244557782,-0.008899971817426229,0.005630834724501503,-0.002768809282452085,-0.0004671210941939294,0.002587001096729895,-0.002945206850826705,-0.0022365535700214333,-0.017798248599225113
2024-12-27,-0.013242108298724964,-0.01429953231340464,-0.014534256804240364,0.001884889281999369,-0.014519411147624228,-0.004486946196436414,-0.004002660951891945,-0.017301645509649966,-0.020867884183128016,-0.04947922616674816,-0.011055736101235558,0.00016626984126984128,-0.0112220059425054,-0.013408378139994806,-0.014465802154674481,-0.014700526645510206,0.0017186194407295277,-0.01468568098889407,-0.004653216037706256,-0.004168930793161787,-0.017467915350919808,-0.021034154024397858,-0.049645496008018
2024-12-30,-0.013263347549496096,-0.01180790203624793,-0.010949707031249978,-0.023074358902049452,-0.007885416418670355,-0.01953131701824995,-0.01369126183417213,-0.01323949516003653,0.0035035888979433327,-0.03301209257078741,-0.010701995701766776,0.00016785714285714285,-0.010869852844623919,-0.01343120469235324,-0.011975759179105074,-0.011117564174107121,-0.023242216044906595,-0.008053273561527498,-0.019699174161107093,-0.013859118977029274,-0.013407352302893673,0.00333573175508619,-0.03317994971364455
2024-12-31,-0.0070577919639458475,-0.003034624868318958,-0.008630834323407832,0.002548835686569051,-0.010144322933579253,0.0,0.001001425833356162,-0.007838317746732382,-0.023274486814417794,-0.03251001941775111,-0.004284800394927402,0.00016785714285714285,-0.004452657537784545,-0.007225649106802991,-0.003202482011176101,-0.008798691466264975,0.002380978543711908,-0.010312180076436396,-0.00016785714285714285,0.0008335686904990192,-0.008006174889589525,-0.023442343957274937,-0.032677876560608256
2025-01-02,-0.026236021389423936,0.0005326235711069494,0.003783225458606987,-0.028983078433968967,0.000686662165133578,-0.00490349388679967,0.009037976129541159,-0.006927630435949017,0.029935125580407673,-0.06081615932376483,-0.0022238866412221947,0.00016746031746031704,-0.0023913469586825118,-0.026403481706884252,0.0003651632536466323,0.00361576514114667,-0.029150538751429284,0.000519201847673261,-0.005070954204259987,0.008870515812080842,-0.007095090753409334,0.029767665262947357,-0.060983619641225145
2025-01-03,-0.0020094145809717023,0.032172278093876905,0.018027432561515733,-0.011462159054347443,0.012458389189149655,0.02063426742950991,0.007760365487197829,0.011395623099189622,0.0445378423606535,0.08215567328200035,0.01259602672149196,0.0001666666666666667,0.012429360054825292,-0.002176081247638369,0.032005611427210236,0.017860765894849067,-0.01162882572101411,0.012291722522482987,0.020467600762843246,0.007593698820531162,0.011228956432522955,0.04437117569398683,0.08198900661533369
2025-01-06,0.006738944345732412,-0.003758085184538462,0.015254909370185699,0.005179546288557546,0.026487284894845198,0.022027849056123427,-0.00882032095831875,0.010629397857458533,0.03433227791132332,0.0014861742226248698,0.005538045085450305,0.00016706349206349207,0.005370981593386813,0.00657188085366892,-0.003925148676601954,0.015087845878122206,0.005012482796494054,0.026320221402781705,0.021860785564059935,-0.008987384450382243,0.01046233436539504,0.03416521441925983,0.0013191107305613777
2025-01-07,-0.011387687243132882,-0.028920146082593634,-0.02416414035082548,0.010129966857388206,-0.007009627586394007,-0.005904815654312334,-0.009719970135320666,-0.01280823128254116,-0.062169580578878336,-0.040603340073111616,-0.01110391288210788,0.00016706349206349207,-0.011270976374171373,-0.011554750735196375,-0.029087209574657127,-0.024331203842888973,0.009962903365324714,-0.007176691078457499,-0.006071879146375826,-0.009887033627384158,-0.012975294774604653,-0.062336644070941825,-0.040770403565175105
2025-01-08,0.0020230836625239057,-0.003732121710960268,9.006470850447812e-05,-0.004347574192116066,-0.007877598871183333,-0.0065341550564634865,-0.008432720368056534,0.0051850763441476655,-0.00021396753894098453,0.0014707807875760093,0.001560360190925314,0.00016706349206349207,0.001393296698861822,0.0018560201704604137,-0.00389918520302376,-7.699878355901395e-05,-0.004514637684179558,-0.008044662363246826,-0.006701218548526978,-0.008599783860120027,0.005018012852084174,-0.0003810310310044766,0.0013037172955125173
2025-01-10,-0.024103867312207927,-0.008944939920852657,-0.014360970473526025,0.0013973305824395155,-0.009847948884742053,-0.007473835453164934,-0.015998798700012307,-0.013213538743512276,-0.02997649784217782,-0.0005064369418009695,-0.01541164380306681,0.00016746031746031704,-0.015579104120527126,-0.024271327629668243,-0.009112400238312973,-0.01452843079098634,0.0012298702649791984,-0.010015409202202369,-0.007641295770625251,-0.016166259017472623,-0.013380999060972593,-0.030143958159638135,-0.0006738972592612866
2025-01-13,-0.010344139066364888,-0.0060171160218809305,-0.0021923619356289947,-0.008313910905704991,-0.005363529819464308,-0.017469757972807587,0.004675682144296811,-0.00420116623328981,-0.019718984296538844,0.021710512074366584,0.0015754440882007614,0.00016785714285714285,0.0014075869453436187,-0.010511996209222031,-0.006184973164738074,-0.0023602190784861375,-0.008481768048562134,-0.005531386962321451,-0.01763761511566473,0.004507825001439668,-0.0043690233761469535,-0.019886841439395987,0.02154265493150944
2025-01-14,-0.004778124815995266,-0.009701261701068886,-0.003204303696411004,-0.020812586617352857,-0.007067665076709084,0.0015327244081224656,-0.007227696173388365,-0.0036432805023424164,-0.011033467511119777,-0.017232432245921525,0.0011462798112440442,0.00016746031746031704,0.0009788194937837271,-0.004945585133455583,-0.009868722018529202,-0.003371764013871321,-0.020980046934813174,-0.007235125394169401,0.0013652640906621485,-0.007395156490848682,-0.0038107408198027335,-0.011200927828580093,-0.01739989256338184
2025-01-15,0.01967592630720172,0.03855803963303095,0.02567051679689558,-0.004909635392423173,0.031055520622673694,0.0036731496477779846,0.0025570045097000893,0.0255971852890986,0.0340012416823019,0.08038151439752794,0.018312792279639112,0.00016706349206349207,0.01814572878757562,0.019508862815138226,0.03839097614096746,0.02550345330483209,-0.005076698884486665,0.0308884571306102,0.0035060861557144924,0.002389941017636597,0.025430121797035108,0.03383417819023841,0.08021445090546445
2025-01-16,-0.04040031960231405,-0.002716575601758975,-0.012043887924316987,0.01642596737465185,-0.013500346603474322,-0.013418652259760355,-0.009068471420198954,-0.004058096846268233,-0.01959778088327857,-0.03362756026209668,-0.0021126894641922966,0.00016706349206349207,-0.002279752956255789,-0.04056738309437754,-0.002883639093822467,-0.01221095141638048,0.016258903882588358,-0.013667410095537815,-0.013585715751823848,-0.009235534912262446,-0.004225160338331725,-0.019764844375342063,-0.03379462375416017
2025-01-17,0.007535281526696025,0.022397029154492598,0.023928209424767477,0.012786383447342953,0.016017864583345753,0.0049458071526578,0.004325371273365297,0.010480925214517933,0.03099502681305988,0.030641323404759113,0.009991058969353706,0.0001666666666666667,0.009824392302687038,0.007368614860029358,0.022230362487825932,0.02376154275810081,0.012619716780676285,0.015851197916679088,0.004779140485991133,0.004158704606698631,0.010314258547851266,0.030828360146393213,0.030474656738092448
2025-01-21,-0.03191578586628063,-0.015171609436418598,0.021111818274402117,0.02612660772915798,0.010459194380875836,0.013534351123664745,0.00590873807556358,-0.0012353317425670696,0.02265617292892963,-0.0056975209279747085,0.008768227105582893,0.00016746031746031704,0.008600766788122577,-0.03208324618374095,-0.015339069753878914,0.0209443579569418,0.025959147411697664,0.01029173406341552,0.013366890806204429,0.005741277758103263,-0.0014027920600273866,0.022488712611469314,-0.005864981245435026
2025-01-22,0.005345023485395561,-0.004283514637749675,0.018638063663626525,-0.004328973099821831,0.001615664505963288,0.005462872495262561,-0.0044584490262417065,0.041306896646082114,0.04430891968492312,-0.02112863871036752,0.006137941522227575,0.00016746031746031704,0.0059704812047672575,0.005177563167935244,-0.004450974955209992,0.01847060334616621,-0.004496433417282148,0.0014482041885029709,0.005295412177802244,-0.0046259093437020235,0.0411394363286218,0.044141459367462804,-0.021296099027827836
2025-01-23,-0.0007596524893708212,0.005584947118219441,0.0017446222360446573,0.021167030226805217,-0.0019659535439505715,0.007545960767622928,0.01094722608366272,0.0011429351161753587,0.0010199464281070991,-0.006576523247056931,0.00531348622041139,0.00016746031746031704,0.005146025902951073,-0.0009271128068311383,0.005417486800759124,0.0015771619185843402,0.0209995699093449,-0.0021334138614108886,0.007378500450162611,0.010779765766202404,0.0009754747987150416,0.0008524861106467821,-0.006743983564517248
2025-01-24,-0.003934463404955069,-0.04615737692677424,-0.002421170970448583,-0.013669481464460786,0.011263802117169819,-0.01947274475774441,0.003621203345115509,-0.005932266777477713,-0.031245898521831128,-0.014064741844588391,-0.002855132319398823,0.00016706349206349207,-0.0030221958114623154,-0.00410152689701856,-0.04632444041883773,-0.002588234462512075,-0.01383654495652428,0.011096738625106326,-0.0196398082498079,0.0034541398530520168,-0.0060993302695412045,-0.03141296201389462,-0.014231805336651884
2025-01-27,0.03178023749009995,0.01471406428405908,0.0024270472668350695,-0.005111859076249559,-0.041956085220011374,0.018331763390742273,0.026728795596838495,-0.02139348154687859,-0.16968167121379163,-0.023193450212053546,-0.014580715690809543,0.0001666666666666667,-0.01474738235747621,0.03161357082343328,0.014547397617392413,0.002260380600168403,-0.005278525742916225,-0.04212275188667804,0.018165096724075607,0.02656212893017183,-0.021560148213545256,-0.1698483378804583,-0.02336011687872021
2025-01-28,0.036543971704993794,0.016206546441392966,0.011596277923594078,0.014957724722600263,0.018195168178496424,-0.01770165766020082,-0.006619055156656395,0.029086926670101043,0.0892586535974631,0.0023668700890153715,0.009217869449967608,0.0001666666666666667,0.009051202783300941,0.036377305038327125,0.0160398797747263,0.011429611256927411,0.014791058055933596,0.018028501511829758,-0.017868324326867486,-0.006785721823323061,0.028920260003434377,0.08909198693079644,0.002200203422348705
2025-01-29,0.004616791471198756,0.011674923644928059,-0.004534900692607535,-0.023174683009769992,0.0005632443123877451,-0.0039708055246781004,-0.00357229138147519,-0.010890124753378472,-0.04101092718593535,-0.02258280870425211,-0.004678895760321544,0.0001666666666666667,-0.004845562426988211,0.004450124804532089,0.011508256978261392,-0.004701567359274202,-0.023341349676436658,0.0003965776457210784,-0.004137472191344767,-0.0037389580481418565,-0.01105679142004514,-0.04117759385260202,-0.022749475370918777
2025-01-30,-0.007394784969870338,-0.005958730834297099,-0.010250170242948609,0.033801652616619604,0.027941283082971946,0.0058264944998993595,0.0007241758274323384,-0.06180896642639966,0.007679824538892488,0.028732954254456988,0.005275414405311762,0.00016626984126984128,0.005109144564041921,-0.0075610548111401795,-0.00612500067556694,-0.01041644008421845,0.03363538277534976,0.027775013241702104,0.005660224658629518,0.0005579059861624972,-0.0619752362676695,0.007513554697622647,0.028566684413187146
2025-01-31,-0.006692040386288123,-0.0047044172454080435,0.012955989149507907,-0.016765969627929644,0.015681874828938458,-0.009146446454464718,-0.0055800593245295405,0.00016870792319667594,-0.0367428458584278,0.010792463618949588,-0.005046825754019935,0.0001666666666666667,-0.005213492420686601,-0.006858707052954789,-0.00487108391207471,0.01278932248284124,-0.01693263629459631,0.01551520816227179,-0.009313113121131386,-0.005746725991196207,2.041256530009247e-06,-0.036909512525094466,0.01062579695228292
2025-02-03,-0.033856059873403344,-0.0105969307696272,-0.0010938846972727845,-0.003682354064925897,-0.013675239909131554,-0.015384539000112829,0.004675977150843558,-0.009974524406644258,-0.02840008862963117,-0.05170542044525328,-0.007608597684666707,0.00016746031746031704,-0.007776058002127024,-0.03402352019086366,-0.010764391087087516,-0.0012613450147331015,-0.003849814382386214,-0.01384270022659187,-0.015551999317573145,0.004508516833383241,-0.010141984724104575,-0.028567548947091487,-0.0518728807627136
2025-02-04,0.021007868918275108,0.007397185412983065,0.019543422733693472,0.0020469700366552157,0.025592606188901135,0.0003123807642235743,-0.0009654014353018825,0.003528718220530358,0.017058037929598147,0.02223206563315605,0.007224881828679752,0.00016746031746031704,0.007057421511219435,0.02084040860081479,0.007229725095522748,0.019375962416233156,0.0018795097191948986,0.02542514587144082,0.00014492044676325726,-0.0011328617527621996,0.003361257903070041,0.01689057761213783,0.022064605315695734
2025-02-05,-0.0014173895723199603,-0.008719591110221026,-0.024332807771026532,0.03183340376983801,-0.07292361865237074,0.017494581252899488,-0.0032438241522048106,0.002230995221032206,0.05208590675194569,-0.035797094243459227,0.003908672930614365,0.00016746031746031704,0.003741212613154048,-0.0015848498897802774,-0.008887051427681342,-0.02450026808848685,0.03166594345237769,-0.07309107896983105,0.017327120935439172,-0.0034112844696651276,0.002063534903571889,0.05191844643448537,-0.03596455456091954
2025-02-06,0.0032261647468263543,0.022916675006410703,0.011263088803542765,0.016278083884069927,0.0014110563605911342,0.0009210592339983226,0.019146276258564576,0.006121673214427137,0.03084198007531813,-0.010180622383618165,0.003644298722618622,0.00016746031746031704,0.003476838405158305,0.0030587044293660373,0.022749214688950387,0.011095628486082448,0.01611062356660961,0.001243596043130817,0.0007535989165380055,0.01897881594110426,0.00595421289696682,0.030674519757857815,-0.010348082701078481
2025-02-07,-0.023968730581743758,0.018178986725303048,-0.04053095448794497,-0.017911241904399078,-0.03267219548989253,-0.010122582144010184,-0.00020390451730201153,-0.014597772233028494,0.009014545395749307,-0.03392822173149601,-0.009464770111542897,0.00016825396825396826,-0.009633024079796866,-0.024136984549997725,0.01801073275704908,-0.04069920845619894,-0.018079495872653045,-0.0328404494581465,-0.010290836112264152,-0.0003721584855559798,-0.014766026201282463,0.008846291427495339,-0.03409647569974998
2025-02-10,0.0011872673142754309,0.0019262837002147482,0.017412199866636113,-0.005179362019699152,0.006096939381811106,0.017043665365371385,0.04797840183722468,0.006028083539370899,0.02872779532289771,-0.030114441341470455,0.006712541085862833,0.00016785714285714285,0.00654468394300569,0.001019410171418288,0.0017584265573576054,0.01724434272377897,-0.005347219162556295,0.005929082238953963,0.016875808222514242,0.04781054469436754,0.0058602263965137555,0.028559938180040566,-0.030282298484327598
2025-02-11,0.02183184387173931,-0.005323877487860007,-0.0016299428832774465,-0.0006092528855844437,-0.006167241917589439,0.010055042406473147,0.005803583181440253,-0.001892198994609795,-0.005764750619071335,-0.06338211812502892,0.00033958278885926063,0.00016785714285714285,0.00017172564600211778,0.021663986728882166,-0.00549173463071715,-0.0017978000261345893,-0.0007771100284415866,-0.006335099060446582,0.009887185263616004,0.0056357260385831096,-0.002060056137466938,-0.005932607761928478,-0.06354997526788606
2025-02-12,0.01827011978585502,0.04460303158961709,-0.01645472556041938,0.032199054976628005,-0.009227229088249134,-0.0033184190134457614,-0.008413619824232499,-0.0058330841911942155,-0.012499987039900629,0.0243835913717656,-0.0027238667143857365,0.00016785714285714285,-0.0028917238572428792,0.018102262642997878,0.04443517444675995,-0.016622582703276524,0.03203119783377086,-0.009395086231106277,-0.003486276156302904,-0.008581476967089642,-0.006000941334051359,-0.012667844182757772,0.024215734228908457
2025-02-13,0.01967325127195485,0.0037004625523895385,0.006290143220533118,-0.004348980180369111,0.013779155672911658,0.00786925219938972,0.0078674322857053,0.0036671624792361524,0.03164553639455425,0.05773971683431944,0.010426292122230674,0.00016746031746031704,0.010258831804770357,0.019505790954494534,0.0035330022349292214,0.0061226829030728005,-0.004516440497829428,0.013611695355451342,0.007701791881929403,0.007699971968244983,0.0034997021617758353,0.031478076077093936,0.05757225651685913
2025-02-14,0.012710726986052912,0.14449805624612355,-0.007336035409240549,-0.005500454373555286,-0.004888894752421935,0.010210103908241619,-0.004741723603742809,-0.0051396851470913996,0.02631397423209214,-0.0002809633725618932,-7.194380749464546e-05,0.00016746031746031704,-0.0002394041249549625,0.012543266668592595,0.14433059592866324,-0.007503495726700866,-0.005667914691015603,-0.005056355069882252,0.010042643590781303,-0.004909183921203126,-0.005307145464551717,0.026146513914631825,-0.00044842369002221025
2025-02-18,-0.000531567942781197,-0.005079866650546383,-0.008877028355405603,0.0029823395359431792,-0.007882072841642218,0.016646894471950224,-0.012056346609542135,0.002962654135732379,0.0039610182913103475,-0.004861766535893763,0.0024449877750611915,0.00016785714285714285,0.0022771306322040487,-0.0006994250856383399,-0.005247723793403526,-0.009044885498262746,0.0028144823930860365,-0.008049929984499361,0.01647903732909308,-0.012224203752399278,0.002794796992875236,0.0037931611484532048,-0.005029623678750907
2025-02-19,0.001636183378388889,-0.016313887150712914,-8.81933122002243e-05,0.0063793732388708335,0.00816234488892964,0.014035116796791147,-0.009480601228119223,0.012523046211448952,-0.0012197237919340242,0.018214714280444966,0.0023769693899173827,0.00016746031746031704,0.0022095090724570656,0.001468723060928572,-0.01648134746817323,-0.00025565362966054137,0.0062119129214105165,0.007994884571469324,0.013867656479330831,-0.00964806154557954,0.012355585893988635,-0.0013871841093943413,0.01804725396298465
2025-02-20,0.003920450651821339,-0.016900862394946148,-0.016546793977871843,-0.028310444192667927,-0.003832240977449497,0.0011535589961495507,0.003676110407540012,0.0052906765419995505,0.006320663547155547,-0.01708454543992588,-0.0043341850761716705,0.00016706349206349207,-0.004501248568235162,0.0037533871597578467,-0.01706792588700964,-0.016713857469935336,-0.02847750768473142,-0.003999304469512989,0.0009864955040860587,0.0035090469154765197,0.005123613049936059,0.0061536000550920554,-0.017251608931989373
2025-02-21,-0.0011389421346573725,-0.059493853451958456,-0.028266344731418536,-0.020621466638862107,-0.02654958366688176,-0.002592308576896629,0.005807656599949862,-0.019032489106129424,-0.04053969357658638,-0.046839747148427646,-0.01706412670256352,0.00016706349206349207,-0.017231190194627013,-0.0013060056267208645,-0.059660916944021945,-0.02843340822348203,-0.0207885301309256,-0.026716647158945252,-0.0027593720689601214,0.00564059310788637,-0.019199552598192917,-0.04070675706864987,-0.047006810640491135
2025-02-24,0.006312371084388646,-0.008557540475954695,-0.017868663239768212,0.015580072597901395,-0.002282090785745594,0.001154985575225309,0.00905480266298686,-0.010313347939365003,-0.030870943582435584,-0.021521578674915554,-0.00496910650440241,0.00016626984126984128,-0.005135376345672251,0.006146101243118805,-0.008723810317224537,-0.018034933081038054,0.015413802756631553,-0.0024483606270154354,0.0009887157339554678,0.008888532821717018,-0.010479617780634845,-0.031037213423705426,-0.021687848516185396
2025-02-25,-0.00024293334244607223,-0.022579782537506365,0.000423094048469963,-0.009115665367494197,-0.021366870395120863,-0.01644066088439866,0.010241538051734,-0.015098968112987832,-0.028016671189648235,-0.0838955952220366,-0.004679730915472358,0.00016626984126984128,-0.004846000756742199,-0.0004092031837159135,-0.022746052378776208,0.00025682420720012176,-0.009281935208764039,-0.021533140236390705,-0.016606930725668503,0.010075268210464158,-0.015265237954257674,-0.028182941030918077,-0.08406186506330644
2025-02-26,-0.027040141594328326,0.01752028028309005,0.007283848822975836,-0.029337582661044803,-0.01533461274159742,-0.007917840296263856,-0.020758294771351937,0.00459924898565256,0.03672123815516759,-0.039630120487999076,0.00013602428004699796,0.0001666666666666667,-3.064238661966873e-05,-0.027206808260994992,0.017353613616423385,0.007117182156309169,-0.02950424932771147,-0.015501279408264087,-0.008084506962930523,-0.020924961438018603,0.004432582318985893,0.03655457148850092,-0.039796787154665746
2025-02-27,-0.012730826186310273,-0.031798943760825926,-0.02617215045770649,0.004565467958702163,-0.024488938534539595,-0.020691625507800016,0.01866760850796645,-0.018012223498855895,-0.08478063621894272,-0.030433204805490277,-0.015864553655509872,0.0001666666666666667,-0.016031220322176538,-0.01289749285297694,-0.031965610427492595,-0.026338817124373155,0.004398801292035496,-0.02465560520120626,-0.02085829217446668,0.018500941841299783,-0.01817889016552256,-0.08494730288560938,-0.030599871472156943
2025-02-28,0.019131798711788273,-0.0041592100663147,0.016958863624484843,0.004602215056842329,0.0105636705448644,-0.06821618470428847,-0.0052265569003423495,0.01136206498105663,0.03970035474087119,0.03912040539724382,0.01585414463498891,0.0001666666666666667,0.015687477968322244,0.018965132045121607,-0.004325876732981367,0.016792196957818178,0.004435548390175663,0.010397003878197733,-0.06838285137095514,-0.005393223567009016,0.011195398314389962,0.03953368807420452,0.03895373873057715
2025-03-03,-0.015754171317828636,0.015194071322397695,-0.03420008737791658,-0.026169656968660693,-0.019203553375307214,-0.02688693893705707,-0.00740463668371083,-0.021411022093496213,-0.08693566760230031,-0.02843203214376444,-0.0175967394669998,0.00016706349206349207,-0.017763802959063293,-0.01592123480989213,0.015027007830334203,-0.034367150869980066,-0.026336720460724185,-0.019370616867370707,-0.027054002429120563,-0.007571700175774322,-0.021578085585559705,-0.08710273109436381,-0.028599095635827933
2025-03-04,-0.008822400114137041,0.0031210274843291863,-0.005950644792113935,-0.06562391992428573,0.023411720398900826,-0.024966687599757065,0.004863520537153221,0.0003088456951749752,0.01692096058424175,-0.04429996705409467,-0.012234826602200433,0.0001666666666666667,-0.0124014932688671,-0.008989066780803709,0.0029543608176625198,-0.0061173114587806015,-0.0657905865909524,0.02324505373223416,-0.02513335426642373,0.004696853870486554,0.0001421790285083085,0.016754293917575085,-0.04446663372076134
2025-03-05,-0.0008052767851814968,0.008202543325757983,0.022374865016246748,0.026809376521437667,0.012286490759920943,0.007852479222303588,0.005494444054451986,0.031934208051805246,0.011294035467766195,0.025952056083059283,0.011159277893187936,0.00016706349206349207,0.010992214401124443,-0.0009723402772449888,0.00803547983369449,0.022207801524183255,0.026642313029374174,0.01211942726785745,0.007685415730240096,0.005327380562388494,0.03176714455974176,0.011126971975702702,0.02578499259099579
2025-03-06,-0.0017392366739927834,-0.054776248129439264,-0.03676331176651404,-0.02899001520080602,-0.0038725702183338706,0.015243902225367423,0.00949752810340132,-0.010298616770114788,-0.05737421727957681,-0.056073068986891905,-0.017819007085749905,0.0001666666666666667,-0.01798567375241657,-0.0019059033406594501,-0.054942914796105934,-0.03692997843318071,-0.029156681867472684,-0.004039236885000537,0.015077235558700755,0.009330861436734653,-0.010465283436781455,-0.05754088394624348,-0.056239735653558574
2025-03-07,0.015892623751117885,-0.0028196547508023695,-0.007224698407026442,-0.026825728690762496,0.008761427775036967,0.019019078580071014,0.03518390126568782,-0.009020185474349907,0.01917350335984236,-0.0029607088371812473,0.00552061780274804,0.0001666666666666667,0.005353951136081374,0.01572595708445122,-0.002986321417469036,-0.0073913650736931085,-0.02699239535742916,0.0085947611083703,0.018852411913404348,0.03501723459902115,-0.009186852141016574,0.019006836693175693,-0.003127375503847914
2025-03-10,-0.048479528494668966,-0.016667947788803983,-0.02363867861413893,-0.039110124956206915,-0.04485776515492601,-0.018336790050399232,-0.012574330947569545,-0.0334340703962015,-0.05067012652869651,-0.1542620682219511,-0.0269730913054258,0.00016626984126984128,-0.027139361146695642,-0.04864579833593881,-0.016834217630073825,-0.023804948455408773,-0.03927639479747676,-0.04502403499619585,-0.018503059891669074,-0.012740600788839387,-0.03360034023747134,-0.050836396369966355,-0.15442833806322093
2025-03-11,-0.029189388886841305,-0.050775571433883004,0.010537694677220655,0.039892027712392863,-0.011032792447469464,-0.04536345359023508,-0.03306542382681188,0.000762799242561174,0.016638563794758587,0.037947369642955975,-0.007567865323653167,0.0001666666666666667,-0.007734531990319833,-0.02935605555350797,-0.050942238100549674,0.010371028010553987,0.039725361045726194,-0.011199459114136131,-0.04553012025690175,-0.03323209049347855,0.0005961325758945073,0.01647189712809192,0.037780702976289306
2025-03-12,-0.017478820076756274,0.008848856734278598,0.011699491808345286,0.03076726968894894,0.01871505174155308,0.004906225850616508,-0.02399289958537909,0.007412146320826096,0.0642760440986252,0.07593891216839133,0.004886869929446425,0.00016706349206349207,0.004719806437382933,-0.017645883568819767,0.008681793242215106,0.011532428316281793,0.030600206196885447,0.018547988249489587,0.004739162358553016,-0.024159963077442583,0.0072450828287626045,0.0641089806065617,0.07577184867632783
2025-03-13,-0.033643572582349734,-0.05665749210142157,-0.025139524437347016,0.003274586035690863,-0.02603079880778214,-0.019669785039034493,-0.006345818282021964,-0.011741065145692064,-0.0013824904283022965,-0.02986820819658209,-0.013890984206835322,0.0001666666666666667,-0.01405765087350199,-0.033810239249016404,-0.05682415876808824,-0.025306191104013682,0.0031079193690241964,-0.026197465474448806,-0.01983645170570116,-0.006512484948688631,-0.011907731812358732,-0.0015491570949689633,-0.030034874863248757
2025-03-14,0.01817056369559933,0.02915064028311476,0.02093969555611075,0.015628860908271536,0.016773147591717663,0.017914748986747497,0.007831687308005542,0.025846943523403887,0.05269074736129342,0.038640532386444715,0.021265869083087807,0.0001666666666666667,0.02109920241642114,0.018003897028932663,0.028983973616448094,0.020773028889444083,0.015462194241604868,0.016606480925050997,0.01774808232008083,0.007665020641338875,0.02568027685673722,0.05252408069462675,0.038473865719778046
2025-03-17,0.002388867914352222,0.033208544772796555,-0.011164392468548168,0.0002472563223876456,-0.007251253070260644,0.017599459094762127,0.013808095641747231,0.0003602815567784745,-0.017588593292233834,-0.04788383640805216,0.006416130719105961,0.0001666666666666667,0.006249464052439295,0.0022222012476855553,0.033041878106129886,-0.011331059135214835,8.058965572097892e-05,-0.00741791973692731,0.01743279242809546,0.013641428975080564,0.00019361489011180782,-0.0177552599589005,-0.04805050307471883
2025-03-18,-0.006121614876968273,-0.018749053387729808,-0.014917738259935365,-0.0017299893032922675,-0.022034242620967093,-0.007263835217158565,-0.0012173163881115112,-0.013326410962595014,-0.03430092983430688,-0.05335909096824709,-0.010653512117636543,0.0001666666666666667,-0.01082017878430321,-0.00628828154363494,-0.018915720054396474,-0.015084404926602032,-0.0018966559699589343,-0.02220090928763376,-0.007430501883825232,-0.001383983054778178,-0.013493077629261682,-0.03446759650097355,-0.05352575763491376
2025-03-19,0.011989412168931679,0.011560713468454109,0.014106347155876442,0.06839133064340963,0.020041157285542788,0.0020904548974562953,0.010935414442071467,0.011211808554420166,0.018106187814252106,0.04682438935722,0.010798495567894584,0.0001666666666666667,0.010631828901227916,0.011822745502265012,0.011394046801787442,0.013939680489209775,0.06822466397674297,0.019874490618876122,0.0019237882307896286,0.0107687477754048,0.011045141887753499,0.01793952114758544,0.04665772269055333
2025-03-20,-0.005296390367379944,0.0011904883006261802,-0.003017266841301769,0.0012165839404909562,-0.006650783138390626,-0.008692639891198728,0.00026076297099786316,-0.0025268628956151007,0.008594301584293307,0.0016958954271570903,-0.0021848931523151816,0.00016626984126984128,-0.002351162993585023,-0.005462660208649785,0.001024218459356339,-0.00318353668257161,0.001050314099221115,-0.006817052979660467,-0.00885890973246857,9.449312972802188e-05,-0.002693132736884942,0.008428031743023465,0.001529625585887249
2025-03-21,0.01947677251479929,0.021006749851963047,0.006463245885351521,0.03055024430572062,0.007309575721232253,0.005962919782836584,-0.005081489871875844,0.011425987686863204,-0.007002505407216808,0.052696235065183616,0.0008246534476661349,0.00016626984126984128,0.0006583836063962937,0.019310502673529448,0.020840480010693205,0.006296976044081679,0.030383974464450778,0.007143305879962412,0.005796649941566743,-0.005247759713145685,0.011259717845593362,-0.007168775248486649,0.052529965223913774
2025-03-24,0.011270445103557236,0.007919287642027761,0.03593082692897398,0.015664439259850838,0.02250131183565096,0.0111575345918562,0.0007531188198857119,0.0046514967980713084,0.0315208925704582,0.11933580126800525,0.017646000146633645,0.00016626984126984128,0.017479730305363803,0.011104175262287394,0.00775301780075792,0.03576455708770414,0.015498169418580995,0.02233504199438112,0.010991264750586358,0.0005868489786158707,0.004485226956801467,0.03135462272918836,0.1191695314267354
2025-03-25,0.013681957198030226,0.0004621595687013258,0.012053587883713357,0.009342191809986078,0.017175714895932614,-0.006551729641089743,0.004089218329790034,0.005291574247855202,-0.005930291014790923,0.03502280788451673,0.0015743334544251475,0.00016626984126984128,0.0014080636131553062,0.013515687356760384,0.00029588972743148454,0.011887318042443515,0.009175921968716236,0.017009445054662772,-0.006717999482359584,0.003922948488520193,0.005125304406585361,-0.006096560856060764,0.034856538043246885
2025-03-26,-0.00992195780455929,-0.009547316342364498,-0.022264360904062586,-0.022126038486011357,-0.032246762272551965,-0.0034710498717477334,0.02169944014355174,-0.01313394738591922,-0.05741983509266513,-0.05580626179068948,-0.011156934922627149,0.0001666666666666667,-0.011323601589293816,-0.010088624471225957,-0.009713983009031165,-0.02243102757072925,-0.022292705152678022,-0.032413428939218634,-0.0036377165384144,0.021532773476885075,-0.013300614052585888,-0.0575865017593318,-0.05597292845735615
2025-03-27,0.01047268929984524,-0.023243142707991438,0.0011435177345771042,0.003136362638041623,-0.017084627531825602,-0.0020897984198333663,-0.0028382646494758967,0.0015642581772612463,-0.02048181559877782,0.003932982922226103,-0.003306980860763864,0.0001666666666666667,-0.0034736475274305305,0.010306022633178572,-0.023409809374658103,0.0009768510679104374,0.0029696959713749567,-0.017251294198492268,-0.002256465086500033,-0.0030049313161425633,0.0013975915105945795,-0.020648482265444485,0.003766316255559436
2025-03-28,-0.026580271211972706,-0.03947472363103077,-0.04290822091507429,-0.032382351806114595,-0.048755165745130724,-0.02617804302943849,-0.017909091360098106,-0.03016025660028343,-0.015794642330693054,-0.03507493471452938,-0.01973722070834405,0.0001666666666666667,-0.019903887375010716,-0.02674693787863937,-0.03964139029769744,-0.04307488758174096,-0.032549018472781265,-0.04892183241179739,-0.026344709696105157,-0.018075758026764772,-0.030326923266950096,-0.01596130899735972,-0.03524160138119605
2025-03-31,0.019412603230494874,-0.010191427061497782,-0.01276466738421178,-0.015925189231526082,0.0020087947102600534,-0.007526791509600117,0.01719371665785041,-0.009002080694970216,-0.011762523359304056,-0.016657121359109794,0.005538521570653376,0.00016706349206349207,0.0053714580785898846,0.01924553973843138,-0.010358490553561275,-0.012931730876275273,-0.016092252723589575,0.0018417312181965614,-0.007693855001663609,0.017026653165786918,-0.009169144187033709,-0.011929586851367548,-0.016824184851173287
2025-04-01,0.004772015712181776,0.014398135224217512,0.010038913682617112,-0.013954880329672181,0.015714058405138065,0.0036112980157312347,0.0040337390855940125,0.0181144105697828,0.016331508990075072,0.035885119854736525,0.0037812354559083605,0.0001666666666666667,0.003614568789241694,0.00460534904551511,0.014231468557550845,0.009872247015950445,-0.014121546996338849,0.015547391738471398,0.003444631349064568,0.003867072418927346,0.017947743903116136,0.016164842323408406,0.035718453188069856
2025-04-02,0.0031362890740354032,0.013368565295446944,0.019982288465834053,0.0023190782773074847,-0.00019130420863400222,0.0032385468130218253,-0.006536466282598741,-0.00013079349968425635,0.002451035023803394,0.05326685079977622,0.006728194715792668,0.00016706349206349207,0.006561131223729176,0.002969225581971911,0.013201501803383451,0.01981522497377056,0.0021520147852439925,-0.0003583677006974943,0.003071483320958333,-0.0067035297746622325,-0.0002978569917477484,0.0022839715317399018,0.05309978730771273
2025-04-03,-0.09245611221219108,-0.07190555058319503,-0.08979129298487265,-0.10471045415356628,-0.040244342218120344,-0.14705868094505803,0.021471227583673258,-0.02363010024019363,-0.07806540629724779,-0.05474611137253549,-0.04839563335990149,0.0001666666666666667,-0.04856230002656816,-0.09262277887885774,-0.0720722172498617,-0.08995795965153931,-0.10487712082023294,-0.04041100888478701,-0.1472253476117247,0.021304560917006592,-0.023796766906860296,-0.07823207296391445,-0.05491277803920216
2025-04-04,-0.07288731157235961,-0.06413966377378488,-0.041533565999713695,-0.09489104086354372,-0.03397031855228305,-0.049201090479352616,-0.057058502529260036,-0.03556599893580148,-0.07357573294093378,-0.10419786826814681,-0.05974960534553109,0.00016547619047619047,-0.059915081536007275,-0.0730527877628358,-0.06430513996426107,-0.04169904219018988,-0.0950565170540199,-0.03413579474275924,-0.049366566669828804,-0.057223978719736224,-0.03573147512627767,-0.07374120913140997,-0.104363344458623
2025-04-07,-0.036734440068712626,-0.0033752165572019655,0.024912248577988017,0.016619110720564656,0.007898360037096985,0.03405555986783937,-0.000732737445278131,-0.005502374506228258,0.03530894291008568,-0.025644236634809525,-0.0023314724921273955,0.00016547619047619047,-0.0024969486826035858,-0.036899916259188814,-0.0035406927476781557,0.024746772387511825,0.016453634530088464,0.007732883846620795,0.03389008367736318,-0.0008982136357543215,-0.005667850696704449,0.035143466719609495,-0.025809712825285717
2025-04-08,-0.04981808395186815,-0.005738481588326461,-0.026246667744515673,0.0038167850854622376,-0.013969368493531475,-0.06415731466892871,-0.00020047347210239153,-0.009221334813191984,-0.013723678044731624,-0.048994783337158454,-0.015700524562941354,0.00016626984126984128,-0.015866794404211196,-0.049984353793137995,-0.005904751429596302,-0.026412937585785515,0.0036505152441923963,-0.014135638334801318,-0.06432358451019855,-0.0003667433133722328,-0.009387604654461826,-0.013889947886001466,-0.049161053178428296
2025-04-09,0.1532885035937399,0.14788529560384056,0.11977031526306248,0.1537413589813228,0.09682111147627892,0.10968932100625772,0.013774729491326632,0.10133672744473832,0.18722738335196376,0.22689989839624514,0.09515387644904849,0.00016825396825396826,0.09498562248079452,0.15312024962548595,0.1477170416355866,0.1196020612948085,0.15357310501306884,0.09665285750802495,0.10952106703800375,0.013606475523072663,0.10116847347648435,0.1870591293837098,0.22673164442799118
2025-04-10,-0.04239375215021912,-0.061078107907636014,-0.051700704171933065,-0.03295611746287774,-0.03711155519338638,-0.05807251133532565,0.009277447700958508,-0.023406454122720688,-0.05912716717181454,-0.07274069589492616,-0.03460757958472693,0.00016746031746031704,-0.03477503990218725,-0.04256121246767944,-0.06124556822509633,-0.05186816448939338,-0.03312357778033806,-0.0372790155108467,-0.058239971652785966,0.009109987383498191,-0.023573914440181004,-0.05929462748927486,-0.07290815621238647
2025-04-11,0.04059436218931811,0.005530657827794716,0.020141230945248445,0.008487603068201732,0.028268477858831798,0.024923411319338173,0.010170062432109495,0.018618119896501417,0.031235614812514134,-0.0003565623615965352,0.018092095201708958,0.00016785714285714285,0.017924238058851814,0.04042650504646097,0.005362800684937573,0.019973373802391302,0.008319745925344589,0.028100620715974654,0.02475555417648103,0.010002205289252351,0.018450262753644274,0.03106775766965699,-0.0005244195044536781
2025-04-14,0.022054113206822157,-0.01152435554630138,-0.014875318183769082,0.01555727173156507,0.012282112790326094,0.025597338205322506,0.019909782203172632,-0.0016475585484189148,-0.001983280703721446,0.00015856900364230597,0.007944712390868913,0.00016746031746031704,0.007777252073408596,0.02188665288936184,-0.011691815863761695,-0.015042778501229398,0.015389811414104754,0.012114652472865778,0.02542987788786219,0.019742321885712316,-0.0018150188658792319,-0.0021507410211817632,-8.891313818011067e-06
2025-04-15,-0.0018764003164229992,0.012541937410663673,-0.013891933050343641,-0.02360619371956363,-0.01735103971503249,-0.012479233931181444,-0.01135817288430041,-0.00536364064841699,0.013458516431473333,0.006974418324816822,-0.0017277808903947145,0.00016746031746031704,-0.0018952412078550316,-0.0020438606338833163,0.012374477093203357,-0.014059393367803957,-0.023773654037023945,-0.017518500032492806,-0.01264669424864176,-0.011525633201760727,-0.005531100965877307,0.013291056114013017,0.006806958007356505
2025-04-16,-0.03893331109501452,-0.017445917748151962,-0.029288905919567454,0.0061085193039081,-0.019064648323387612,-0.011373282989753708,-0.010816643789844482,-0.03660586620782624,-0.06871658280776227,-0.049427403598542696,-0.0224083715440897,0.00016706349206349207,-0.022575435036153193,-0.03910037458707801,-0.017612981240215455,-0.029455969411630947,0.005941455811844608,-0.019231711815451105,-0.0115403464818172,-0.010983707281907975,-0.03677292969988973,-0.06888364629982577,-0.049594467090606185
2025-04-17,0.013949510540231636,0.0005326487830155102,-0.009866352335440198,0.034703090901892164,-0.014152568623165385,0.015338859260741966,0.00711723032616729,-0.010306483384165732,-0.028710894895492833,-0.0007452201709629014,0.0013268380955802073,0.00016785714285714285,0.0011589809527230645,0.013781653397374492,0.00036479164015836734,-0.010034209478297342,0.03453523375903502,-0.014320425766022528,0.015171002117884823,0.006949373183310147,-0.010474340527022875,-0.028878752038349977,-0.0009130773138200443
2025-04-21,-0.0193929026487476,-0.009671662532442005,-0.030647084568839134,-0.015812215287855813,-0.023088027039463332,-0.0033571788766366684,-0.008287621512018228,-0.023546576470986236,-0.045127403029293855,-0.05746362595919796,-0.023567493023827546,0.00016746031746031704,-0.023734953341287862,-0.019560362966207917,-0.009839122849902321,-0.03081454488629945,-0.01597967560531613,-0.02325548735692365,-0.0035246391940969854,-0.008455081829478545,-0.023714036788446552,-0.04529486334675417,-0.05763108627665828
2025-04-22,0.03406520947425684,0.02956727025993544,0.03502262189247651,0.01995737421649557,0.02573307426088367,0.018105210696452323,0.03355775724848509,0.021441211179745068,0.020431111148994985,0.04602198338770602,0.025117204723895226,0.00016746031746031704,0.02494974440643491,0.033897749156796525,0.029399809942475125,0.0348551615750162,0.019789913899035255,0.025565613943423354,0.017937750378992007,0.03339029693102477,0.02127375086228475,0.02026365083153467,0.045854523070245706
2025-04-23,0.024331638578189096,0.029327256198658835,0.042845673527805994,0.06060786725191858,0.025615725056049143,0.018610514619352925,-0.0018803967645110164,0.02063694168868957,0.03862874323145227,0.05366224400956132,0.01666113847096007,0.00016746031746031704,0.016493678153499752,0.02416417826072878,0.02915979588119852,0.04267821321034568,0.06044040693445826,0.025448264738588827,0.01844305430189261,-0.0020478570819713335,0.020469481371229253,0.03846128291399195,0.053494783692101006
2025-04-24,0.018426171166043392,0.028998988337630482,0.032890293365840595,0.022567729302328976,0.025297660606858452,0.028420561114433474,-0.007096184684901363,0.0344825538683724,0.036218536969549575,0.0349764859229853,0.020259113708281262,0.00016706349206349207,0.02009205021621777,0.0182591076739799,0.02883192484556699,0.032723229873777106,0.022400665810265483,0.02513059711479496,0.02825349762236998,-0.007263248176964855,0.03431549037630891,0.036051473477486086,0.03480942243092181
2025-04-25,0.004367143946655494,0.0065730265202170735,0.013133978209558528,0.00958812262609432,0.016825644294683917,-0.00197372016620867,0.001644509933837135,0.011748201819673065,0.04303307964843439,0.09803091011549903,0.007373133469998461,0.00016706349206349207,0.007206069977934969,0.004200080454592002,0.006405963028153582,0.012966914717495035,0.009421059134030827,0.016658580802620424,-0.0021407836582721623,0.001477446441773643,0.011581138327609573,0.0428660161563709,0.09786384662343553
2025-04-28,0.004109443628810716,0.006448460548134083,-0.006825802991833663,0.024445103557831693,-0.008335329812903303,0.0043511280019667975,0.00022089370594846613,-0.0017609108829225173,-0.020538730954978157,0.0032637046356942534,0.0006407067039131409,0.0001666666666666667,0.0004740400372464742,0.00394277696214405,0.006281793881467416,-0.006992469658500329,0.024278436891165028,-0.00850199647956997,0.004184461335300131,5.4227039281799447e-05,-0.001927577549589184,-0.020705397621644823,0.003097037969027587
2025-04-29,0.005091781602649448,0.017761514661864375,-0.0016515586767922308,-0.0016456557692576812,-0.002801924445020143,0.005120206531074256,-0.007291479922797994,0.007362648317983389,0.0026670684785341514,0.021512501019458785,0.005802410694099036,0.0001666666666666667,0.00563574402743237,0.004925114935982781,0.01759484799519771,-0.0018182253434588975,-0.001812322435924348,-0.0029685911116868096,0.00495353986440759,-0.007458146589464661,0.0071959816513167225,0.002500401811867485,0.02134583435279212
2025-04-30,0.006107692668900766,-0.028448480003161247,-0.015849304820837684,0.006813216995407156,-0.008491419129498912,0.0019590252138332875,0.01637518451677744,0.0030961236982633977,-0.0009172469793781168,-0.03379788089732105,0.00147999135976562,0.0001666666666666667,0.0013133246930989533,0.0059410260022340995,-0.028615146669827913,-0.01601597148750435,0.00664655032874049,-0.008658085796165579,0.0017923585471666208,0.016208517850110776,0.002929457031596731,-0.0010839136460447836,-0.03396454756398772
2025-05-01,0.003858967814071246,0.017142421248965478,0.031341496782804956,-0.001910096556555274,0.015743016691820433,-0.007039358499363657,-0.018801734581737728,0.07625367141607309,0.024697046047989613,-0.005812356915055328,0.006299102138585644,0.0001666666666666667,0.006132435471918977,0.0036923011474045793,0.016975754582298812,0.03117483011613829,-0.0020767632232219406,0.015576350025153765,-0.007206025166030324,-0.018968401248404394,0.07608700474940643,0.024530379381322947,-0.005979023581721994
2025-05-02,-0.037361856290454964,0.010079832097952934,-0.0011566836184704332,0.01405220259607165,0.016924874289280467,0.022055877211830444,-0.005356473049267119,0.023225240603177433,0.025893794229703504,0.023848576584252656,0.01472657412963474,0.00016746031746031704,0.014559113812174423,-0.03752931660791528,0.009912371780492618,-0.0013241439359307503,0.013884742278611334,0.01675741397182015,0.021888416894370127,-0.005523933366727436,0.023057780285717117,0.025726333912243188,0.02368111626679234
2025-05-05,-0.03145852416663586,-0.002953877856234133,-0.01910722026349243,0.005391998079363969,0.0010974394854466052,-0.001926800519958527,0.012052780310916722,0.0020446509201001994,-0.005938814525673242,-0.024198258752220814,-0.006381597588933863,0.00016746031746031704,-0.00654905790639418,-0.031625984484096176,-0.00312133817369445,-0.019274680580952747,0.005224537761903652,0.0009299791679862881,-0.002094260837418844,0.011885319993456406,0.0018771906026398824,-0.006106274843133559,-0.02436571906968113
2025-05-06,-0.0019107243330315216,-0.025782698666343307,-0.007190832051463758,-0.0026815401801807415,-0.005968056032600644,-0.010424698640855379,0.0033890888146230758,-0.006557139849642457,-0.0024600353455362933,-0.017519458684867262,-0.007693239651855532,0.00016746031746031704,-0.007860699969315849,-0.0020781846504918386,-0.025950158983803623,-0.007358292368924075,-0.0028490004976410585,-0.006135516350060961,-0.010592158958315695,0.0032216284971627587,-0.006724600167102774,-0.0026274956629966104,-0.017686919002327578
2025-05-07,-0.011384746504645937,0.011917519515561414,0.0199989855515319,-0.0021510493699269384,-0.07259674500538538,0.00858374036786147,0.004229897095755719,9.234744643626946e-05,0.031002233220849273,0.003159597232260225,0.00434635623313584,0.00016746031746031704,0.0041788959156755226,-0.011552206822106253,0.011750059198101098,0.019831525234071584,-0.0023185096873872555,-0.0727642053228457,0.008416280050401154,0.004062436778295402,-7.511287102404757e-05,0.030834772903388957,0.002992136914799908
2025-05-08,0.006318483057135671,0.026559426332998237,0.01785806262143419,0.03308902495382737,0.01915688092060286,0.018568713675793713,-0.014585246513086791,0.01112270730871101,0.002648207663911606,0.031134624811778533,0.005799775094835535,0.00016785714285714285,0.005631917951978392,0.006150625914278528,0.026391569190141094,0.017690205478577047,0.03292116781097023,0.018989023777745716,0.01840085653293657,-0.014753103655943935,0.010954850165853867,0.002480350521054463,0.03096676766892139
2025-05-09,0.005266184390461115,0.00514282402894084,0.005102018524557161,0.016431972902555048,-0.009916955102572955,0.004937255708701738,0.0006061308081182215,0.0012780309599600415,-0.00613435283858077,0.04718770485146129,-0.0007114809122162891,0.00016746031746031704,-0.0008789412296766061,0.005098724073000798,0.004975363711480523,0.004934558207096844,0.01626451258509473,-0.010084415420033271,0.004769795391241421,0.00043867049065790444,0.0011105706424997244,-0.006301813156041087,0.04702024453400097
2025-05-12,0.0631461973154337,0.056438962111684754,0.08070031092964336,0.018886284631811856,0.03738149575964611,0.06802723510302178,-0.005610731765903987,0.02400105732088087,0.05443624743362574,0.06745790403815088,0.032558782749008364,0.00017103174603174602,0.03238775100297662,0.06297516556940194,0.05626793036565301,0.08052927918361161,0.01871525288578011,0.037210464013614365,0.06785620335699002,-0.005781763511935733,0.023830025574849124,0.054265215687593994,0.06728687229211913
2025-05-13,0.010152249556277138,0.0286118481915989,0.01308471882441209,0.024631035207352214,0.006752333803851096,0.018400565863560425,-0.010355376565468255,-0.0002670690892476735,0.056341216195208155,0.049280740626853614,0.0072482009835321826,0.00017023809523809523,0.007077962888294088,0.009982011461039043,0.028441610096360804,0.012914480729173995,0.02446079711211412,0.006582095708613001,0.01823032776832233,-0.01052561466070635,-0.00043730718448576874,0.056170978099970056,0.049110502531615516
2025-05-14,-0.0028177936917337387,-0.004346295474478734,-0.005298742220089303,0.006390733769833901,0.03660761279898006,-0.00451702563812828,-0.0038549675628088975,0.008460638651247354,0.041637949202170565,0.04073991993646375,0.001024415597859818,0.00017023809523809523,0.0008541775026217227,-0.002988031786971834,-0.004516533569716829,-0.005468980315327398,0.006220495674595806,0.03643737470374196,-0.004687263733366375,-0.004025205658046992,0.00829040055600926,0.04146771110693247,0.040569681841225655
2025-05-15,-0.004144543359708153,-0.004801772839310492,-0.024161720956264898,0.007424796128358224,-0.008526300380861551,0.004537521740162198,0.022699184634778158,0.002255937907514216,-0.003768255933513931,-0.013978329078298546,0.004132332074135769,0.00016944444444444404,0.003962887629691325,-0.004313987804152597,-0.004971217283754936,-0.024331165400709343,0.00725535168391378,-0.008695744825305995,0.004368077295717754,0.022529740190333714,0.0020864934630697722,-0.003937700377958375,-0.01414777352274299
2025-05-16,-0.0008985613302187057,0.008845725369224455,0.002047074000553817,-0.0020364534414214486,0.013600704710577949,0.018763007679747812,0.013132833149979373,0.002515843214881741,0.004227483806993115,0.0208856061756566,0.007005272294898557,0.00016865079365079366,0.006836621501247763,-0.0010672121238694994,0.008677074575573662,0.001878423206903023,-0.0022051042350722423,0.013432053916927155,0.018594356886097018,0.012964182356328579,0.0023471924212309474,0.004058833013342322,0.020716955382005808
2025-05-19,-0.011739050474280921,-0.010144883307857788,0.0027725440652368594,-0.002769445651223057,0.0021061137814339936,-0.007503453663083137,0.008223271387033826,0.010126179339847718,0.001255867673394473,-0.022544186527114873,0.0008761131291423752,0.00016984126984126983,0.0007062718593011054,-0.01190889174412219,-0.010314724577699058,0.0026027027953955894,-0.002939286921064327,0.0019362725115927239,-0.007673294932924407,0.008053430117192556,0.009956338070006449,0.0010860264035532031,-0.022714027796956145
2025-05-20,-0.009196290316480504,-0.03272328712281136,-0.0101377391383638,0.011790490469892001,-0.015371747636234612,-0.004123722367742055,-0.004451721733193192,-0.0015255484022105303,-0.008778016076292028,0.005057180873010214,-0.0038802294486252054,0.00016904761904761904,-0.004049277067672824,-0.009365337935528123,-0.03289233474185898,-0.010306786757411418,0.011621442850844382,-0.01554079525528223,-0.004292769986789674,-0.0046207693522408114,-0.0016945960212581494,-0.008947063695339647,0.004888133253962595
2025-05-21,-0.023059138183388672,-0.034889942249186734,-0.014455883280997672,-0.021476339839179848,0.02793031911362842,-0.012767377652736278,-0.010506494799863653,-0.012222495919982701,-0.019199111897641452,-0.026758222357769146,-0.01613513066101424,0.00016825396825396826,-0.016303384629268208,-0.02322739215164264,-0.035058196217440704,-0.01462413724925164,-0.021644593807433814,0.027762065145374454,-0.012935631620990247,-0.010674748768117621,-0.01239074988823667,-0.01936736586589542,-0.026926476326023113
2025-05-22,-0.0036122392324945407,0.0010194862471364363,0.009844923599835909,0.0009841884830197323,0.013704124570779852,-0.0038448315736150374,-0.006731240123517668,0.005060044315650991,0.007814838513416467,0.019185982671137136,-0.00044487103794299543,0.00016865079365079366,-0.0006135218315937891,-0.0037808900261453345,0.0008508354534856427,0.009676272806185115,0.0008155376893689386,0.013535473777129058,-0.004013482367265831,-0.0068998909171684615,0.004891393522000197,0.007646187719765673,0.019017331877486342
2025-05-23,-0.03024429720389843,-0.007285548719615509,-0.010388973643240984,-0.005162003012899707,-0.01404561471445176,-0.018245614640179375,0.0008273524700812551,-0.010288937044950153,-0.011594047343338909,-0.004984788190348977,-0.006708297825321674,0.00016825396825396826,-0.0068765517935756425,-0.030412551172152396,-0.007453802687869477,-0.010557227611494953,-0.005330256981153676,-0.014213868682705728,-0.018413868608433342,0.0006590985018272869,-0.010457191013204121,-0.011762301311592878,-0.005153042158602945
2025-05-27,0.02529833156690242,0.021148931896817214,0.02502611394509313,-0.00657245417593999,0.026295498971841802,0.012866367309704474,0.001207998818067324,0.023346241435246773,0.0320666000588401,0.06939947711644767,0.0204590558452733,0.00016825396825396826,0.020290801877019333,0.025130077598648454,0.020980677928563247,0.024857859976839165,-0.006740708144193959,0.026127245003587835,0.012698113341450505,0.0010397448498133558,0.023177987466992806,0.03189834609058613,0.0692312231481937
2025-05-28,0.001048947326945715,-0.005641389196069269,-0.00631008166584901,0.0023379655949713474,-0.0031232404950155557,-0.04022579030726381,-0.00669945561394536,-0.007228263930876722,-0.005092354310991198,-0.016506435862546853,-0.005571225417268844,0.00016825396825396826,-0.005739479385522812,0.0008806933586917468,-0.005809643164323237,-0.0064783356341029785,0.002169711626717379,-0.003291494463269524,-0.04039404427551778,-0.006867709582199328,-0.00739651789913069,-0.005260608279245167,-0.01667468983080082
2025-05-29,-0.0023451694711034143,-0.0024092450688211198,0.004787005283780621,0.03315132841578783,-0.002900877236519106,-0.08272053855018824,-0.0031326837706721067,0.002886036238221701,0.03249010914044104,0.004286911755287504,0.004011194261904327,0.00016865079365079366,0.0038425434682535335,-0.002513820264754208,-0.0025778958624719135,0.004618354490129827,0.03298267762213704,-0.0030695280301698998,-0.08288918934383903,-0.0033013345643229004,0.002717385444570907,0.03232145834679025,0.00411826096163671
2025-05-30,0.004501224800905312,0.004985972161150265,-0.0033544115296211263,-0.004130970226816411,-0.0006982931246850566,-0.002004108845837793,0.006381192258351653,0.0036627255456695984,-0.02916856751511454,-0.03339564619395741,-8.118516130162234e-05,0.00016865079365079366,-0.000249835954952416,0.004332574007254519,0.004817321367499471,-0.00352306232327192,-0.004299621020467204,-0.0008669439183358502,-0.002172759639488587,0.00621254146470086,0.0034940747520188047,-0.029337218308765334,-0.0335642969876082
2025-06-02,0.004231962896562802,0.004806163699127897,0.007999607012299847,0.02001733431349151,-0.0157797050693943,0.00040159377543624863,0.0019223230967468918,0.0034973246380329837,0.016650625645121986,-0.01088145559849063,0.0041020419271569075,0.00016865079365079366,0.003933391133506114,0.004063312102912008,0.004637512905477103,0.007830956218649054,0.019848683519840715,-0.015948355863045095,0.00023294298178545497,0.001753672303096098,0.00332867384438219,0.016481974851471192,-0.011050106392141424
2025-06-03,0.00778378950351466,0.02530472845899645,-0.00454869204152053,0.009268413693498623,-0.016860860285622725,0.018867823704432407,-0.0009272512497504604,0.0021645589135816934,0.027951647797100687,0.004610541775392996,0.005800290454605506,0.00016825396825396826,0.005632036486351537,0.007615535535260691,0.025136474490742484,-0.0047169460097744986,0.009100159725244654,-0.017029114253876692,0.01869956973617844,-0.0010955052180044286,0.001996304945327725,0.02778339382884672,0.004442287807139027
2025-06-04,-0.0022137778157269583,0.0045899220343583735,0.00738898917924824,-0.006793782495438161,0.011252901719633668,-0.007880053993067127,-0.002625014700142758,0.0019439352873649174,0.004956718753791334,-0.03549540073392177,7.36874595066439e-05,0.00016865079365079366,-9.496333414414976e-05,-0.002382428609377752,0.00442127124070758,0.007220338385597446,-0.006962433289088955,0.011084250925982874,-0.00804870478671792,-0.002793665493793552,0.0017752844937141236,0.00478806796014054,-0.03566405152757256
2025-06-05,-0.01079763735913608,0.028312477977844086,0.0032814165352026414,-0.013963541441347371,0.0009520446289621454,-0.019062797307239143,-0.008312752012564206,0.008213572416003512,-0.0135990724196281,-0.14259893789082123,-0.005277383403094138,0.00016865079365079366,-0.005446034196744932,-0.010966288152786875,0.028143827184193292,0.0031127657415518477,-0.014132192234998165,0.0007833938353113517,-0.019231448100889937,-0.008481402806215,0.008044921622352718,-0.013767723213278894,-0.14276758868447204
2025-06-06,0.016398161991134197,0.0244009488479886,0.027223334916139486,0.008515925475614416,0.032518822501457656,0.01943324940160296,-0.005243172474923674,0.005773139543557848,0.012357908259214678,0.036670186138995975,0.010280683010067904,0.00016865079365079366,0.01011203221641711,0.016229511197483403,0.024232298054337808,0.027054684122488692,0.008347274681963623,0.032350171707806866,0.019264598607952165,-0.005411823268574468,0.005604488749907054,0.012189257465563885,0.036501535345345185
2025-06-09,-0.01211249384484192,-0.011589909626609884,0.015966607137600564,0.0318310785480902,0.015103575305190464,-0.0023828496634048513,-0.008394045303837028,0.005038545683650586,0.0064212490030381986,0.04553761352840424,0.0009199480792858594,0.00016865079365079366,0.0007512972856350658,-0.012281144638492714,-0.011758560420260678,0.01579795634394977,0.03166242775443941,0.01493492451153967,-0.002551500457055645,-0.008562696097487821,0.004869894889999792,0.006252598209387405,0.04536896273475345
2025-06-10,0.0060559900513954545,-0.003237155355905408,0.0029035159702170965,-0.008183526386144946,0.014254156560157272,0.017515860088013868,-0.014272490423102191,-0.003871001809714003,0.009324760083939232,0.05674382827003055,0.00548298940767844,0.00016904761904761904,0.005313941788630821,0.0058869424323478355,-0.003406202974953027,0.0027344683511694775,-0.008352574005192565,0.014085108941109653,0.017346812468966247,-0.01444153804214981,-0.004040049428761622,0.009155712464891613,0.05657478065098293
2025-06-11,-0.019193700851736217,-0.0036085450982240586,-0.020265629565462295,-0.008019263717614744,-0.006998923262359846,-0.01784647979732301,0.004293939372664868,0.003609998677361448,-0.007780504778059361,0.0010426457165473302,-0.002743888954607865,0.00016904761904761904,-0.002912936573655484,-0.019362748470783838,-0.0037775927172716776,-0.020434677184509916,-0.008188311336662363,-0.007167970881407465,-0.018015527416370632,0.004124891753617249,0.003440951058313829,-0.00794955239710698,0.0008735980974997112
2025-06-12,0.00211283244117233,0.005432420782722991,0.0001876573428452044,-0.04789719626168221,-0.009303677282806122,-0.003223289981158728,0.004772532117194528,0.013224132001479871,0.015192863097272857,-0.022424432461661592,0.0038224199557175265,0.00016944444444444404,0.0036529755112730826,0.0019433879967278858,0.005262976338278547,1.821289840076037e-05,-0.04806664070612665,-0.009473121727250566,-0.0033927344256031717,0.004603087672750084,0.013054687557035427,0.015023418652828413,-0.022593876906106036
2025-06-13,-0.013805210122337819,-0.023557411785708138,-0.005346085913907173,-0.01683431988113493,-0.005862106590030947,-0.03637843438294852,-0.004123290840495897,-0.00816507022742996,-0.020896625793438095,0.019429076154419578,-0.011296379879250695,0.00016904761904761904,-0.011465427498298314,-0.013974257741385438,-0.02372645940475576,-0.005515133532954792,-0.01700336750018255,-0.006031154209078566,-0.03654748200199614,-0.004292338459543516,-0.00833411784647758,-0.021065673412485716,0.019260028535371957
2025-06-16,0.010028080122866267,0.01232118570501095,0.018859028217320217,0.006888925586898242,0.012022674294194013,0.028523591818944816,-0.018614740642371452,0.00880077201257179,0.01915910385778674,0.011742668079331775,0.009392659896159117,0.00016825396825396826,0.009224405927905148,0.009859826154612299,0.012152931736756982,0.01869077424906625,0.006720671618644274,0.011854420325940045,0.02835533785069085,-0.01878299461062542,0.00863251804431782,0.018990849889532774,0.011574414111077807
2025-06-17,-0.014010778675210611,-0.027986381523087522,-0.005923177895162612,-0.007139328027732872,-0.004638862481240902,-0.009379937379556225,-0.013432724815500285,-0.002295716835990169,-0.003939547998050963,-0.03882963749794621,-0.008352184790166306,0.00016785714285714285,-0.00852004193302345,-0.014178635818067754,-0.028154238665944666,-0.006091035038019756,-0.007307185170590015,-0.004806719624098045,-0.009547794522413368,-0.013600581958357429,-0.002463573978847312,-0.004107405140908106,-0.038997494640803355
2025-06-18,0.004804780140241993,-0.008997503127954665,-0.010706651956707836,-0.01288326126947259,-0.01494742957714612,-0.004528780818461531,-0.009168476654814461,0.004601998557547837,0.009436483476548574,0.0180179597897272,-0.0003092402101070313,0.00016785714285714285,-0.00047709735296417417,0.00463692299738485,-0.009165360270811808,-0.010874509099564979,-0.013051118412329733,-0.015115286720003264,-0.004696637961318674,-0.009336333797671605,0.004434141414690694,0.00926862633369143,0.017850102646870057
2025-06-20,0.022484496456271374,-0.003329064443534424,-0.013316402099382896,0.0054128255962335725,-0.03854153589596643,-0.0028949559623047127,-0.007492300859812451,-0.005913696988583794,-0.011204148692462002,0.0003416111576173275,-0.002178658486505891,0.00016706349206349207,-0.0023457219785693833,0.022317432964207882,-0.0034961279355979163,-0.013483465591446388,0.005245762104170081,-0.03870859938802992,-0.003062019454368205,-0.0076593643518759425,-0.006080760480647286,-0.011371212184525494,0.00017454766555383545
2025-06-23,0.002487684960162717,-0.009109519374191577,-0.005818118205440093,0.012880490860848859,-0.008701207780273168,-0.008295317327799312,0.0071662253710966795,0.018014219074507176,0.0022245164468006617,0.0823193093872907,0.009606504133156335,0.00016626984126984128,0.009440234291886493,0.002321415118892876,-0.009275789215461419,-0.005984388046709934,0.012714221019579017,-0.00886747762154301,-0.008461587169069154,0.006999955529826838,0.017847949233237334,0.0020582466055308205,0.08215303954602086
2025-06-24,-0.0059554151201922645,0.012410902722267192,0.02062648355436747,-0.001837937120235611,0.009564649699860928,0.026348906097588998,0.006735324703453838,0.008456840208848071,0.025872205937883086,-0.023545920693855638,0.01112172017970181,0.00016626984126984128,0.010955450338431968,-0.006121684961462106,0.01224463288099735,0.020460213713097627,-0.002004206961505452,0.009398379858591085,0.026182636256319156,0.0065690548621839965,0.008290570367578229,0.025705936096613244,-0.02371219053512548
2025-06-25,0.006290549791969635,-0.01876652169565507,-0.0036659245365150417,-0.010152326665352263,0.023445307229187806,-0.00040749813061558005,-0.02031099400485681,0.004407169488699125,0.04334008821124535,-0.037947582404945,-3.2861029504172024e-06,0.00016626984126984128,-0.00016955594422025848,0.006124279950699794,-0.01893279153692491,-0.003832194377784883,-0.010318596506622105,0.023279037387917964,-0.0005737679718854213,-0.02047726384612665,0.004240899647429284,0.04317381836997551,-0.038113852246214844
2025-06-26,-0.0027783565386656495,0.031233154229562965,0.024199205109171285,0.018501800138241986,0.016756620054062532,0.0073378740148248855,0.00028035099989276446,0.010522631897580847,0.004601253751937984,-0.0054037218123500486,0.008020121275230219,0.00016706349206349207,0.007853057783166726,-0.0029454200307291417,0.031066090737499472,0.024032141617107792,0.018334736646178493,0.01658955656199904,0.007170810522761394,0.0001132875078292724,0.010355568405517355,0.004434190259874492,-0.00557078530441354
2025-06-27,0.0003979594148522114,0.005982673081474266,0.028463559660798277,0.05908777328714665,0.028754186710524987,0.002428249866460508,0.02072605216505763,-0.0030354591439405443,0.01761057090120932,-0.006599526995335614,0.005218970885222163,0.0001666666666666667,0.005052304218555496,0.00023129274818554474,0.005816006414807599,0.02829689299413161,0.05892110662047998,0.02858752004385832,0.0022615831997938414,0.020559385498390963,-0.003202125810607211,0.017443904234542656,-0.0067661936620022805
2025-06-30,0.02034024080348984,-0.01620582712854257,-0.017510092291414314,-0.02339782894922593,-0.01288294859968786,-0.012515144396332056,0.0021266834309268123,0.0029641016086923155,0.0015214758286448138,-0.018446995428822777,0.005164427424532603,0.00016825396825396826,0.004996173456278634,0.020171986835235873,-0.016374081096796538,-0.01767834625966828,-0.023566082917479896,-0.013051202567941829,-0.012683398364586025,0.001958429462672844,0.002795847640438347,0.0013532218603908455,-0.018615249397076743
2025-07-01,0.012916112786245382,0.02319787977309895,0.00487719279454657,0.0012408462193989056,-0.0022130202748107397,0.04251833220495804,0.018208470687361755,-0.010775801044252131,-0.02968552492161647,-0.05335897504131726,-0.001118531087121899,0.00016825396825396826,-0.0012867850553758672,0.012747858817991413,0.023029625804844984,0.004708938826292601,0.0010725922511449373,-0.002381274243064708,0.04235007823670407,0.01804021671910779,-0.0109440550125061,-0.029853778889870435,-0.05352722900957123
2025-07-02,0.02223084932525987,-0.00014773112709498548,-0.002449462616694653,0.010677370536491315,0.01592354302903387,0.013725496734909415,-0.009613802411180705,-0.001951061001378318,0.025766579050220173,0.04968242780731846,0.004745096791088033,0.00016825396825396826,0.004576842822834064,0.022062595357005905,-0.00031598509534895374,-0.0026177165849486216,0.010509116568237347,0.015755289060779904,0.013557242766655446,-0.009782056379434674,-0.0021193149696322865,0.025598325081966206,0.04951417383906449
2025-07-03,0.005224927220258246,0.008124721977063043,0.015869432167251007,0.018346457633561464,0.004982193106119137,0.005802710657351495,-0.0018667177821029002,0.015781270376356238,0.013290823656759487,-0.0009503811144286889,0.008338955206607324,0.00016904761904761904,0.008169907587559705,0.005055879601210627,0.007955674358015424,0.015700384548203387,0.018177410014513843,0.004813145487071518,0.005633663038303876,-0.002035765401150519,0.015612222757308619,0.013121776037711868,-0.001119428733476308
2025-07-07,-0.01685796377888449,0.003736497078985712,0.0002685535903061975,0.012550975995038405,-0.015262172747830816,-0.02538454937213208,-0.0018703159808501901,-0.0022452752192034797,-0.006903357601449889,-0.06789282780315342,-0.007862297279128794,0.00016904761904761904,-0.008031344898176413,-0.01702701139793211,0.003567449459938093,9.950597125857848e-05,0.012381928375990786,-0.015431220366878435,-0.025553596991179702,-0.002039363599897809,-0.0024143228382510987,-0.007072405220497508,-0.06806187542220105
2025-07-08,0.0002859834097488356,-7.295260464190712e-05,-0.018391733064396565,-0.0005031359277998249,-0.013745081514984325,0.018153044951504382,-0.0063365852429119185,-0.002210017345889992,0.011122229689026097,0.013165935514200422,-0.0007158868810946961,0.00016904761904761904,-0.0008849345001423151,0.00011693579070121658,-0.00024200022368952616,-0.018560780683444186,-0.0006721835468474439,-0.013914129134031944,0.01798399733245676,-0.0065056328619595375,-0.002379064964937611,0.010953182069978478,0.012996887895152803
2025-07-09,0.005380660228379686,-0.0010219679103190549,0.014496684294917683,0.036976028157953644,0.012961585340096837,-0.006976668994289503,0.004628511844506855,0.013873750182760825,0.0180000053536733,-0.0064806174796112614,0.0060621034026635545,0.00016904761904761904,0.0058930557836159355,0.005211612609332067,-0.0011910155293666739,0.014327636675870064,0.03680698053890603,0.012792537721049218,-0.007145716613337122,0.004459464225459236,0.013704702563713205,0.017830957734625678,-0.0066496650986588805
2025-07-10,0.006014792112858158,0.0010960459612323614,-0.0012581953255333955,-0.0022507049950915015,0.0056618215742909594,0.004293364327134341,0.018326365361651442,-0.0040316407933959075,0.0074902403086287705,0.0472826483827995,0.0027462050044453346,0.00016865079365079366,0.002577554210794541,0.0058461413192073645,0.0009273951675815678,-0.0014268461191841893,-0.002419355788742295,0.005493170780640166,0.004124713533483548,0.01815771456800065,-0.004200291587046701,0.007321589514977977,0.04711399758914871
2025-07-11,-0.005884703157206461,-0.012043751069229058,0.012417933203629383,0.0033172630905753397,0.014469134048521237,-0.012048120717278232,0.005093975427719277,0.0036690808860810886,0.004996854536602813,0.01174690904506881,-0.0032975229626984737,0.00016865079365079366,-0.0034661737563492674,-0.006053353950857255,-0.012212401862879852,0.01224928240997859,0.003148612296924546,0.014300483254870443,-0.012216771510929026,0.0049253246340684835,0.003500430092430295,0.004828203742952019,0.011578258251418016
2025-07-14,-0.012028880873765746,0.023790181569999014,0.0029775049161144818,0.01617879663284172,0.0076030515539258214,-0.023210081902474533,0.0065687463708148375,-0.0005960314859417837,-0.005153984193298378,0.010813001260769006,0.001407413809457303,0.00016904761904761904,0.001238366190409684,-0.012197928492813365,0.023621133950951393,0.0028084572970668627,0.016009749013794098,0.007434003934878202,-0.023379129521522154,0.0063996987517672185,-0.0007650791049894027,-0.005323031812345997,0.010643953641721387
2025-07-15,0.0023488282206871602,-0.014649736095749932,0.0029243814744550622,-0.0022124615807963544,0.0024234969907852566,-0.012484903409955783,-0.007486408067480355,0.0055664211722146195,0.04040960688080486,-0.01931207079538977,-0.003956298214731202,0.00016865079365079366,-0.004124949008381996,0.0021801774270363665,-0.014818386889400726,0.0027557306808042685,-0.002381112374447148,0.002254846197134463,-0.012653554203606577,-0.007655058861131148,0.005397770378563826,0.04024095608715407,-0.019480721589040562
2025-07-16,0.00502129368152282,0.001245154797818726,-0.013960696164789121,-0.0004348091457200276,0.005329639570377909,0.0016313221785333454,-0.0024030962874410644,-0.00039543101096717326,0.003924951620251083,0.03504091219258654,0.003193657417327689,0.00016825396825396826,0.0030254034490737203,0.004853039713268852,0.0010769008295647578,-0.01412895013304309,-0.0006030631139739959,0.00516138560212394,0.0014630682102793771,-0.002571350255695033,-0.0005636849792211415,0.003756697651997114,0.03487265822433257
2025-07-17,-0.0006661656987771991,0.018945184775767565,0.0030915472640284936,0.004784715670809847,0.0033339107715661953,0.007736160178358542,0.004917929711151903,0.012024882876555898,0.009511552222092101,-0.007025863995037018,0.00537376740890938,0.00016825396825396826,0.005205513440655412,-0.0008344196670311674,0.0187769308075136,0.002923293295774525,0.004616461702555879,0.003165656803312227,0.007567906210104574,0.004749675742897934,0.01185662890830193,0.009343298253838133,-0.007194117963290987
2025-07-18,0.0055232025244587035,0.0002871018324239749,0.010050026580880944,-0.007186163039434423,0.008061943914706937,0.012525258673109052,-0.010986377047572216,-0.003224607503308996,-0.0034103475413905793,0.03205907804067243,-9.048620868445933e-05,0.00016825396825396826,-0.0002587401769384276,0.005354948556204735,0.00011884786417000665,0.009881772612626976,-0.007354417007688392,0.007893689946452969,0.012357004704855084,-0.011154631015826184,-0.0033928614715629645,-0.0035786015096445477,0.03189082407241846
2025-07-21,0.006155885100793235,-0.009114317834430175,0.014018476542235536,-8.715886452903554e-05,0.027234386335594385,-0.009177977314284824,-0.004477086681734743,1.9577368127299266e-05,-0.005974136355490267,-0.0035188948387289143,0.001399134882868358,0.00016825396825396826,0.0012308809146143898,0.005987631132539266,-0.009282571802684143,0.013850222573981568,-0.0002554128327830038,0.027066132367340418,-0.009346231282538793,-0.004645340649988712,-0.000148676600126669,-0.006142390323744236,-0.0036871488069828828
2025-07-22,0.009036224345439381,0.009849969431586558,-0.007980819043607368,-0.0036630541158674257,0.006522929488213203,0.02335885154120776,0.011598208647897845,-0.009390970877059757,-0.025382086155555927,0.0110201078413521,0.0006375316336257875,0.00016825396825396826,0.0004692776653718192,0.008867970377185412,0.00968171546333259,-0.008149073011861336,-0.003831308084121394,0.006354675519959234,0.023190597572953792,0.011429954679643877,-0.009559224845313725,-0.025550340123809894,0.010851853873098132
2025-07-23,-0.001166102280600434,0.0028688888781884803,0.003604836070819184,0.023634494293815367,-0.005801316842024784,0.018496584021999274,-0.0035097865222724067,0.0011874623542778018,0.022450891508008386,0.0013550095657461902,0.007811886951519131,0.00016865079365079366,0.007643236157868338,-0.0013347530742512277,0.0027002380845376865,0.0034361852771683903,0.023465843500164573,-0.005969967635675578,0.01832793322834848,-0.0036784373159232005,0.001018811560627008,0.022282240714357592,0.0011863587720953965
2025-07-24,-0.0018211459415494735,0.012801210489115977,0.01725876103762425,-0.011159571386443856,0.01019820319020548,-0.0073415022932417084,-0.012209833251531799,0.009903745519170615,0.017332510393997858,-0.08197020076301276,0.0006982236416543941,0.00016865079365079366,0.0005295728480036005,-0.0019897967352002673,0.012632559695465184,0.017090110243973455,-0.01132822218009465,0.010029552396554686,-0.007510153086892502,-0.012378484045182592,0.009735094725519821,0.017163859600347064,-0.08213885155666355
2025-07-25,0.0005613418379564195,-0.002188939198431883,-0.003401771091877559,0.007739841972865591,0.00525578956762307,-0.00038917789125958446,0.013549388932148076,0.005539537713702636,-0.0013814479751147468,0.0352440556693423,0.00397432777929585,0.00016865079365079366,0.003805676985645056,0.0003926910443056258,-0.0023575899920826766,-0.0035704218855283527,0.007571191179214797,0.005087138773972277,-0.0005578286849103781,0.013380738138497283,0.005370886920051842,-0.0015500987687655406,0.03507540487569151
2025-07-28,0.0007950151332456468,0.006015187305931313,0.005833005662313484,0.014374007288288082,-0.0031058674849423484,0.0066198614608588,0.0025127644828586426,-0.0023555235777033,0.018731991140366278,0.030152499060024818,0.00017685810881817865,0.00016825396825396826,8.604140564210392e-06,0.0006267611649916785,0.005846933337677345,0.005664751694059516,0.014205753320034114,-0.003274121453196317,0.006451607492604832,0.002344510514604674,-0.0025237775459572686,0.01856373717211231,0.02998424509177085
2025-07-29,-0.012987634405906556,-0.03742267295422641,-0.007646371539299701,-0.04369528222595387,0.016460685141381992,-0.0069632527888218165,0.011529913419389581,0.0001366269899161221,-0.007015745011402674,-0.013483166498468035,-0.002959442388724254,0.00016825396825396826,-0.0031276963569782223,-0.013155888374160525,-0.03759092692248038,-0.00781462550755367,-0.04386353619420784,0.016292431173128025,-0.007131506757075785,0.011361659451135613,-3.162697833784616e-05,-0.007183998979656643,-0.013651420466722004
2025-07-30,-0.010507942553397043,-0.015273285543869197,-0.0035495956232554082,-0.0010615954141021122,0.003984680179744071,-0.02220484008755985,0.003105587155044498,0.0013071588895523512,0.021423409485236578,-0.006724793213012448,-0.0012494327466496813,0.00016865079365079366,-0.001418083540300475,-0.010676593347047836,-0.015441936337519991,-0.003718246416906202,-0.001230246207752906,0.0038160293860932774,-0.022373490881210645,0.0029369363613937043,0.0011385080959015574,0.021254758691585784,-0.0068934440066632414
2025-07-31,-0.007079663542340242,-0.01736546447414189,0.017029402351838252,-0.01771165455571211,-0.023558808629781214,-0.011952276721127975,-0.011659639839053826,0.03947474453904731,-0.007809368306789022,-0.03375758288237862,-0.0036948193411530106,0.00016825396825396826,-0.003863073309406979,-0.0072479175105942106,-0.017533718442395856,0.016861148383584285,-0.017879908523966075,-0.02372706259803518,-0.012120530689381943,-0.011827893807307794,0.03930649057079334,-0.00797762227504299,-0.03392583685063259
2025-08-01,-0.025003549300710026,-0.033154590047826504,-0.08269617085933045,0.00027045419935167736,-0.014434439279484623,-0.014112828497750862,0.00939780308780458,-0.017600879737816322,-0.023331724911129004,-0.01829559909125389,-0.015992133140148468,0.00016626984126984128,-0.01615840298141831,-0.02516981914197987,-0.033320859889096346,-0.0828624407006003,0.00010418435808183608,-0.014600709120754465,-0.014279098339020704,0.009231533246534737,-0.017767149579086164,-0.023497994752398846,-0.01846186893252373
2025-08-04,0.004792875545773567,0.022965179997566088,-0.014435418409851408,0.0019828862258171043,0.031248271988783216,0.021267902466493238,0.004424110555474536,0.021999149708366472,0.0361501912950557,0.021907956170373222,0.01473710033091602,0.00016507936507936506,0.014572020965836655,0.004627796180694202,0.022800100632486723,-0.014600497774930773,0.0018178068607377393,0.03108319262370385,0.021102823101413874,0.004259031190395171,0.021834070343287108,0.03598511192997633,0.021742876805293857
2025-08-05,-0.0021145855811877112,-0.007635918973224354,0.009922070229506863,0.011334012386288173,-0.0018971400721359277,0.00320376482707152,-0.01794702944756099,-0.014729880461766376,-0.009666778074042703,-0.0017461311772288823,-0.004857865996303334,0.00016507936507936506,-0.0050229453613827,-0.0022796649462670762,-0.007800998338303719,0.009756990864427498,0.011168933021208808,-0.0020622194372152927,0.003038685461992155,-0.018112108812640356,-0.01489495982684574,-0.009831857439122068,-0.0019112105423082473
2025-08-06,0.05090678593181597,0.004155072778056379,0.040046772203947256,0.0008004655131754745,0.007294491517591428,-0.0015968071616105917,0.029755385234775167,-0.005324444465207967,0.006507367339324555,0.03624644466558724,0.007281907295092482,0.00016428571428571428,0.007117621580806768,0.050742500217530254,0.003990787063770665,0.03988248648966154,0.0006361797988897603,0.007130205803305714,-0.001761092875896306,0.029591099520489453,-0.005488730179493681,0.0063430816250388405,0.03608215895130153
2025-08-07,0.031793604006576714,-0.08022989441151818,0.0036885760119835798,0.010176006990944897,0.0021928497418470805,0.013594568778474647,0.0008127395153993966,-0.007810547891417441,0.007524230790478814,0.007377028928595486,-0.0007974800154801898,0.00016428571428571428,-0.000961765729765904,0.031629318292291,-0.08039418012580389,0.0035242902976978653,0.010011721276659183,0.002028564027561366,0.013430283064188933,0.0006484538011136823,-0.007974833605703155,0.0073599450761931,0.007212743214309772
2025-08-08,0.0423579536585692,0.008247920301906131,-0.001971955504762035,0.007873986151036405,0.02493375342803472,0.029980290501254725,-0.007989520974307274,0.002303928773712993,0.010676545640994961,0.02290006868278205,0.007799715348974834,0.00016428571428571428,0.00763542963468912,0.04219366794428349,0.008083634587620417,-0.0021362412190477497,0.007709700436750691,0.024769467713749008,0.02981600478696901,-0.008153806688592988,0.0021396430594272787,0.010512259926709247,0.022735782968496335
2025-08-11,-0.008337329419274786,-0.022475571531627936,-0.006241858073597895,-0.013791849121260968,-0.002085180802713693,-0.022979634410571603,-0.003568411805275895,-0.0005170389055541014,-0.0035030579022208297,0.02845443669493286,-0.0025041278217863283,0.00016468253968253969,-0.002668810361468868,-0.008502011958957325,-0.022640254071310477,-0.006406540613280434,-0.013956531660943508,-0.002249863342396233,-0.023144316950254144,-0.003733094344958435,-0.0006817214452366411,-0.0036677404419033694,0.02828975415525032
2025-08-12,0.010872357043844927,0.027979691235896276,0.0007681796954406295,0.029429959722497623,0.011641732738744137,0.042728279414295134,-0.008936842205427786,0.014316356414758591,0.006042028029048074,0.005338753399730889,0.01134543584661274,0.00016428571428571428,0.011181150132327025,0.010708071329559213,0.02781540552161056,0.0006038939811549152,0.02926567400821191,0.011477447024458423,0.04256399370000942,-0.0091011279197135,0.014152070700472877,0.00587774231476236,0.005174467685445175
2025-08-13,0.016024393810956772,0.0241756634047412,0.013952211680404059,0.0032672477745656625,-0.00678655189954247,0.02030068503442073,0.011371245416351927,-0.016362901780312078,-0.008571756180303591,-0.004283509772223915,0.0032300788824048965,0.0001630952380952381,0.0030669836443096583,0.015861298572861535,0.024012568166645962,0.01378911644230882,0.0031041525364704243,-0.006949647137637708,0.020137589796325493,0.011208150178256689,-0.016525997018407314,-0.00873485141839883,-0.004446605010319153
2025-08-14,-0.0023572329302939954,0.0007225719444843293,0.02858923333961183,-0.0007712759975456729,0.004852488209959427,-0.0077376606361519995,0.012718394245456066,0.0036496696068624157,0.0023679262614737517,-0.011196942235471519,0.00030309080129242716,0.0001634920634920635,0.00013959873780036366,-0.002520724993786059,0.0005590798809922658,0.028425741276119767,-0.0009347680610377364,0.004688996146467363,-0.007901152699644063,0.012554902181964003,0.003486177543370352,0.0022044341979816882,-0.011360434298963582
2025-08-15,-0.005112135586565425,0.003690621684252493,0.00021648217457248542,0.008876847393789244,0.004730364543045207,-0.00705533234291067,-6.480473294645517e-05,-0.004421271937068538,-0.008625357992819938,-0.0149591430196655,-0.0028971350972291088,0.0001634920634920635,-0.0030606271607211723,-0.0052756276500574885,0.0035271296207604295,5.2990111080421926e-05,0.008713355330297181,0.004566872479553143,-0.007218824406402733,-0.00022829679643851866,-0.004584764000560602,-0.008788850056312001,-0.015122635083157563
2025-08-18,-0.0030225593524291217,0.003117501154319413,0.0019911124801876845,-0.01211421793450651,-0.001961743191647658,0.0033658217054912676,-0.0007444875213252766,-0.005901854037240972,0.008645049211916778,0.013915797850586165,-0.00010076318078544588,0.00016428571428571428,-0.00026504889507116013,-0.003186845066714836,0.0029532154400336986,0.0018268267659019702,-0.012278503648792224,-0.0021260289059333724,0.003201535991205553,-0.0009087732356109909,-0.006066139751526686,0.008480763497631064,0.01375151213630045
2025-08-19,-0.0014292332220477988,0.00406408594240415,-0.01503309388634011,-0.031883324922977185,-0.009483905118812253,0.006336118235972021,0.007223829602547527,-0.01417512701095458,-0.034997987650586926,-0.017454368181154867,-0.005858103118756786,0.0001634920634920635,-0.006021595182248849,-0.0015927252855398623,0.0039005938789120863,-0.015196585949832173,-0.032046816986469245,-0.009647397182304316,0.006172626172479958,0.007060337539055463,-0.014338619074446644,-0.035161479714078986,-0.01761786024464693
2025-08-20,-0.019734536864348007,-0.008253975520058243,-0.018420231785569063,0.002755533854166714,-0.011162443663817023,-0.019629564944692257,0.006914654397886633,-0.007944675891261022,-0.0013665041451903503,-0.016428300696053832,-0.0024316693228262354,0.0001634920634920635,-0.002595161386318299,-0.01989802892784007,-0.008417467583550307,-0.018583723849061127,0.0025920417906746505,-0.011325935727309087,-0.01979305700818432,0.006751162334394569,-0.008108167954753085,-0.0015299962086824138,-0.016591792759545896
2025-08-21,-0.004911339340493592,0.011763774259548443,-0.008310623433453124,-0.005141336886909431,0.0021573913103603015,0.00415564981049088,0.0004471463376130025,-0.0012874463861094476,-0.0023946327575714577,-0.011701168929731831,-0.004004181529308926,0.00016428571428571428,-0.00416846724359464,-0.005075625054779306,0.011599488545262729,-0.008474909147738838,-0.005305622601195145,0.001993105596074587,0.003991364096205166,0.00028286062332728823,-0.0014517321003951619,-0.002558918471857172,-0.011865454644017545
2025-08-22,0.012716822837219421,0.02760419089888,0.031043025385826706,0.025216021714440373,0.031739584075145544,0.04364177973920502,0.002713840576891613,0.005929668117129694,0.017202073354147362,0.062166209505171155,0.015186444876893468,0.0001626984126984123,0.015023746464195055,0.012554124424521008,0.027441492486181586,0.030880326973128293,0.02505332330174196,0.03157688566244713,0.04347908132650661,0.002551142164193201,0.005766969704431282,0.01703937494144895,0.06200351109247274
2025-08-25,-0.0026342927136550065,-0.013623801550237569,-0.003932852258726305,-0.014123066525987715,0.011645455219543521,-0.008651697834115901,-0.0020058658445409883,-0.005855345955060431,0.010225316354963043,0.019381771561470362,-0.004266385548063467,0.0001626984126984123,-0.004429083960761879,-0.0027969911263534186,-0.013786499962935982,-0.004095550671424717,-0.014285764938686128,0.011482756806845108,-0.008814396246814314,-0.0021685642572394003,-0.0060180443677588435,0.01006261794226463,0.01921907314877195
2025-08-26,0.009464638417817195,-0.009832185461153609,0.0033781006590050122,0.03508620304661947,-0.006475258741915013,-0.01781818968942095,-0.0015953033562133845,-0.00440247120738313,0.010900281500928921,0.01462783391499567,0.004133995191134998,0.0001626984126984123,0.003971296778436586,0.009301940005118782,-0.009994883873852022,0.0032154022463066,0.034923504633921056,-0.006637957154613425,-0.017980888102119362,-0.0017580017689117968,-0.004565169620081542,0.010737583088230508,0.014465135502297256
2025-08-27,0.005145948129371636,0.023327344377847448,0.0017926124405795996,0.003364107141221151,0.0016414329765324087,0.0037022591734341415,-0.0048251441049818045,0.009361754860801597,-0.0009350909542572561,-0.0058862207330171445,0.0023909843081744153,0.00016190476190476192,0.0022290795462696533,0.004984043367466874,0.023165439615942685,0.0016307076786748376,0.003202202379316389,0.0014795282146276467,0.0035403544115293795,-0.004987048866886566,0.009199850098896834,-0.001096995716162018,-0.006048125494921906
2025-08-28,0.008980783797791103,0.00469773262748463,0.0108240705271474,0.00229186213442234,0.02005015638723462,0.04573952871858511,0.00253667360869847,0.0057228727470803875,-0.007874598727247717,-0.010354676927882056,0.0031567194195349924,0.00016190476190476192,0.0029948146576302304,0.00881887903588634,0.004535827865579868,0.010662165765242638,0.002129957372517578,0.019888251625329856,0.04557762395668035,0.002374768846793708,0.005560967985175626,-0.00803650348915248,-0.010516581689786818
2025-08-29,-0.0018059976322623017,0.000536502083609447,-0.011226278216735053,-0.006266984092893391,0.006000781814160527,0.00670208670054695,0.0042278804578193,-0.0057884145134364795,-0.03324635455335401,-0.03500206799409333,-0.00639818429357164,0.0001607142857142857,-0.006558898579285926,-0.0019667119179765874,0.0003757877978951612,-0.011386992502449338,-0.006427698378607676,0.005840067528446242,0.006541372414832664,0.004067166172105014,-0.005949128799150765,-0.03340706883906829,-0.03516278227980762
2025-09-02,-0.010424650182235928,-0.02252357671723626,-0.015982548742835556,0.011505080498112275,-0.007326978620086355,0.014015351981781832,0.012797814115477424,-0.0030984848788472297,-0.01952009877813865,-0.01350828116207925,-0.006922279936861564,0.0001607142857142857,-0.00708299422257585,-0.010585364467950213,-0.022684291002950545,-0.01614326302854984,0.01134436621239799,-0.007487692905800641,0.013854637696067547,0.012637099829763139,-0.0032591991645615154,-0.019680813063852935,-0.013668995447793535
2025-09-03,0.038089811255997974,-0.021083116930953882,0.0028845707190781056,-0.021063273642059066,0.09136490880339077,-0.008292954140771691,0.001995267546968993,0.0004553899105550485,-0.000936778679744843,0.014361219324440011,0.0051000736279842585,0.00015992063492063492,0.004940152993063623,0.037929890621077336,-0.021243037565874517,0.002724650084157471,-0.0212231942769797,0.09120498816847013,-0.008452874775692325,0.001835346912048358,0.0002954692756344136,-0.001096699314665478,0.014201298689519377
2025-09-04,0.005493341019489506,0.003763020135798545,0.042877945692648245,-0.0070143938745267365,0.007110068615265641,0.007665437924041063,0.0018963153683166922,0.005184430245728677,0.006095353599539832,0.01328983953448204,0.008346486409699372,0.0001591269841269841,0.008187359425572388,0.005334214035362522,0.0036038931516715607,0.04271881870852126,-0.00717352085865372,0.006950941631138657,0.007506310939914079,0.001737188384189708,0.0050253032616016935,0.0059362266154128485,0.013130712550355056
2025-09-05,-0.00037537393682363085,-0.012443209330876503,-0.014214150326010255,-0.004940409055897765,0.011623000109287629,0.014522828694008894,-0.008233709367044262,-0.025532960852977182,-0.027030075951749333,0.036363092201525005,-0.003165152978388819,0.00015555555555555556,-0.0033207085339443743,-0.0005309294923791864,-0.01259876488643206,-0.014369705881565812,-0.005095964611453321,0.011467444553732073,0.014367273138453337,-0.008389264922599818,-0.025688516408532737,-0.027185631507304887,0.03620753664596945
2025-09-08,-0.007551446722730115,0.006542324561511714,0.015107797009308976,0.005835966788591884,-0.003194441023644079,0.00034083179381672046,-0.005025747059004493,0.00646465224103121,0.007723568524209856,-0.01265534855703887,0.0021059789159529885,0.00015674603174603175,0.0019492328842069567,-0.007708192754476147,0.006385578529765682,0.014951050977562944,0.005679220756845852,-0.0033511870553901107,0.0001840857620706887,-0.005182493090750525,0.006307906209285178,0.007566822492463824,-0.012812094588784902
2025-09-09,-0.01483930901016961,-0.006499800755384699,0.010176429751274751,-0.006191784778857401,0.023884742447833895,-0.010562185679621972,-0.0008951437874119561,0.00042144797146348445,0.014556436295029451,0.001645517708609212,0.0026881536531127015,0.00015674603174603175,0.0025314076213666698,-0.014996055041915642,-0.006656546787130731,0.01001968371952872,-0.006348530810603433,0.023727996416087863,-0.010718931711368004,-0.0010518898191579878,0.0002647019397174527,0.014399690263283419,0.0014887716768631804
2025-09-10,-0.032259523333079354,-0.003230707571051261,-0.03320182790348525,-0.008713837411861602,-0.0019196030556086763,-0.013251621069147457,-0.021054675930549105,0.003932618708716085,0.038475216217063624,0.0023633378140295314,0.002983469943562689,0.00015634920634920635,0.0028271207372134823,-0.03241587253942856,-0.0033870567774004676,-0.03335817710983446,-0.00887018661821081,-0.0020759522619578827,-0.013407970275496664,-0.02121102513689831,0.003776269502366878,0.038318867010714415,0.002206988607680325
2025-09-11,0.014286401163462914,-0.0029171104421749083,-0.0016498279850283293,-0.03309598557443527,0.005017338631243096,-0.0010575305224421738,0.008138919560909397,0.0012790299836604735,-0.0008460226669898541,0.06043873744853956,0.008485890387959882,0.00015634920634920635,0.008329541181610675,0.014130051957113707,-0.003073459648524115,-0.0018061771913775357,-0.03325233478078448,0.00486098942489389,-0.0012138797287913803,0.00798257035456019,0.001122680777311267,-0.0010023718733390605,0.06028238824219035
2025-09-12,0.017562925755691072,-0.004063388765538578,-0.00782780202498956,-0.018409941136547148,0.0017890118053522919,-0.013055764765929734,-0.00982411506187375,0.017744138041324353,0.0036688283490435847,0.0735609258490948,-0.00048276131466740146,0.00015634920634920635,-0.0006391105210166078,0.017406576549341867,-0.004219737971887784,-0.007984151231338768,-0.018566290342896353,0.0016326625990030854,-0.01321211397227894,-0.009980464268222957,0.017587788834975148,0.0035124791426943782,0.07340457664274559
2025-09-15,0.011235867571386393,-0.017788659737976942,0.014376501718361023,-0.0008798853350842073,0.044891991078856774,-0.007865558928409233,-0.010903505020907311,0.010708026898777812,-0.0003936087097625718,0.03561147147692445,0.004706619226962694,0.00015515873015873016,0.004551460496803964,0.011080708841227664,-0.017943818468135673,0.014221342988202294,-0.0010350440652429375,0.04473683234869805,-0.008020717658567962,-0.01105866375106604,0.010552868168619082,-0.000548767439921302,0.03545631274676572
2025-09-16,0.00612593276381479,0.010716963413577307,0.011320962964584513,-0.0033835259677362783,-0.0017885002262758576,-0.0010810860790411159,0.004038746013611316,-0.012263285584269146,-0.01614629078640273,0.028241113869250656,-0.0012879303382402618,0.00015476190476190475,-0.0014426922430021665,0.005971170859052885,0.010562201508815403,0.01116620105982261,-0.0035382878724981833,-0.0019432621310377623,-0.0012358479838030206,0.0038839841088494113,-0.01241804748903105,-0.016301052691164632,0.028086351964488752
2025-09-17,0.003527212326053464,0.012658172281581503,-0.010382430689534927,-0.0018137818895874736,-0.00648985102689692,0.006493464231891677,0.005539168700502417,0.0019250966991020135,-0.026246717553192633,0.01005642588937583,-0.0009701681605103207,0.00015396825396825397,-0.0011241364144785747,0.00337324407208521,0.01250420402761325,-0.01053639894350318,-0.0019677501435557275,-0.006643819280865174,0.006339495977923423,0.0053852004465341635,0.0017711284451337596,-0.026400685807160887,0.009902457635407577
2025-09-18,-0.004644595046205291,0.018425359810800845,-0.0016837898189711042,0.004798950546822223,0.010018834169794655,0.0121863889414775,-0.012558469610172485,-0.0030782543845292443,0.034940558861758175,-0.021157139806429193,0.004789119185128365,0.00015436507936507934,0.004634754105763286,-0.004798960125570371,0.018270994731435765,-0.0018381548983361835,0.004644585467457143,0.009864469090429576,0.01203202386211242,-0.012712834689537563,-0.0032326194638943235,0.034786193782393095,-0.021311504885794273
2025-09-19,0.032032998017618386,0.012512948749100472,0.0010811746080494622,-4.641456670206878e-05,0.010673298452519298,-0.002832850733418657,0.00411753669188597,0.01864492238634874,0.002439756788046976,0.022118270566640286,0.004885418870829605,0.00015436507936507934,0.004731053791464526,0.031878632938253305,0.012358583669735393,0.0009268095286843828,-0.00020077964606714813,0.010518933373154219,-0.0029872158127837362,0.0039631716125208905,0.01849055730698366,0.002285391708681897,0.021963905487275205
2025-09-22,0.04309559763227089,-0.012594446336512521,-0.016632067201427292,-0.016508220075826197,-0.008597642682784512,0.003551176607094808,0.0020171995088575922,-0.00671899076541993,0.0392823835910463,0.01910480435358397,0.004410046474333074,0.00015317460317460277,0.004256871871158471,0.04294242302909629,-0.012747620939687124,-0.016785241804601895,-0.0166613946790008,-0.008750817285959115,0.003398002003920205,0.0018640249056829895,-0.006872165368594533,0.0391292089878717,0.018951629750409368
2025-09-23,-0.006443154771534232,-0.01546558038622825,-0.030400202172415014,0.02003866317781977,-0.003445169946733717,0.009554113245320739,0.0006602673116644642,-0.01014687080384824,-0.02821204324514892,-0.019253323313789705,-0.005502159197012135,0.00015317460317460277,-0.005655333800186738,-0.006596329374708835,-0.015618754989402853,-0.030553376775589617,0.019885488574645168,-0.00359834454990832,0.009400938642146136,0.0005070927084898614,-0.010300045407022843,-0.028365217848323524,-0.01940649791696431
2025-09-24,-0.008332411863824163,-0.0034007948902455842,-0.0022654160880354324,-0.005731673547957228,-0.01796071965674917,-0.036102398718435125,0.0037598324310506026,0.001806676600839996,-0.008182491487822352,0.03977927016229388,-0.002846617843333288,0.00015357142857142856,-0.0030001892719047165,-0.008485983292395591,-0.003554366318817013,-0.002418987516606861,-0.005885244976528656,-0.0181142910853206,-0.03625597014700655,0.003606261002479174,0.0016531051722685674,-0.00833606291639378,0.03962569873372245
2025-09-25,0.018072927235379233,-0.010805994566690846,-0.009354764790773018,-0.007298964573079436,-0.005462546012564129,-0.023636304394366592,-0.006670286552835969,-0.00611585677090698,0.004068473920816773,-0.04381307961359793,-0.0050090613431266195,0.00015436507936507934,-0.005163426422491699,0.017918562156014152,-0.010960359646055925,-0.009509129870138097,-0.007453329652444516,-0.005616911091929209,-0.023790669473731672,-0.006824651632201049,-0.00627022185027206,0.003914108841451693,-0.04396744469296301
2025-09-26,-0.005489058907575672,0.016016402038950384,0.007471945580644457,0.03620098239933389,0.0030514162866270844,-0.005214301264368948,0.009725524679542463,0.008737056154106693,0.002813830697929731,0.0401756741055197,0.005901836747171263,0.00015357142857142856,0.005748265318599835,-0.005642630336147101,0.015862830610378954,0.0073183741520730285,0.036047410970762465,0.0028978448580556557,-0.005367872692940376,0.009571953250971035,0.008583484725535264,0.0026602592693583025,0.04002210267694827
2025-09-29,-0.004031903675073667,-0.006305568298625275,0.01087450815780766,-0.018891768867200898,-0.01009982107104812,0.006739156293985582,-0.007371431935084494,0.0061392357812211085,0.020540005843802778,0.00638055766924972,0.00263554421636214,0.00015317460317460277,0.002482369613187537,-0.00418507827824827,-0.006458742901799878,0.010721333554633058,-0.0190449434703755,-0.010252995674222724,0.006585981690810979,-0.007524606538259097,0.0059860611780465055,0.020386831240628175,0.006227383066075117
2025-09-30,0.0007860731837203705,-0.012203059081878243,-0.011702709034319914,-0.005758245759426628,-0.003892538213114638,0.012644114985751909,0.0029705313741650308,0.006510091239335214,0.026010413787662667,0.0034069849388267404,0.0040908483833717035,0.00015317460317460277,0.0039376737801971005,0.0006328985805457677,-0.012356233685052846,-0.011855883637494517,-0.005911420362601231,-0.004045712816289241,0.012490940382577306,0.0028173567709904278,0.006356916636160611,0.025857239184488064,0.0032538103356521374
2025-10-01,0.0032203144758191637,0.00741230060493514,0.004827606336181178,-0.0029189865980988605,0.007404245951836641,-0.019463745638643393,-0.011089633201574856,0.0033979490169828708,0.003537325381961498,0.033144428390707636,0.003399920834961989,0.00015277777777777777,0.0032471430571842114,0.003067536698041386,0.007259522827157363,0.004674828558403401,-0.0030717643758766382,0.007251468174058863,-0.019616523416421172,-0.011242410979352633,0.003245171239205093,0.0033845476041837203,0.03299165061292986
2025-10-02,0.006576733422836156,-0.0067854956926542975,0.008067800117405932,0.010362433825105377,0.0032257975851526233,-0.00823983821231733,-0.002129575253637661,-0.007638913392573166,0.008812223729646407,-0.051059922281332826,0.0006183547238911569,0.00015317460317460277,0.0004651801207165541,0.006423558819661553,-0.0069386702958289005,0.00791462551423133,0.010209259221930774,0.0030726229819780203,-0.008393012815491933,-0.002282749856812264,-0.007792087995747769,0.008659049126471804,-0.051213096884507425
2025-10-03,0.003461142466484768,-0.010453507822845487,-0.013039023009410733,-0.0051970273747302675,-0.0013837057348193849,0.006042425518324235,0.003668139482619237,0.0031217306723074767,-0.0067234257429527045,-0.014151406944344913,6.551280273581206e-05,0.00015357142857142856,-8.80586258356165e-05,0.003307571037913339,-0.010607079251416915,-0.013192594437982161,-0.005350598803301696,-0.0015372771633908133,0.0058888540897528065,0.0035145680540478084,0.002968159243736048,-0.006876997171524133,-0.014304978372916341
2025-10-06,-0.005154574923412314,0.0010813279994841274,0.00633228292302257,0.015857571092869893,0.020704969231274628,-0.0011261312950502367,-0.016412967715082827,0.021687525447268374,-0.011086312720433145,0.054486690457546505,0.0036465919796933033,0.00015317460317460277,0.0034934173765187003,-0.005307749526586917,0.0009281533963095246,0.006179108319847967,0.01570439648969529,0.020551794628100025,-0.0012793058982248395,-0.01656614231825743,0.02153435084409377,-0.011239487323607748,0.054333515854371905
2025-10-07,-0.0008180532313939448,-0.004154549284082543,0.003983725247293846,0.009511726379275443,-0.018647911422191688,-0.002254877123773369,0.0009458214043878144,-0.008683939078540814,-0.0026948629515038958,-0.044478772558432134,-0.0038114057910215715,0.00015277777777777777,-0.003964183568799349,-0.0009708310091717225,-0.00430732706186032,0.003830947469516068,0.009358948601497665,-0.018800689199969467,-0.0024076549015511466,0.0007930436266100366,-0.008836716856318592,-0.0028476407292816735,-0.04463155033620991
2025-10-08,0.006160336665868238,0.0011681217474412975,0.015510877718191152,0.015778558671149412,-0.004638656692530718,0.018079105173573806,-0.00647959458007652,0.0016603972128628186,0.021995326917785052,0.012930352007361146,0.0058276636405680815,0.00015277777777777777,0.005674885862790304,0.00600755888809046,0.0010153439696635198,0.015358099940413374,0.015625780893371632,-0.004791434470308496,0.017926327395796027,-0.0066323723578542975,0.0015076194350850409,0.021842549140007272,0.012777574229583368
2025-10-09,-0.01557788384056047,0.0013334749975664195,0.01118907849570383,-0.041363425444984836,-0.012631840034341812,-0.002219692037474852,-0.002003935142974589,-0.00466785665041769,0.01829618052309101,-0.007180455170972766,-0.002755570407195318,0.00015357142857142856,-0.0029091418357667467,-0.0157314552691319,0.001179903568994991,0.011035507067132402,-0.04151699687355626,-0.01278541146291324,-0.0023732634660462806,-0.0021575065715460176,-0.004821428078989118,0.01814260909451958,-0.007334026599544194
2025-10-10,-0.034522098610332286,-0.016312934328598483,-0.04992539782966621,-0.024398167928060044,-0.020535790463185877,-0.052651138232241546,0.010891368855466599,-0.021898996790729264,-0.048865362827820946,-0.05062684914805626,-0.02711167321141361,0.00015317460317460277,-0.027264847814588215,-0.034675273213506885,-0.016466108931773086,-0.05007857243284081,-0.024551342531234647,-0.02068896506636048,-0.052804312835416145,0.010738194252291996,-0.022052171393903867,-0.049018537430995546,-0.05078002375123086
2025-10-14,0.0004441926617493319,0.03390542452130774,-0.016721987604375044,-0.005845214887300276,0.005324607700554429,0.04350993602215092,0.014827886744780194,-0.0009336843493278346,-0.044020820903292845,-0.015278742269702716,-0.0015643266604626893,0.00015277777777777777,-0.001717104438240467,0.00029141488397155414,0.03375264674352996,-0.016874765382152823,-0.005997992665078054,0.005171829922776651,0.04335715824437314,0.014675108967002417,-0.0010864621271056123,-0.044173598681070625,-0.015431520047480494
2025-10-15,0.00633640773752453,0.01114820370564229,-0.003789417568938358,-0.0013999208935399077,0.02273373503482845,0.0024527328645835844,0.002265773540431004,-0.00027271640154302723,-0.0011110217143276424,0.013768529951932784,0.004026001159503689,0.00015357142857142856,0.0038724297309322606,0.0061828363089531015,0.010994632277070862,-0.003942988997509786,-0.0015534923221113362,0.02258016360625702,0.0022991614360121557,0.0021122021118595755,-0.0004262878301144558,-0.0012645931428990709,0.013614958523361356
2025-10-16,-0.007580000866061143,-0.011025291509974888,-0.00510277898660183,-0.009859815936222205,0.0017130412970385311,-0.04928341611135101,0.00026190536253811736,-0.0035447821568930227,0.01101047275832534,-0.01470755828163206,-0.006294387099829435,0.00015317460317460277,-0.006447561703004038,-0.007733175469235746,-0.011178466113149491,-0.005255953589776433,-0.010012990539396808,0.0015598666938639284,-0.04943659071452561,0.00010873075936351458,-0.0036979567600676257,0.010857298155150737,-0.014860732884806663
2025-10-17,0.01955957957561716,0.024574857901051628,-0.006667636156250767,0.004955415804343666,0.007317178376968769,0.006249930448649188,0.00903941781605555,0.003850699339033925,0.007755273112916239,0.02462973191508744,0.0052707155502571545,0.00015238095238095237,0.005118334597876202,0.019407198623236206,0.024422476948670675,-0.006820017108631719,0.004803034851962713,0.007164797424587817,0.0060975494962682356,0.008887036863674598,0.0036983183866529726,0.0076028921605352864,0.024477350962706486
2025-10-20,0.03943866246963368,0.01032479854302859,0.016147214372026264,0.018221117865724334,0.012830664878362263,0.010595567557646568,-0.0010386757620647336,0.006250128432425894,-0.0031655074804616268,0.018483519979771268,0.010672270853256949,0.0001511904761904762,0.010521080377066472,0.0392874719934432,0.010173608066838114,0.01599602389583579,0.01806992738953386,0.012679474402171787,0.010444377081456091,-0.0011898662382552098,0.006098937956235418,-0.003316697956652103,0.018332329503580793
2025-10-21,0.002021035212009803,0.010612361322513975,0.025637486886977978,0.0020292739034883933,-0.023738004295737025,0.01807663218874289,-0.0009421165350249616,0.001683497874670259,-0.008103334367036585,-0.010794954856246375,3.2696450934288634e-05,0.0001507936507936508,-0.00011809719985936216,0.0018702415612161522,0.010461567671720323,0.025486693236184327,0.0018784802526947426,-0.023888797946530677,0.01792583853794924,-0.0010929101858186123,0.0015327042238766082,-0.008254128017830237,-0.010945748507040026
2025-10-22,-0.016440143950924413,-0.008245158515273299,-0.018375903497213075,-0.003083854303072009,0.004910890958478964,-0.01775566948224727,0.008553318617990247,0.005563514301789807,-0.0048575133361465905,-0.008201547294971134,-0.005337539220865439,0.0001507936507936508,-0.00548833287165909,-0.016590937601718064,-0.00839595216606695,-0.018526697148006727,-0.00323464795386566,0.0047600973076853135,-0.017906463133040923,0.008402524967196595,0.0054127206509961565,-0.005008306986940241,-0.008352340945764786
2025-10-23,0.004372033633252448,-0.001176482555912961,0.014406971477930908,0.005448118355057208,0.005522682086096964,0.006145991169531184,-0.010125496725909011,3.830271677385255e-05,0.010428119474389153,0.022803402824313368,0.0058273934429324825,0.0001507936507936508,0.005676599792138832,0.004221239982458797,-0.0013272762067066117,0.014256177827137256,0.005297324704263557,0.005371888435303313,0.005995197518737534,-0.010276290376702663,-0.00011249093401979825,0.010277325823595501,0.022652609173519717
2025-10-24,0.012481870849293308,0.0050255154873715124,0.014111947295924798,0.01643937071597601,0.02702711851763695,-0.0061084486977751595,-0.003843855541596608,0.005859027285384677,0.02250756853454461,-0.03398817183887881,0.00790242258787388,0.00014960317460317458,0.007752819413270706,0.012332267674690135,0.004875912312768338,0.013962344121321624,0.016289767541372836,0.026877515343033776,-0.006258051872378334,-0.003993458716199783,0.005709424110781502,0.022357965359941435,-0.03413777501348199
2025-10-27,0.022791271725411066,0.008438233287563435,0.012309863182682124,0.007454230182911248,0.03597247640867818,0.009399802356588882,0.013767515468787739,0.015106800393051012,0.028079108465005387,0.043115401997602554,0.012290050865671143,0.000148015873015873,0.01214203499265527,0.022643255852395194,0.008290217414547562,0.012161847309666251,0.007306214309895375,0.0358244605356623,0.00925178648357301,0.013619499595771866,0.01495878452003514,0.027931092591989514,0.04296738612458668
2025-10-28,0.0007067042785577904,-0.008212696654770424,0.010045375014470892,0.0014798288388102598,-0.006684807952955674,0.005372518037387586,-0.011612929674964634,0.01984877783229555,0.04981982498653692,0.017969970655449474,0.0022879438603986557,0.000148015873015873,0.0021399279873827825,0.0005586884055419174,-0.008360712527786297,0.00989735914145502,0.0013318129657943869,-0.006832823825971546,0.005224502164371713,-0.011760945547980507,0.019700761959279677,0.049671809113521044,0.0178219547824336
2025-10-29,0.0026024378996032382,-0.011952122611962435,0.0045801659836763875,-0.043657367662476965,0.026545113193945147,-0.013181346274066641,-0.013217956732446523,-0.0009593816364750207,0.02989603835835286,0.0020845119924044475,-4.3578255173426506e-05,0.00014960317460317458,-0.00019318142977660109,0.0024528347250000635,-0.012101725786565608,0.004430562809073213,-0.04380697083708014,0.026395510019341973,-0.013330949448669815,-0.013367559907049697,-0.0011089848110781954,0.029746435183749687,0.0019349088178012728
2025-10-30,0.006303233217925586,-0.001106949836551352,-0.03230569840563202,-0.06320816501667947,0.025166674615757945,-0.0068591172643250875,0.00026452098562490534,-0.02915702879022508,-0.020044483868115304,-0.04639120107705208,-0.00990481243951924,0.0001492063492063488,-0.010054018788725588,0.006154026868719237,-0.0012561561857577007,-0.03245490475483837,-0.06335737136588582,0.025017468266551594,-0.007008323613531436,0.00011531463641855654,-0.02930623513943143,-0.020193690217321654,-0.04654040742625843
2025-10-31,-0.0037951561451634586,0.0015830661978319949,0.09584492754129248,0.004698132910853969,-0.0010302608414355374,0.005815972139994852,-0.0132260707523989,-0.015120867215777212,-0.0019713802330344476,0.03740057084027071,0.0026179217059763005,0.000148015873015873,0.0024699058329604273,-0.003943172018179331,0.001435050324816122,0.09569691166827661,0.004550117037838097,-0.0011782767144514104,0.005667956266978979,-0.013374086625414772,-0.015268883088793084,-0.002119396106050321,0.03725255496725483
2025-11-03,-0.0048822471546562385,0.002054703132205793,0.04004585509136338,0.017560435301316346,0.00899736608845969,-0.023852442294663434,-0.006902957286437417,-0.0015063163677940805,0.021680051195482886,0.02586735066967427,0.0017207127269924793,0.00015158730158730158,0.0015691254254051779,-0.00503383445624354,0.0019031158306184915,0.03989426778977608,0.017408847999729044,0.008845778786872389,-0.024004029596250736,-0.007054544588024719,-0.001657903669381382,0.021528463893895584,0.02571576336808697
2025-11-04,0.0036797357129609853,-0.035094672480569855,-0.018425168014886806,-0.03177707114653672,-0.021781936694345805,-0.03961511398676909,0.009582665860717876,-0.005222276125425029,-0.03958816719273994,-0.05147636612701911,-0.011736830084583816,0.0001507936507936508,-0.011887623735377467,0.0035289420621673344,-0.035245466131363506,-0.018575961665680457,-0.03192786479733037,-0.021932730345139456,-0.03976590763756274,0.009431872209924225,-0.00537306977621868,-0.039738960843533594,-0.051627159777812764
2025-11-05,0.00037034495392229694,0.0012260034961146804,0.0035295587926045258,-0.002171208926757373,0.024392887054243362,0.026985504468901578,0.021590166903153962,-0.013940391348902681,-0.01751470682650169,0.040089130615176716,0.0036535556982648654,0.0001507936507936508,0.0035027620474712144,0.00021955130312864614,0.0010752098453210297,0.003378765141810875,-0.002322002577551024,0.02424209340344971,0.026834710818107926,0.02143937325236031,-0.014091184999696332,-0.017665500477295343,0.039938336964383064
2025-11-06,-0.0013698257358518706,-0.016081642617984726,-0.028617121300727022,-0.005667417998484137,0.0015474426946315845,-0.01764269854046141,-0.02375097669950832,-0.019835889117771233,-0.03652477773914087,-0.03497306340156048,-0.011178189042419073,0.00014960317460317458,-0.011327792217022247,-0.0015194289104550453,-0.0162312457925879,-0.028766724475330196,-0.005817021173087311,0.0013978395200284098,-0.017792301715064584,-0.023900579874111493,-0.019985492292374406,-0.036674380913744045,-0.035122666576163655
2025-11-07,-0.004818849477972176,0.0029038287369600457,0.005636975040414827,-0.009618317504572094,-0.02079012868877228,0.0042032802054037255,0.0041888783093770865,-0.0005633184899747068,0.00037213686992387807,-0.03675632866235745,0.0012618418007710464,0.00014960317460317458,0.0011122386261678717,-0.0049684526525753505,0.002754225562356871,0.005487371865811652,-0.009767920679175267,-0.020939731863375454,0.004053677030800551,0.004039275134773912,-0.0007129216645778814,0.00022253369532070349,-0.03690593183696063
2025-11-10,0.004548510139593898,-0.005625416285791052,0.01632498741700905,0.0010276807338516214,0.040418957487220686,-0.03767117932625508,-0.001868791022783367,0.018477487941063186,0.05793249675415879,0.03657576451501576,0.01540101862170995,0.00015039682539682542,0.015250621796313124,0.004398113314197072,-0.005775813111187877,0.016174590591612227,0.000877283908454796,0.04026856066182386,-0.0378215761516519,-0.0020191878481801923,0.018327091115666362,0.05778209992876197,0.03642536768961894
2025-11-12,-0.006466769865795197,-0.006855434148854034,-0.019670851205186968,0.0014855451880491088,-0.01579075894730375,0.019409716238599106,0.0003585971028414736,0.0048360785785346305,0.0033133317675846374,-0.02051769508633805,0.0006295171887717999,0.00015039682539682542,0.0004791203633749744,-0.006617166691192022,-0.007005830974250859,-0.019821248030583792,0.0013351483626522834,-0.015941155772700576,0.019259319413202282,0.0002082002774446482,0.004685681753137805,0.003162934942187812,-0.020668091911734875
2025-11-13,-0.0019014763772919885,-0.004108800969420234,-0.027108907452568887,-0.004705872986932591,-0.028390884071499367,-0.009123459312981419,0.0020850326170693823,-0.015357846614763582,-0.03581012967027952,-0.06644220962287406,-0.01655685496159698,0.0001507936507936508,-0.01670764861239063,-0.0020522700280856394,-0.004259594620213885,-0.027259701103362538,-0.0048566666377262415,-0.02854167772229302,-0.00927425296377507,0.0019342389662757315,-0.015508640265557233,-0.035960923321073174,-0.06659300327366771
2025-11-14,-0.0019784193430598673,0.006848701913851896,-0.012164320933474637,-0.00030834391010992057,-0.007754073395533356,-0.018014256561942665,-0.0017881046162306902,0.01368985264921152,0.017713739487007718,0.005870832424868633,-0.0005017255648851471,0.0001507936507936508,-0.0006525192156787979,-0.0021292129938535183,0.006697908263058245,-0.012315114584268289,-0.0004591375609035714,-0.007904867046327008,-0.018165050212736317,-0.0019388982670243409,0.013539058998417869,0.017562945836214067,0.005720038774074982
2025-11-17,-0.018171105694162026,-0.03622355589694626,-0.007754941860691922,-0.013931763594202562,0.0311494206051246,-0.06767216825038314,-0.006937366524894739,-0.005272673136783701,-0.01877257113277353,0.011302107716671506,-0.00916226617680782,0.0001507936507936508,-0.009313059827601472,-0.018321899344955678,-0.03637434954773991,-0.007905735511485573,-0.014082557244996213,0.03099862695433095,-0.06782296190117679,-0.00708816017568839,-0.0054234667875773515,-0.01892336478356718,0.011151314065877854
2025-11-18,-7.493988505480331e-05,-0.018537417801544387,-0.04431653833391602,-0.011365375650532972,-0.0025963711992806893,-0.006996213262320583,-0.001016792684349066,-0.026995476946809815,-0.028081466976070946,-0.018756757252943457,-0.008256436690967983,0.00015000000000000001,-0.008406436690967984,-0.00022493988505480333,-0.018687417801544388,-0.04446653833391602,-0.011515375650532973,-0.0027463711992806892,-0.007146213262320583,-0.001166792684349066,-0.027145476946809816,-0.028231466976070946,-0.018906757252943458
2025-11-19,0.004188023274067865,-0.008490692627672991,0.0006290693674619874,-0.020724610206064087,0.030005737734824844,-0.01056799287576038,-0.006073668355920714,-0.013507829718346964,0.028451653265247456,0.006828636098130891,0.0037538357962292324,0.00015039682539682542,0.003603438970832407,0.0040376264486710394,-0.008641089453069817,0.00047867254206516194,-0.02087500703146091,0.02985534090942802,-0.010718389701157205,-0.006224065181317539,-0.01365822654374379,0.028301256439850632,0.006678239272734066
2025-11-20,-0.008601474473370452,-0.025340802726421696,-0.02492255148822009,-0.03403334501503075,-0.01147502954573243,0.006230528761275389,0.004690517263841398,-0.01600132392688336,-0.031524879251475735,-0.02168365419886953,-0.015567283563270418,0.00015000000000000001,-0.01571728356327042,-0.008751474473370453,-0.025490802726421697,-0.02507255148822009,-0.034183345015030744,-0.01162502954573243,0.006080528761275389,0.004540517263841398,-0.01615132392688336,-0.03167487925147573,-0.02183365419886953
2025-11-21,0.01968061086817685,0.024385881283639943,0.016348913427910006,0.0017838781175121277,0.03527374725095256,0.0597079275059329,0.017063244741680084,-0.01318899894610237,-0.00974299429633585,-0.010474950113494086,0.009823035415319481,0.0001488095238095238,0.009674225891509958,0.019531801344367328,0.02423707175983042,0.016200103904100482,0.001635068593702604,0.035124937727143035,0.05955911798212338,0.01691443521787056,-0.013337808469911894,-0.009891803820145373,-0.01062375963730361
2025-11-24,0.016317565960635383,0.0013128087088607465,0.02532963104830621,-0.0032276118024739953,0.06313818514348069,0.01752929944043191,-0.014384890117896232,0.003982072607125131,0.020516609532861718,0.0682451678419993,0.015467217001293498,0.0001488095238095238,0.015318407477483975,0.01616875643682586,0.0011639991850512228,0.025180821524496688,-0.003376421326283519,0.06298937561967116,0.017380489916622388,-0.014533699641705755,0.0038332630833156074,0.020367800009052195,0.06809635831818978
2025-11-25,0.0038053394528705375,0.036272998546007296,0.0149814363087164,0.018535101690052347,0.015255254678428365,-0.0024610452354782986,0.018202683412809506,0.006307974250548298,-0.025910757968744536,0.0038776272725380423,0.009061696817220577,0.00014841269841269842,0.008913284118807879,0.003656926754457839,0.0361245858475946,0.014833023610303702,0.018386688991639647,0.015106841980015667,-0.002609457933890997,0.018054270714396806,0.0061595615521356,-0.026059170667157235,0.003729214574125344
2025-11-26,0.002094106406326013,-0.01535087493507059,-0.0022205534501760216,0.024555994669962278,-0.010790096291832474,-0.01398019185023891,0.006281172695295156,0.017841128140260842,0.013721684751937469,0.017119677587676296,0.006906711511012631,0.0001492063492063488,0.006757505161806282,0.001944900057119664,-0.01550008128427694,-0.0023697597993823706,0.024406788320755927,-0.010939302641038822,-0.014129398199445259,0.006131966346088808,0.017691921791054492,0.01357247840273112,0.016970471238469946
2025-11-28,0.00468386682792965,0.00214151108938454,0.017716868099636462,0.011127765094319786,0.000718757937321568,0.018348597778423903,-0.0018566078315003232,0.01340886450717993,-0.01808492693090802,0.008415835173881447,0.005354773163420257,0.000148015873015873,0.005206757290404384,0.0045358509549137775,0.001993495216368667,0.01756885222662059,0.010979749221303913,0.000570742064305695,0.01820058190540803,-0.0020046237045161963,0.013260848634164057,-0.01823294280392389,0.008267819300865575
2025-12-01,0.015241063618504969,0.015471452440711797,0.0028299616613276513,-0.013439117916046572,-0.01652185247491411,-0.0012284248900471528,-0.020615469557797472,-0.010711182333537073,0.01649711013028865,-6.973703038437584e-05,-0.005323329342915684,0.00014722222222222223,-0.005470551565137906,0.015093841396282746,0.015324230218489575,0.002682739439105429,-0.013586340138268795,-0.016669074697136334,-0.001375647112269375,-0.020762691780019694,-0.010858404555759295,0.016349887908066428,-0.00021695925260659807
2025-12-02,0.010914951816139551,-0.0025252781485796127,0.0023088475921804186,0.10146947059794464,0.00292152242927024,0.031160235851793505,-0.00938844762256874,0.006697605418353403,0.008559426101467427,-0.0020923987153301793,0.002457235261999813,0.00014603174603174603,0.002311203515968067,0.010768920070107805,-0.0026713098946113587,0.0021628158461486726,0.1013234388519129,0.0027754906832384942,0.03101420410576176,-0.009534479368600487,0.0065515736723216565,0.00841339435543568,-0.0022384304613619252
2025-12-03,-0.007128103890149506,0.013755251083695796,-0.008702300580441968,-0.013828082233711902,0.012095873719035755,0.0015904912613442512,0.023244345516974185,-0.02504077380157743,-0.010305434879725794,0.04076973347810542,0.0029797912994984355,0.00014444444444444446,0.002835346855053991,-0.007272548334593951,0.013610806639251351,-0.008846745024886414,-0.013972526678156348,0.01195142927459131,0.0014460468168998068,0.02309990107252974,-0.025185218246021875,-0.01044987932417024,0.04062528903366097
2025-12-04,-0.012141396841095942,0.005743798028652991,-0.014071797072686798,-0.0033079796146670004,-0.006288441222430441,0.02818573316941464,0.002697389776109116,0.006509951097902533,0.02116062209880032,0.017437455153354264,0.0010803218396737702,0.00014404761904761903,0.0009362742206261511,-0.01228544446014356,0.005599750409605372,-0.014215844691734416,-0.0034520272337146196,-0.00643248884147806,0.02804168555036702,0.0025533421570614967,0.006365903478854914,0.0210165744797527,0.017293407534306644
2025-12-05,-0.00684017568933204,0.02896871386227895,0.0018331725713691682,9.909482808145853e-05,0.011491722776794333,0.000386127997600072,0.008718553550295383,0.004824857333882937,-0.00528960288028224,0.0010340378456106247,0.001936641757662061,0.00014365079365079365,0.0017929909640112672,-0.006983826482982834,0.028825063068628157,0.0016895217777183745,-4.455596556933512e-05,0.01134807198314354,0.00024247720394927834,0.00857490275664459,0.004681206540232143,-0.005433253673933034,0.000890387051959831
2025-12-08,-0.003192442810390217,-0.018581061488611827,-0.011501761877265149,0.021695006667264538,-0.022861849764987285,-0.0324199116867141,-0.004626827963960745,0.016267852196279575,0.017213998994173974,-0.033890139401614006,-0.003477255626794018,0.00014444444444444446,-0.0036217000712384624,-0.0033368872548346614,-0.01872550593305627,-0.011646206321709594,0.021550562222820095,-0.02300629420943173,-0.032564356131158545,-0.004771272408405189,0.01612340775183513,0.01706955454972953,-0.03403458384605845
2025-12-09,-0.0025550641485947434,0.02770262432783177,0.004539639393836836,-0.028603330746433286,0.010710215128277634,0.012365301355796054,0.003227890452005111,0.0020366130003732774,-0.0031259126312241925,0.01271674558948499,-0.0008763589340257116,0.00014444444444444446,-0.001020803378470156,-0.002699508593039188,0.027558179883387327,0.004395194949392392,-0.02874777519087773,0.010565770683833188,0.01222085691135161,0.0030834460075606666,0.001892168555928833,-0.003270357075668637,0.012572301145040545
2025-12-10,0.005772480348263054,0.017385758958347708,0.016935769749744978,-0.008234735422932848,0.009871353691282447,0.004334194548752723,-0.0008366893851979862,-0.027356625781667865,-0.006433411769608877,0.01410696720325344,0.00674955693920154,0.00014285714285714284,0.006606699796344397,0.005629623205405911,0.017242901815490565,0.016792912606887835,-0.008377592565789991,0.009728496548425305,0.004191337405895581,-0.0009795465280551291,-0.027499482924525007,-0.006576268912466019,0.013964110060396297
2025-12-11,-0.002690371794892954,0.003370700840357843,-0.006471654188885845,0.01001411775835237,-0.024296546975965838,0.00873360694026748,-0.002640529115861656,0.010259972745232826,-0.01550779126219859,-0.010100780674035303,0.002079350841514227,0.00014206349206349206,0.001937287349450735,-0.002832435286956446,0.003228637348294351,-0.006613717680949337,0.009872054266288878,-0.02443861046802933,0.008591543448203988,-0.002782592607925148,0.010117909253169334,-0.01564985475426208,-0.010242844166098795
2025-12-12,0.0008993198694000615,0.003046870231628418,-0.017760970816273702,0.018285078203287064,-0.01005027486266652,-0.026367515860354906,0.022634125640254465,-0.010217836182271678,-0.03266452212921567,0.027008830833098685,-0.010663649289958,0.00014047619047619049,-0.01080412548043419,0.000758843678923871,0.0029063940411522275,-0.017901447006749893,0.018144602012810873,-0.01019075105314271,-0.026507992050831097,0.022493649449778275,-0.010358312372747869,-0.03280499831969186,0.026868354642622494
2025-12-15,-0.014985057058964357,0.026637574462213598,-0.01613691637948922,0.005479964235394208,-0.003459468373046448,-0.010105141449720523,0.006346258097995161,-0.007752917572488416,0.0072562775198450336,0.035624033484225714,-0.0015965630269072495,0.00014126984126984127,-0.0017378328681770907,-0.015126326900234199,0.026496304620943757,-0.01627818622075906,0.0053386943941243666,-0.0036007382143162896,-0.010246411290990364,0.00620498825672532,-0.007894187413758257,0.007115007678575192,0.03548276364295588
2025-12-16,0.0018241385327160131,0.0015173124341594235,8.989068511011666e-05,0.005888110529767232,-0.005353395214056977,0.013883145801301566,-0.013271438223682819,0.0033066174066502807,0.008111747940743541,0.030653694218629735,-0.0023839179519623555,0.00014126984126984127,-0.002525187793232197,0.001682868691446172,0.0013760425928895823,-5.137915615972461e-05,0.005746840688497391,-0.005494665055326819,0.013741875960031725,-0.01341270806495266,0.0031653475653804393,0.0079704780994737,0.030512424377359893
2025-12-17,-0.010086925630541477,0.013408108068433178,-0.005796159688549629,-0.0018383477841907858,-0.03212967807685918,-0.016109528390090055,0.013322704824293652,-0.0005668537354907022,-0.038149917021432556,-0.04617456293730249,-0.011592143912241393,0.00014087301587301586,-0.011733016928114409,-0.010227798646414493,0.013267235052560162,-0.005937032704422645,-0.0019792208000638015,-0.0322705510927322,-0.01625040140596307,0.013181831808420636,-0.0007077267513637181,-0.03829079003730557,-0.046315435953175506
2025-12-18,0.0012874469253183474,0.0015697915666275097,0.02481127187766008,0.009402425358357336,0.019344821602210294,-0.040114579490981295,0.0030122831675056805,0.01650852133550962,0.018719963394855155,0.034477560704677446,0.007934262269941872,0.00014007936507936508,0.007794182904862507,0.0011473675602389822,0.0014297122015481446,0.024671192512580715,0.00926234599327797,0.01920474223713093,-0.04025465885606066,0.0028722038024263153,0.016368441970430254,0.01857988402977579,0.03433748133959808
2025-12-19,0.005437604202853219,0.009627533646146658,0.0026019210221044364,0.027896468235498295,0.015539286358039028,-0.00810234091279649,-0.011919301985989006,0.004008356072077612,0.039336204513061857,-0.004489279293453219,0.008818059450332205,0.00014047619047619049,0.008677583259856014,0.005297128012377028,0.009487057455670467,0.002461444831628246,0.027755992045022104,0.015398810167562837,-0.008242817103272682,-0.012059778176465197,0.003867879881601422,0.039195728322585666,-0.00462975548392941
2025-12-22,-0.009866070345355471,0.012344752986506391,0.00475032567966549,0.012892350911945849,0.008529808138547423,-0.0038692610156024765,0.0012032939161148448,-0.0020578619459044045,0.014917941771233734,0.015648376118613028,0.006436496360377575,0.00014126984126984127,0.0062952265191077335,-0.010007340186625312,0.01220348314523655,0.004609055838395649,0.012751081070676008,0.008388538297277582,-0.004010530856872318,0.0010620240748450036,-0.002199131787174246,0.014776671929963892,0.015507106277343186
2025-12-23,0.005129732868573544,-0.003358827786261065,0.016241329216049705,4.616198945761596e-05,0.014752302894316838,-0.010358193093654489,-0.01701351562111786,0.0039799395643498325,0.03005061362821171,-0.00648622625268469,0.004550388765703239,0.00014126984126984127,0.004409118924433398,0.004988463027303703,-0.0035000976275309063,0.016100059374779863,-9.510785181222531e-05,0.014611033053046996,-0.01049946293492433,-0.0171547854623877,0.003838669723079991,0.029909343786941867,-0.006627496093954532
2025-12-24,0.005323766193815027,0.0021246485051049646,0.001033882544133169,0.006041030766530842,-0.0008271873044255473,0.010030416774080342,0.008010585215973531,0.002403149680407557,-0.0031710957732357103,-0.00032952397832164415,0.0032214822012188726,0.00014285714285714284,0.0030786250583617297,0.005180909050957885,0.0019817913622478217,0.0008910254012760261,0.005898173623673699,-0.0009700444472826901,0.0098875596312232,0.007867728073116389,0.002260292537550414,-0.0033139529160928533,-0.00047238112117878696
2025-12-26,-0.0014973429371301084,0.0002925028898883575,0.000602458846315157,-0.00788412720861098,-0.00184635729457161,0.004317827553078635,-0.008457660455424731,-0.0006352173058014055,0.010179787555644415,-0.021034181259704465,-0.00030436354912266594,0.00014126984126984127,-0.00044563339039250724,-0.0016386127783999495,0.00015123304861851622,0.0004611890050453157,-0.008025397049880822,-0.0019876271358414514,0.004176557711808793,-0.008598930296694573,-0.0007764871470712467,0.010038517714374574,-0.021175451100974307
2025-12-29,0.0013168127155420706,-0.001461863735742197,-0.0019353042317806768,0.003742365318134988,0.00015946315825621227,-0.022785903700947463,-0.006920230165557317,-0.001250650875590953,-0.012124095639676424,-0.032723726747357684,-0.00349205148036813,0.00014166666666666627,-0.0036337181470347964,0.0011751460488754043,-0.0016035304024088633,-0.002076970898447343,0.003600698651468322,1.7796491589545997e-05,-0.022927570367614128,-0.007061896832223984,-0.0013923175422576191,-0.012265762306343091,-0.03286539341402435
2025-12-30,-0.0024840667289872664,0.0021227386567619355,0.001982123671998126,0.005753739930955071,0.0009247388561066661,0.007479107530527163,-0.0016205869915545401,0.0007801688074968727,-0.0036128388270515455,-0.01133500523587172,-0.0013756671519022934,0.00014087301587301586,-0.0015165401677753093,-0.002624939744860282,0.00198186564088892,0.0018412506561251102,0.005612866915082055,0.0007838658402336501,0.0073382345146541465,-0.001761460007427556,0.0006392957916238568,-0.003753711842924561,-0.011475878251744736
2025-12-31,-0.00446750636542359,-0.008691858955340859,-0.0073538531116630335,-0.006315811820652217,-0.0027083270412798788,-0.027074197881721274,-0.007791424069602093,-0.007918329968719329,-0.005545375898472038,-0.010364613980130888,-0.007357666300846111,0.00014166666666666627,-0.007499332967512777,-0.004609173032090257,-0.008833525622007525,-0.0074955197783297,-0.006457478487318884,-0.002849993707946545,-0.02721586454838794,-0.00793309073626876,-0.008059996635385995,-0.005687042565138705,-0.010506280646797555
