Date,AAPL,ABNB,AMZN,BA,GOOGL,HPQ,MCD,MSFT,NVDA,TSLA,^GSPC
2021-01-04,125.63249969482422,139.14999389648438,159.3314971923828,202.72000122070312,85.49298095703125,19.58531951904297,183.93199157714844,207.56539916992188,13.046198844909668,243.2566680908203,3700.64990234375
2021-01-05,127.18580627441406,148.3000030517578,160.92550659179688,211.6300048828125,86.18241882324219,19.869638442993164,185.03445434570312,207.76560974121094,13.335953712463379,245.0366668701172,3726.860107421875
2021-01-06,122.90451049804688,142.77000427246094,156.91900634765625,211.02999877929688,85.3320083618164,20.27580451965332,184.61448669433594,202.3783721923828,12.549758911132812,251.9933319091797,3748.139892578125
2021-01-07,127.09839630126953,151.27000427246094,158.10800170898438,212.7100067138672,87.88075256347656,20.91754722595215,185.47189331054688,208.13748168945312,13.275516510009766,272.0133361816406,3803.7900390625
2021-01-08,128.1954345703125,149.77000427246094,159.13499450683594,209.89999389648438,89.04419708251953,20.738834381103516,188.87545776367188,209.40562438964844,13.208609580993652,293.3399963378906,3824.679931640625
2021-01-11,125.21504211425781,148.1300048828125,155.7104949951172,206.7899932861328,86.98674774169922,20.941919326782227,187.44052124023438,207.3746795654297,13.551589965820312,270.39666748046875,3799.610107421875
2021-01-12,125.0403060913086,160.8000030517578,156.04150390625,208.41000366210938,86.05264282226562,21.047521591186523,185.13941955566406,204.93374633789062,13.41554069519043,283.14666748046875,3801.18994140625
2021-01-13,127.06926727294922,169.99000549316406,158.29449462890625,207.2100067138672,86.53902435302734,20.885053634643555,185.5681610107422,206.27816772460938,13.462297439575195,284.8033447265625,3809.840087890625
2021-01-14,125.1470947265625,180.5,156.37350463867188,209.91000366210938,85.73020935058594,20.81194496154785,182.42709350585938,203.112548828125,13.1325044631958,281.6666564941406,3795.5400390625
2021-01-15,123.42875671386719,169.27000427246094,155.21249389648438,204.32000732421875,85.56676483154297,20.446393966674805,183.6608123779297,202.75978088378906,12.793501853942871,275.38665771484375,3768.25
2021-01-19,124.09864044189453,173.69000244140625,156.03799438476562,210.7100067138672,88.38248443603516,20.422025680541992,182.9432830810547,206.37351989746094,12.958401679992676,281.51666259765625,3798.909912109375
2021-01-20,128.17605590820312,161.8300018310547,163.16900634765625,211.4499969482422,93.117431640625,20.470767974853516,186.91558837890625,213.9060821533203,13.29715347290039,283.48333740234375,3851.85009765625
2021-01-21,132.87477111816406,180.39999389648438,165.34950256347656,207.41000366210938,93.31948852539062,20.600738525390625,186.82809448242188,214.5067901611328,13.796326637268066,281.663330078125,3853.070068359375
2021-01-22,135.01048278808594,181.8699951171875,164.6114959716797,205.83999633789062,93.73602294921875,20.527629852294922,186.69688415527344,215.44117736816406,13.642122268676758,282.21331787109375,3841.469970703125
2021-01-25,138.74813842773438,177.52999877929688,164.6999969482422,203.36000061035156,93.82123565673828,20.324546813964844,186.661865234375,218.85470581054688,13.583175659179688,293.6000061035156,3855.360107421875
2021-01-26,138.98114013671875,192.74000549316406,166.30650329589844,202.05999755859375,94.49828338623047,19.999610900878906,188.44679260253906,221.5244903564453,13.366297721862793,294.36334228515625,3849.6201171875
2021-01-27,137.91326904296875,201.25,161.62899780273438,194.02999877929688,90.08973693847656,20.186450958251953,181.1147003173828,222.06793212890625,12.851451873779297,288.0533447265625,3750.77001953125
2021-01-28,133.08831787109375,187.3699951171875,161.88099670410156,197.22999572753906,91.78659057617188,20.202695846557617,180.9571990966797,227.81752014160156,12.984017372131348,278.4766540527344,3787.3798828125
2021-01-29,128.1080780029297,183.6300048828125,160.30999755859375,194.19000244140625,90.50675964355469,19.77216148376465,181.84963989257812,221.17169189453125,12.923080444335938,264.510009765625,3714.239990234375
2021-02-01,130.22445678710938,180.44000244140625,167.1439971923828,195.83999633789062,93.76130676269531,19.885889053344727,181.9283905029297,228.50405883789062,13.16906452178955,279.9366760253906,3773.860107421875
2021-02-02,131.0496368408203,179.1699981689453,169.0,200.94000244140625,95.05152893066406,20.218942642211914,183.529541015625,228.3705291748047,13.487173080444336,290.92999267578125,3826.31005859375
2021-02-03,130.03028869628906,185.72000122070312,165.62649536132812,207.38999938964844,101.9736557006836,20.495134353637695,182.61083984375,231.69822692871094,13.461055755615234,284.89666748046875,3830.169921875
2021-02-04,133.37957763671875,195.8000030517578,166.5500030517578,210.63999938964844,101.71363067626953,21.080013275146484,184.64068603515625,230.75430297851562,13.594122886657715,283.3299865722656,3871.739990234375
2021-02-05,132.96633911132812,195.30999755859375,167.6074981689453,207.92999267578125,103.45703887939453,21.242483139038086,185.9969024658203,230.93544006347656,13.521246910095215,284.07666015625,3886.830078125
2021-02-08,133.11221313476562,200.42999267578125,166.14700317382812,211.9499969482422,103.24356842041016,22.176664352416992,185.12191772460938,231.19284057617188,14.364646911621094,287.8066711425781,3915.590087890625
2021-02-09,132.23715209960938,199.8800048828125,165.25,215.1199951171875,102.79137420654297,22.00606918334961,188.97174072265625,232.4324493408203,14.190045356750488,283.1533203125,3911.22998046875
2021-02-10,131.6343231201172,211.66000366210938,164.32899475097656,211.9199981689453,103.34064483642578,22.0548095703125,187.58929443359375,231.5266571044922,14.688475608825684,268.2733459472656,3909.8798828125
2021-02-11,131.38157653808594,216.83999633789062,163.10650634765625,210.66000366210938,103.45306396484375,22.241647720336914,187.4755401611328,233.118896484375,15.172476768493652,270.5533447265625,3916.3798828125
2021-02-12,131.6149139404297,212.67999267578125,163.885498046875,210.97999572753906,103.76411437988281,22.33100700378418,187.15184020996094,233.59568786621094,14.8844633102417,272.0400085449219,3934.830078125
2021-02-16,129.49539184570312,209.86000061035156,163.44749450683594,217.17999267578125,104.54023742675781,22.062936782836914,188.14053344726562,232.36572265625,15.251569747924805,265.40667724609375,3932.590087890625
2021-02-17,127.21056365966797,201.9600067138672,165.4320068359375,215.52000427246094,104.9324951171875,21.348085403442383,186.7581024169922,233.37867736816406,14.829499244689941,266.04998779296875,3931.330078125
2021-02-18,126.1119155883789,198.0399932861328,166.4114990234375,208.47999572753906,104.29801177978516,21.453689575195312,188.49049377441406,232.9868621826172,14.75289249420166,262.4599914550781,3913.969970703125
2021-02-19,126.2674789428711,201.07000732421875,162.4949951171875,217.47000122070312,103.45603942871094,22.014198303222656,185.69943237304688,230.2918243408203,14.849891662597656,260.4333190917969,3906.7099609375
2021-02-22,122.50481414794922,195.33999633789062,159.03700256347656,212.8800048828125,101.74483489990234,22.030441284179688,185.54193115234375,224.11810302734375,14.282072067260742,238.1666717529297,3876.5
2021-02-23,122.36868286132812,187.58999633789062,159.72500610351562,212.1199951171875,102.03507995605469,22.241647720336914,184.89447021484375,222.9330291748047,14.069417953491211,232.94667053222656,3881.3701171875
2021-02-24,121.87285614013672,200.1999969482422,157.97650146484375,229.33999633789062,103.20838928222656,22.72092628479004,186.6006317138672,224.15631103515625,14.424585342407227,247.33999633789062,3925.429931640625
2021-02-25,117.6337890625,182.05999755859375,152.85800170898438,216.4499969482422,99.8473892211914,22.899635314941406,184.57070922851562,218.84271240234375,13.239200592041016,227.4066619873047,3829.340087890625
2021-02-26,117.89630126953125,206.35000610351562,154.64649963378906,212.00999450683594,100.142578125,23.533260345458984,181.47198486328125,222.0824737548828,13.64411449432373,225.1666717529297,3811.14990234375
2021-03-01,124.24517059326172,196.4199981689453,157.3070068359375,224.38999938964844,102.50757598876953,24.028779983520508,183.32945251464844,226.4404296875,13.770709991455078,239.47666931152344,3901.820068359375
2021-03-02,121.64922332763672,189.89999389648438,154.72650146484375,223.13999938964844,102.25100708007812,24.40245246887207,183.6991729736328,223.50645446777344,13.337445259094238,228.81333923339844,3870.2900390625
2021-03-03,118.67411041259766,180.39999389648438,150.25,228.55999755859375,99.62254333496094,24.22374153137207,181.1902618408203,217.47607421875,12.739032745361328,217.73333740234375,3819.719970703125
2021-03-04,116.79766082763672,180.22999572753906,148.8784942626953,224.7100067138672,100.73790740966797,22.802156448364258,180.32748413085938,216.68287658691406,12.306761741638184,207.14666748046875,3768.469970703125
2021-03-05,118.0518569946289,179.80999755859375,150.0229949951172,223.22000122070312,103.86515045166016,24.1668758392334,182.5547637939453,221.33706665039062,12.397543907165527,199.31666564941406,3841.93994140625
2021-03-08,113.13225555419922,180.80999755859375,147.59750366210938,224.02999877929688,99.4288558959961,24.49993324279785,184.08656311035156,217.3135986328125,11.533751487731934,187.6666717529297,3821.35009765625
2021-03-09,117.73101043701172,183.11000061035156,153.1425018310547,230.61000061035156,101.05638122558594,24.609493255615234,183.59353637695312,223.42044067382812,12.46028995513916,224.52667236328125,3875.43994140625
2021-03-10,116.65182495117188,183.7899932861328,152.8820037841797,245.33999633789062,100.84983825683594,24.740304946899414,187.7839813232422,222.1207275390625,12.408540725708008,222.68666076660156,3898.81005859375
2021-03-11,118.5768814086914,197.8699951171875,155.67950439453125,252.0,104.03701782226562,24.805709838867188,186.2521514892578,226.6219940185547,12.931276321411133,233.1999969482422,3939.340087890625
2021-03-12,117.67267608642578,206.74000549316406,154.47450256347656,269.19000244140625,101.53382873535156,24.75665855407715,186.9300537109375,225.30311584472656,12.794432640075684,231.2433319091797,3943.340087890625
2021-03-15,120.55057525634766,209.99000549316406,154.08399963378906,265.6300048828125,101.75373840332031,25.173629760742188,194.07833862304688,224.40478515625,13.12807846069336,235.97999572753906,3968.93994140625
2021-03-16,122.08675384521484,200.00999450683594,154.59300231933594,255.2100067138672,103.21237182617188,24.879291534423828,193.55015563964844,227.17628479003906,13.22760009765625,225.6266632080078,3962.7099609375
2021-03-17,121.29922485351562,201.36000061035156,156.7864990234375,263.5899963378906,103.129638671875,25.132747650146484,197.2915496826172,226.53599548339844,13.277358055114746,233.93666076660156,3974.1201171875
2021-03-18,117.18655395507812,191.4499969482422,151.39950561523438,256.05999755859375,100.11433410644531,24.781179428100586,196.2263641357422,220.4960479736328,12.661571502685547,217.72000122070312,3915.4599609375
2021-03-19,116.6615219116211,194.38999938964844,153.7480010986328,255.82000732421875,100.39268493652344,24.593135833740234,195.82138061523438,220.14244079589844,12.784232139587402,218.2899932861328,3913.10009765625
2021-03-22,119.96722412109375,195.0,155.5435028076172,251.22999572753906,100.57743835449219,24.911998748779297,198.13665771484375,225.5325164794922,13.1231050491333,223.3333282470703,3940.590087890625
2021-03-23,119.14080810546875,187.13999938964844,156.875,241.25,101.10441589355469,24.184341430664062,197.5204620361328,227.05203247070312,13.00815486907959,220.72000122070312,3910.52001953125
2021-03-24,116.75875091552734,178.85000610351562,154.35350036621094,239.24000549316406,100.6685791015625,24.012649536132812,197.23873901367188,225.0260467529297,12.582451820373535,210.08999633789062,3889.139892578125
2021-03-25,117.24491119384766,176.16000366210938,152.31300354003906,247.19000244140625,100.66510009765625,24.43779945373535,197.3708038330078,222.0442657470703,12.475220680236816,213.4633331298828,3909.52001953125
2021-03-26,117.84768676757812,174.39999389648438,152.60150146484375,244.8699951171875,100.28224182128906,25.884933471679688,198.2599334716797,226.00079345703125,12.777763366699219,206.23666381835938,3974.5400390625
2021-03-29,118.022705078125,182.5,153.7864990234375,250.52000427246094,101.32532501220703,25.402551651000977,200.14381408691406,224.8157196044922,12.886242866516113,203.76333618164062,3971.090087890625
2021-03-30,116.57402801513672,183.10000610351562,152.76449584960938,252.00999450683594,101.35901641845703,25.80316734313965,198.05743408203125,221.57594299316406,12.810108184814453,211.8733367919922,3958.550048828125
2021-03-31,118.76160430908203,187.94000244140625,154.70399475097656,254.72000122070312,102.15393829345703,25.958515167236328,197.31796264648438,225.322265625,13.284324645996094,222.64332580566406,3972.889892578125
2021-04-01,119.58804321289062,188.24000549316406,158.0500030517578,252.9600067138672,105.48523712158203,26.20379066467285,198.2599334716797,231.61068725585938,13.745607376098633,220.5833282470703,4019.8701171875
2021-04-05,122.40760040283203,186.69000244140625,161.3365020751953,259.3599853515625,109.9021987915039,26.539003372192383,201.46429443359375,238.03289794921875,13.920516014099121,230.35000610351562,4077.909912109375
2021-04-06,122.70899963378906,190.02999877929688,161.1909942626953,255.1699981689453,109.4217758178711,26.40001678466797,204.15817260742188,236.87649536132812,13.79511833190918,230.5399932861328,4073.93994140625
2021-04-07,124.35208892822266,179.94000244140625,163.96949768066406,252.5800018310547,110.89624786376953,26.39183807373047,204.77438354492188,238.8261260986328,14.075767517089844,223.6566619873047,4079.949951171875
2021-04-08,126.743896484375,180.17999267578125,164.96499633789062,254.9499969482422,111.46087646484375,26.47359848022461,202.69680786132812,242.0276641845703,14.24843978881836,227.93333435058594,4097.169921875
2021-04-09,129.31068420410156,179.5,168.61000061035156,252.36000061035156,112.46332550048828,26.96414566040039,203.77963256835938,244.512451171875,14.331040382385254,225.67333984375,4128.7998046875
2021-04-12,127.5994644165039,176.49000549316406,168.96949768066406,249.52000427246094,111.1731185913086,26.767927169799805,203.3218536376953,244.5697784423828,15.136163711547852,233.9933319091797,4127.990234375
2021-04-13,130.70103454589844,177.9499969482422,170.0,253.27000427246094,111.65898895263672,27.01321029663086,203.6387481689453,247.03541564941406,15.604411125183105,254.10667419433594,4141.58984375
2021-04-14,128.36758422851562,176.42999267578125,166.64999389648438,252.42999267578125,111.03888702392578,27.144025802612305,202.74961853027344,244.26397705078125,15.203839302062988,244.07666015625,4124.66015625
2021-04-15,130.76902770996094,175.35000610351562,168.95449829101562,251.11000061035156,113.18545532226562,27.487411499023438,203.603515625,248.000732421875,16.05997085571289,246.28334045410156,4170.419921875
2021-04-16,130.4384765625,178.69000244140625,169.9720001220703,248.17999267578125,113.06163024902344,27.781740188598633,205.18814086914062,249.1857452392578,15.836297035217285,246.5933380126953,4185.47021484375
2021-04-19,131.09959411621094,174.5800018310547,168.60049438476562,244.14999389648438,113.40884399414062,27.552810668945312,204.0701141357422,247.27432250976562,15.288182258605957,238.2100067138672,4163.259765625
2021-04-20,129.41763305664062,169.57000732421875,166.7344970703125,234.05999755859375,112.87640380859375,27.28301239013672,205.1265106201172,246.815673828125,15.098596572875977,239.663330078125,4134.93994140625
2021-04-21,129.7967529296875,167.07000732421875,168.1009979248047,235.9199981689453,112.8437271118164,27.71633529663086,204.46627807617188,249.03282165527344,15.286941528320312,248.0399932861328,4173.419921875
2021-04-22,128.280029296875,170.7100067138672,165.45199584960938,234.3300018310547,111.56438446044922,27.610048294067383,205.08248901367188,245.77394104003906,14.779133796691895,239.89666748046875,4134.97998046875
2021-04-23,130.59402465820312,174.25,167.04400634765625,238.3800048828125,113.91253662109375,28.1414794921875,206.5086669921875,249.57754516601562,15.192145347595215,243.13333129882812,4180.169921875
2021-04-26,130.98292541503906,174.8800048828125,170.4499969482422,241.44000244140625,114.40782165527344,28.067903518676758,204.5102996826172,249.95985412597656,15.403878211975098,246.06666564941406,4187.6201171875
2021-04-27,130.6620635986328,177.94000244140625,170.8715057373047,242.47000122070312,113.46926879882812,28.1496639251709,206.8607635498047,250.3612518310547,15.308088302612305,234.913330078125,4186.72021484375
2021-04-28,129.87457275390625,180.0,172.9250030517578,235.4600067138672,116.84017944335938,28.05971908569336,204.59832763671875,243.27955627441406,15.20358943939209,231.46665954589844,4183.18017578125
2021-04-29,129.77734375,177.67999267578125,173.5655059814453,235.94000244140625,118.51029968261719,28.370403289794922,207.06324768066406,241.32040405273438,15.251360893249512,225.6666717529297,4211.47021484375
2021-04-30,127.8133773803711,172.7100067138672,173.37100219726562,234.30999755859375,116.5657958984375,27.888025283813477,207.82913208007812,241.00506591796875,14.937620162963867,236.47999572753906,4181.169921875
2021-05-03,128.8634033203125,168.11000061035156,169.32449340820312,235.19000244140625,116.04969787597656,28.190536499023438,207.37136840820312,240.69924926757812,14.765698432922363,228.3000030517578,4192.66015625
2021-05-04,124.30349731445312,168.89999389648438,165.593505859375,233.6300048828125,114.2542953491211,27.765390396118164,205.87477111816406,236.8096160888672,14.282523155212402,224.53334045410156,4164.66015625
2021-05-05,124.54658508300781,162.3300018310547,163.52699279785156,228.17999267578125,114.64754486083984,28.166013717651367,206.91355895996094,235.54811096191406,14.389259338378906,223.64666748046875,4167.58984375
2021-05-06,126.14106750488281,153.63999938964844,165.31849670410156,229.80999755859375,115.76592254638672,28.599334716796875,206.755126953125,238.6636505126953,14.453452110290527,221.17999267578125,4201.6201171875
2021-05-07,126.81306457519531,151.2100067138672,164.58050537109375,235.47000122070312,116.488037109375,29.081714630126953,206.73753356933594,241.27267456054688,14.741315841674805,224.1233367919922,4232.60009765625
2021-05-10,123.54072570800781,146.72999572753906,159.52450561523438,232.92999267578125,113.50739288330078,28.82008171081543,208.7358856201172,236.2266387939453,14.197431564331055,209.67999267578125,4188.43017578125
2021-05-11,122.62525939941406,142.72999572753906,161.19549560546875,228.8800048828125,112.43311309814453,27.462888717651367,205.87477111816406,235.31869506835938,14.237738609313965,205.73333740234375,4152.10009765625
2021-05-12,119.56716918945312,140.25,157.5970001220703,220.77999877929688,108.97552490234375,26.122032165527344,200.66322326660156,228.4091796875,13.692610740661621,196.6300048828125,4063.0400390625
2021-05-13,121.70978546142578,135.75,158.07350158691406,222.63999938964844,110.40145874023438,26.481773376464844,202.27423095703125,232.26055908203125,13.599806785583496,190.56333923339844,4112.5
2021-05-14,124.12506866455078,141.1999969482422,161.14500427246094,228.47000122070312,112.84518432617188,26.91509437561035,203.9908905029297,237.15367126464844,14.174793243408203,196.5800018310547,4173.85009765625
2021-05-17,122.97586059570312,132.5,163.51950073242188,227.97999572753906,113.36722564697266,27.01321029663086,203.95567321777344,234.3152618408203,14.097662925720215,192.27667236328125,4163.2900390625
2021-05-18,121.59290313720703,135.02000427246094,161.61399841308594,227.5500030517578,112.05718231201172,26.44089126586914,204.17575073242188,232.3083038330078,13.948628425598145,192.6233367919922,4127.830078125
2021-05-19,121.43708801269531,138.19000244140625,161.58999633789062,224.4199981689453,112.50444793701172,25.9993896484375,202.6087188720703,232.88304138183594,13.998391151428223,187.82000732421875,4115.68017578125
2021-05-20,123.98873901367188,136.1999969482422,162.38400268554688,227.64999389648438,114.26024627685547,26.195613861083984,204.39584350585938,236.10159301757812,14.542522430419922,195.5933380126953,4159.1201171875
2021-05-21,122.15775299072266,134.7100067138672,160.1540069580078,234.82000732421875,113.62525939941406,25.884933471679688,203.5683135986328,234.8467254638672,14.919957160949707,193.6266632080078,4155.85986328125
2021-05-24,123.78423309326172,135.91000366210938,162.24949645996094,237.44000244140625,116.93924713134766,26.416364669799805,204.15817260742188,240.22052001953125,15.537236213684082,202.14666748046875,4197.0498046875
2021-05-25,123.58943939208984,133.99000549316406,162.95249938964844,240.74000549316406,117.0298843383789,26.048450469970703,204.3606414794922,241.12095642089844,15.572813987731934,201.56333923339844,4188.1298828125
2021-05-26,123.54072570800781,134.75,163.25799560546875,241.3699951171875,117.89366912841797,26.301902770996094,204.54550170898438,240.90061950683594,15.624813079833984,206.3766632080078,4195.990234375
2021-05-27,122.01168823242188,143.1699981689453,161.5054931640625,250.6999969482422,117.02046966552734,26.244670867919922,206.755126953125,238.81240844726562,15.413830757141113,210.28334045410156,4200.8798828125
2021-05-28,121.35917663574219,140.39999389648438,161.15350341796875,247.02000427246094,116.7317123413086,23.89818572998047,207.0383758544922,239.16685485839844,16.16670799255371,208.4066619873047,4204.10986328125
2021-06-01,121.03778839111328,144.30999755859375,160.9324951171875,254.72999572753906,117.93672943115234,24.41326904296875,206.46302795410156,236.9828338623047,16.186609268188477,207.96665954589844,4202.0400390625
2021-06-02,121.79742431640625,151.0,161.69949340820312,255.6199951171875,117.41224670410156,24.34786033630371,206.94102478027344,236.88706970214844,16.697898864746094,201.7066650390625,4208.1201171875
2021-06-03,120.31708526611328,144.19000244140625,159.35049438476562,250.32000732421875,116.27259063720703,24.470500946044922,205.76373291015625,235.364013671875,16.88848114013672,190.94667053222656,4192.85009765625
2021-06-04,122.60578918457031,150.72999572753906,160.31100463867188,249.9199981689453,118.55040740966797,25.042814254760742,206.5869140625,240.2301025390625,17.494070053100586,199.68333435058594,4229.89013671875
2021-06-07,122.61552429199219,148.97000122070312,159.90049743652344,252.66000366210938,118.98279571533203,24.977405548095703,205.09095764160156,243.1229248046875,17.534624099731445,201.7100067138672,4226.52001953125
2021-06-08,123.43358612060547,147.00999450683594,163.20550537109375,252.75999450683594,118.79161071777344,25.030065536499023,205.93185424804688,241.93519592285156,17.37340545654297,201.19667053222656,4227.259765625
2021-06-09,123.81340789794922,144.85000610351562,164.0574951171875,248.05999755859375,119.26213073730469,24.725622177124023,204.8961639404297,242.91220092773438,17.279077529907227,199.5933380126953,4219.5498046875
2021-06-10,122.82003784179688,146.1199951171875,167.4824981689453,248.33999633789062,120.60881042480469,24.659799575805664,207.65798950195312,246.40847778320312,17.34552574157715,203.3733367919922,4239.18017578125
2021-06-11,124.02767944335938,148.44000244140625,167.3415069580078,247.27999877929688,120.36465454101562,24.750307083129883,209.72938537597656,247.0312042236328,17.743955612182617,203.29666137695312,4247.43994140625
2021-06-14,127.07603454589844,149.2100067138672,169.19349670410156,245.13999938964844,121.29133605957031,24.18256187438965,209.773681640625,248.94700622558594,17.936567306518555,205.89666748046875,4255.14990234375
2021-06-15,126.25797271728516,151.77999877929688,169.156494140625,246.5399932861328,120.2750015258789,24.347126007080078,209.2160186767578,247.48138427734375,17.70737075805664,199.7866668701172,4246.58984375
2021-06-16,126.754638671875,149.14999389648438,170.7624969482422,242.27000427246094,119.63409423828125,23.886350631713867,208.53436279296875,246.54261779785156,17.72901725769043,201.6233367919922,4223.7001953125
2021-06-17,128.35183715820312,150.6999969482422,174.46200561523438,239.22000122070312,120.59593963623047,23.565452575683594,207.02955627441406,249.91441345214844,18.57215690612793,205.53334045410156,4221.85986328125
2021-06-18,127.05656433105469,152.52000427246094,174.34500122070312,237.35000610351562,118.97884368896484,23.590137481689453,203.2585906982422,248.5063018798828,18.553747177124023,207.77000427246094,4166.4501953125
2021-06-21,128.84857177734375,149.6999969482422,172.697998046875,245.27999877929688,120.66429138183594,24.03445816040039,206.16204833984375,251.57156372070312,18.34320831298828,206.94332885742188,4224.7900390625
2021-06-22,130.48472595214844,149.67999267578125,175.27200317382812,243.77999877929688,121.17741394042969,23.976858139038086,207.02955627441406,254.3302764892578,18.80061149597168,207.90333557128906,4246.43994140625
2021-06-23,130.21205139160156,151.5800018310547,175.1909942626953,243.57000732421875,120.975830078125,24.026227951049805,206.46302795410156,254.1003875732422,18.9703369140625,218.85667419433594,4241.83984375
2021-06-24,129.92959594726562,150.72999572753906,172.45399475097656,250.57000732421875,121.3453140258789,24.248390197753906,206.5426788330078,255.4606170654297,19.11790657043457,226.60667419433594,4266.490234375
2021-06-25,129.63743591308594,149.6699981689453,170.072998046875,248.3800048828125,121.3537368774414,24.445865631103516,205.73712158203125,253.86099243164062,18.94420051574707,223.9566650390625,4280.7001953125
2021-06-28,131.2638702392578,149.94000244140625,172.1945037841797,239.9600067138672,121.3809814453125,24.52814483642578,204.55984497070312,257.4051208496094,19.893856048583984,229.57333374023438,4290.60986328125
2021-06-29,132.77342224121094,146.0800018310547,172.40699768066406,235.75999450683594,121.11996459960938,24.79967498779297,203.92251586914062,259.9722900390625,19.935415267944336,226.9199981689453,4291.7998046875
2021-06-30,133.38697814941406,153.13999938964844,172.00799560546875,239.55999755859375,120.93868255615234,24.840816497802734,204.47132873535156,259.4932861328125,19.911272048950195,226.56666564941406,4297.5
2021-07-01,133.68893432617188,153.0800018310547,171.64849853515625,239.72999572753906,121.29033660888672,24.97246551513672,205.6044158935547,260.1639099121094,20.119813919067383,225.97332763671875,4319.93994140625
2021-07-02,136.30873107910156,150.22999572753906,175.5489959716797,236.67999267578125,124.07682800292969,25.260454177856445,206.8082275390625,265.9591064453125,20.393564224243164,226.3000030517578,4352.33984375
2021-07-06,138.31500244140625,148.3699951171875,183.78700256347656,236.13999938964844,125.00054168701172,24.832590103149414,206.0292510986328,265.96868896484375,20.604101181030273,219.86000061035156,4343.5400390625
2021-07-07,140.79847717285156,143.72000122070312,184.82899475097656,231.77999877929688,125.28184509277344,24.914873123168945,207.6934814453125,268.1431579589844,20.278831481933594,214.88333129882812,4358.1298828125
2021-07-08,139.50315856933594,142.52999877929688,186.57049560546875,236.77000427246094,123.86532592773438,24.6186580657959,206.10888671875,265.7388000488281,19.811979293823242,217.60333251953125,4320.81982421875
2021-07-09,141.32437133789062,149.63999938964844,185.9669952392578,239.58999633789062,124.33536529541016,24.717395782470703,208.6228790283203,266.23687744140625,19.958803176879883,218.98333740234375,4369.5498046875
2021-07-12,140.73031616210938,146.69000244140625,185.92750549316406,238.2899932861328,125.77862548828125,24.03445816040039,208.56094360351562,265.6429748535156,20.4189453125,228.56666564941406,4384.6298828125
2021-07-13,141.84056091308594,143.41000366210938,183.8679962158203,228.1999969482422,126.14118194580078,23.19518280029297,209.0565948486328,269.1489562988281,20.157642364501953,222.84666442871094,4369.2099609375
2021-07-14,145.25897216796875,139.08999633789062,184.08399963378906,224.4499969482422,127.02823638916016,23.52431297302246,209.9064178466797,270.6145324707031,19.751005172729492,217.7933349609375,4374.2998046875
2021-07-15,144.6064453125,137.5,181.55999755859375,222.75999450683594,125.80784606933594,23.12113380432129,209.68511962890625,269.19683837890625,18.879749298095703,216.86666870117188,4360.02978515625
2021-07-16,142.5709991455078,134.30999755859375,178.68150329589844,217.74000549316406,125.77317810058594,22.64389419555664,207.7996826171875,268.92864990234375,18.078170776367188,214.74000549316406,4327.16015625
2021-07-19,138.73374938964844,131.8800048828125,177.47950744628906,206.99000549316406,123.40372467041016,22.701494216918945,202.93995666503906,265.3460693359375,18.6940975189209,215.4066619873047,4258.490234375
2021-07-20,142.33724975585938,136.08999633789062,178.6595001220703,217.14999389648438,125.01985168457031,23.211639404296875,207.37477111816406,267.5588073730469,18.52711296081543,220.1666717529297,4323.06005859375
2021-07-21,141.60679626464844,139.25,179.25999450683594,222.5399932861328,126.34672546386719,23.466716766357422,208.8441925048828,269.5512390136719,19.321470260620117,218.42999267578125,4358.68994140625
2021-07-22,142.9702606201172,139.47000122070312,181.90150451660156,220.8699951171875,127.21099090576172,22.874286651611328,211.26966857910156,274.0916442871094,19.50463104248047,216.4199981689453,4367.47998046875
2021-07-23,144.6844024658203,138.72999572753906,182.83200073242188,221.52000427246094,131.76119995117188,23.203414916992188,215.06710815429688,277.4730529785156,19.468799591064453,214.4600067138672,4411.7900390625
2021-07-26,145.10313415527344,142.0,184.99099731445312,225.85000610351562,132.7716064453125,23.433801651000977,215.9700164794922,276.87908935546875,19.206003189086914,219.2066650390625,4422.2998046875
2021-07-27,142.9410400390625,141.5800018310547,181.3195037841797,222.27000427246094,130.65670776367188,23.367977142333984,218.06793212890625,274.474853515625,19.12039566040039,214.92666625976562,4401.4599609375
2021-07-28,141.19776916503906,143.3000030517578,181.51600646972656,231.57000732421875,134.81117248535156,23.425573348999023,214.02259826660156,274.16827392578125,19.414047241210938,215.66000366210938,4400.64013671875
2021-07-29,141.84056091308594,143.47000122070312,179.99600219726562,231.6300048828125,134.49765014648438,23.680648803710938,216.00540161132812,274.4365234375,19.572324752807617,225.78334045410156,4419.14990234375
2021-07-30,142.05479431152344,144.00999450683594,166.37950134277344,226.47999572753906,133.45655822753906,23.754697799682617,214.84584045410156,272.9134826660156,19.410066604614258,229.06666564941406,4395.259765625
2021-08-02,141.72369384765625,145.49000549316406,166.57400512695312,225.33999633789062,133.5833740234375,23.976858139038086,212.5354766845703,272.8272399902344,19.659923553466797,236.55667114257812,4387.16015625
2021-08-03,143.51565551757812,145.64999389648438,168.31199645996094,229.08999633789062,134.35154724121094,24.29776382446289,209.7470703125,275.0303649902344,19.724628448486328,236.5800018310547,4423.14990234375
2021-08-04,143.11634826660156,147.39999389648438,167.73599243164062,226.6300048828125,133.85182189941406,23.91926383972168,207.8704833984375,274.4460144042969,20.18153953552246,236.97332763671875,4402.66015625
2021-08-05,143.2235107421875,150.32000732421875,168.79949951171875,229.94000244140625,134.9672088623047,24.05091667175293,209.27793884277344,277.32928466796875,20.542875289916992,238.2100067138672,4429.10009765625
2021-08-06,142.5407257080078,149.99000549316406,167.2469940185547,231.3300018310547,134.4590301513672,24.12496566772461,209.13629150390625,277.2718811035156,20.273113250732422,233.03334045410156,4436.52001953125
2021-08-09,142.49195861816406,149.44000244140625,167.093505859375,232.27000427246094,135.62246704101562,24.12496566772461,207.73770141601562,276.1893310546875,20.202436447143555,237.9199981689453,4432.35009765625
2021-08-10,142.01405334472656,147.9499969482422,166.03399658203125,235.77999877929688,135.5174560546875,24.462322235107422,206.64892578125,274.37908935546875,19.845075607299805,236.663330078125,4436.75
2021-08-11,142.26763916015625,148.16000366210938,164.60549926757812,239.49000549316406,134.99444580078125,24.766765594482422,208.5078582763672,274.8675537109375,19.609159469604492,235.94000244140625,4442.41015625
2021-08-12,145.2230224609375,151.14999389648438,165.1750030517578,238.17999267578125,135.9008331298828,25.013607025146484,209.49920654296875,277.6070251464844,19.81421661376953,240.75,4460.830078125
2021-08-13,145.4278106689453,152.75999450683594,164.69850158691406,234.4600067138672,136.4292755126953,23.86989974975586,211.40240478515625,280.5191345214844,20.09592628479004,239.05667114257812,4468.0
2021-08-16,147.39808654785156,148.57000732421875,164.94949340820312,229.05999755859375,137.0057830810547,24.223705291748047,213.3056182861328,282.1954345703125,19.8590145111084,228.72332763671875,4479.7099609375
2021-08-17,146.49099731445312,143.89999389648438,162.09800720214844,222.22000122070312,135.3733367919922,23.59836196899414,212.6947784423828,280.7393798828125,19.369253158569336,221.90333557128906,4448.080078125
2021-08-18,142.75534057617188,146.74000549316406,160.06100463867188,219.0,134.1722412109375,23.219873428344727,210.7473602294922,279.0215148925781,18.95316505432129,229.663330078125,4400.27001953125
2021-08-19,143.0869140625,142.64999389648438,159.3874969482422,212.16000366210938,134.40106201171875,22.857831954956055,209.99496459960938,284.8182067871094,19.707704544067383,224.49000549316406,4405.7998046875
2021-08-20,144.5402374267578,143.6999969482422,159.99749755859375,212.6699981689453,136.1340789794922,23.219873428344727,211.11029052734375,292.1025390625,20.721059799194336,226.75332641601562,4441.669921875
2021-08-23,146.02284240722656,146.7899932861328,163.2935028076172,219.39999389648438,138.7214813232422,23.499624252319336,212.14598083496094,292.3808898925781,21.85785675048828,235.43333435058594,4479.52978515625
2021-08-24,145.93504333496094,161.4199981689453,165.28900146484375,221.42999267578125,139.9299774169922,23.779386520385742,211.0571746826172,290.4327087402344,21.693605422973633,236.163330078125,4486.22998046875
2021-08-25,144.7060546875,160.35000610351562,164.95899963378906,221.02999877929688,140.73974609375,24.18256187438965,211.4112548828125,289.8472595214844,22.1116886138916,237.06666564941406,4496.18994140625
2021-08-26,143.90623474121094,152.72999572753906,165.8000030517578,216.5,140.1072998046875,23.943946838378906,209.7470703125,287.0448303222656,21.967357635498047,233.72000122070312,4470.0
2021-08-27,144.940185546875,154.17999267578125,167.48150634765625,221.75,142.64659118652344,23.795839309692383,210.21624755859375,287.6494140625,22.53276252746582,237.30667114257812,4509.3701171875
2021-08-30,149.348876953125,156.02000427246094,171.07850646972656,217.66000366210938,143.22760009765625,24.47054672241211,209.42837524414062,291.3635559082031,22.58452606201172,243.6366729736328,4528.7900390625
2021-08-31,148.09060668945312,154.99000549316406,173.5395050048828,219.5,143.3335723876953,24.47054672241211,211.35093688964844,289.72247314453125,22.286834716796875,245.24000549316406,4522.68017578125
2021-09-01,148.75387573242188,156.58999633789062,173.9499969482422,218.1199951171875,143.8466796875,24.04268455505371,211.96505737304688,289.6744384765625,22.342586517333984,244.69667053222656,4524.08984375
2021-09-02,149.86575317382812,157.1999969482422,173.156005859375,220.8300018310547,141.9364013671875,24.35536003112793,213.4959259033203,289.0218200683594,22.297788619995117,244.1300048828125,4536.9501953125
2021-09-03,150.499755859375,158.0,173.90249633789062,218.1699981689453,142.3845977783203,24.569286346435547,212.56137084960938,289.0123596191406,22.74283218383789,244.52333068847656,4535.43017578125
2021-09-07,152.83091735839844,165.0,175.46449279785156,214.24000549316406,142.92050170898438,23.72783660888672,210.2205810546875,288.0909118652344,22.562623977661133,250.97332763671875,4520.02978515625
2021-09-08,151.2898406982422,163.92999267578125,176.27499389648438,211.3800048828125,142.33656311035156,23.34686851501465,212.38340759277344,288.1196594238281,22.241037368774414,251.2899932861328,4514.06982421875
2021-09-09,150.27545166015625,166.0,174.20799255371094,213.94000244140625,142.18798828125,23.36343002319336,212.37448120117188,285.27886962890625,22.07974624633789,251.6199951171875,4493.27978515625
2021-09-10,145.301025390625,165.1999969482422,173.45750427246094,210.3000030517578,139.54812622070312,23.189510345458984,212.88182067871094,283.80096435546875,22.37942886352539,245.42333984375,4458.580078125
2021-09-13,145.8667755126953,160.32000732421875,172.85850524902344,214.47999572753906,140.99087524414062,23.504230499267578,214.6885986328125,285.0294189453125,22.054855346679688,247.6666717529297,4468.72998046875
2021-09-14,144.47195434570312,163.3000030517578,172.5,211.57000732421875,141.2008514404297,22.825103759765625,214.61740112304688,287.7165832519531,22.14446258544922,248.163330078125,4443.0498046875
2021-09-15,145.3595733642578,166.3699951171875,173.7895050048828,214.22000122070312,143.068115234375,23.148101806640625,214.48390197753906,292.54412841796875,22.243026733398438,251.94332885742188,4480.7001953125
2021-09-16,145.12545776367188,168.14999389648438,174.41200256347656,213.36000061035156,142.25631713867188,23.222644805908203,216.46871948242188,292.9280090332031,22.14446258544922,252.3300018310547,4473.75
2021-09-17,142.46270751953125,166.58999633789062,173.12600708007812,213.36000061035156,139.4728240966797,22.924489974975586,215.827880859375,287.7934265136719,21.8039608001709,253.163330078125,4432.990234375
2021-09-20,139.41954040527344,161.63999938964844,167.7864990234375,209.5,137.4119415283203,22.560081481933594,212.8017120361328,282.4477233886719,21.020416259765625,243.38999938964844,4357.72998046875
2021-09-21,139.8975067138672,169.2899932861328,167.18150329589844,208.50999450683594,137.72244262695312,22.22052001953125,214.05670166015625,282.9276123046875,21.152830123901367,246.4600067138672,4354.18994140625
2021-09-22,142.2578582763672,169.9600067138672,169.00250244140625,216.97999572753906,138.96119689941406,22.849945068359375,216.3975372314453,286.5553283691406,21.84478187561035,250.64666748046875,4395.64013671875
2021-09-23,143.2136993408203,175.1300048828125,170.8000030517578,221.10000610351562,139.8848876953125,23.172948837280273,217.86607360839844,287.49591064453125,22.38340950012207,251.2133331298828,4448.97998046875
2021-09-24,143.3015594482422,175.8800048828125,171.2760009765625,221.38999938964844,140.87448120117188,23.09840965270996,219.32577514648438,287.2944030761719,21.984167098999023,258.1300048828125,4455.47998046875
2021-09-27,141.7897186279297,174.25999450683594,170.2899932861328,224.16000366210938,139.7422637939453,23.777530670166016,220.82994079589844,282.322998046875,21.565017700195312,263.78668212890625,4443.10986328125
2021-09-28,138.4149169921875,168.5800018310547,165.79800415039062,218.41000366210938,134.54966735839844,23.66986846923828,216.9671173095703,272.10186767578125,20.60822868347168,259.1866760253906,4352.6298828125
2021-09-29,139.31228637695312,168.07000732421875,165.05599975585938,225.36000061035156,133.08709716796875,22.61804962158203,217.42105102539062,272.56256103515625,20.427030563354492,260.4366760253906,4359.4599609375
2021-09-30,138.01499938964844,167.75,164.2519989013672,219.94000244140625,132.41595458984375,22.65946388244629,214.599609375,270.56634521484375,20.625150680541992,258.49334716796875,4307.5400390625
2021-10-01,139.13668823242188,173.00999450683594,164.16299438476562,226.0,135.25592041015625,23.247482299804688,216.21949768066406,277.4571533203125,20.651039123535156,258.40667724609375,4357.0400390625
2021-10-04,135.71316528320312,164.5,159.48899841308594,223.7899932861328,132.3996124267578,23.25577163696289,216.35302734375,271.7083435058594,19.645469665527344,260.510009765625,4300.4599609375
2021-10-05,137.6346435546875,164.74000549316406,161.0500030517578,224.4199981689453,134.74082946777344,23.437969207763672,218.2577362060547,277.13079833984375,20.361318588256836,260.1966552734375,4345.72021484375
2021-10-06,138.5027313232422,167.25,163.10049438476562,224.99000549316406,136.26832580566406,22.982463836669922,219.93099975585938,281.30560302734375,20.60922622680664,260.9166564941406,4363.5498046875
2021-10-07,139.7609100341797,169.60000610351562,165.1215057373047,226.47999572753906,137.9126739501953,23.230920791625977,221.01683044433594,282.9755859375,20.98258399963379,264.53668212890625,4399.759765625
2021-10-08,139.3805389404297,169.97000122070312,164.43099975585938,226.38999938964844,138.4678955078125,23.09840965270996,220.46502685546875,282.9755859375,20.739654541015625,261.8299865722656,4391.33984375
2021-10-11,139.2927703857422,166.6699981689453,162.31500244140625,226.4499969482422,137.60459899902344,22.924489974975586,219.46817016601562,282.38055419921875,20.604248046875,263.9800109863281,4361.18994140625
2021-10-12,138.02474975585938,172.75,162.3665008544922,223.57000732421875,135.1627960205078,21.988624572753906,217.63467407226562,281.0849304199219,20.58034896850586,268.5733337402344,4350.64990234375
2021-10-13,137.4395294189453,173.5800018310547,164.21400451660156,221.77999877929688,136.28517150878906,21.930654525756836,215.9702606201172,284.37677001953125,20.847177505493164,270.3599853515625,4363.7998046875
2021-10-14,140.2193145751953,170.5,164.9929962158203,217.44000244140625,139.8205108642578,22.767127990722656,217.66139221191406,290.5574645996094,21.650634765625,272.7733459472656,4438.259765625
2021-10-15,141.2727813720703,169.17999267578125,170.4510040283203,217.0399932861328,140.03546142578125,23.421405792236328,215.61424255371094,291.9586181640625,21.766132354736328,281.010009765625,4471.3701171875
2021-10-18,142.94065856933594,172.32000732421875,172.33700561523438,216.97999572753906,141.43218994140625,23.686431884765625,215.62315368652344,294.91461181640625,22.124549865722656,290.03668212890625,4486.4599609375
2021-10-19,145.09620666503906,170.74000549316406,172.20750427246094,215.97000122070312,141.88685607910156,23.901758193969727,216.07708740234375,295.8168029785156,22.192258834838867,288.0899963378906,4519.6298828125
2021-10-20,145.5839080810547,169.75999450683594,170.7530059814453,216.1699981689453,140.43267822265625,23.678146362304688,213.3624725341797,295.02978515625,22.00607681274414,288.6000061035156,4536.18994140625
2021-10-21,145.79849243164062,170.5,171.75050354003906,214.33999633789062,140.54855346679688,25.31797981262207,214.85768127441406,298.24493408203125,22.592483520507812,298.0,4549.77978515625
2021-10-22,145.02792358398438,166.63999938964844,166.77749633789062,212.97000122070312,136.26980590820312,25.235157012939453,212.2231903076172,296.70928955078125,22.626338958740234,303.2266540527344,4544.89990234375
2021-10-25,144.9792022705078,169.24000549316406,166.01849365234375,212.8699951171875,136.1514434814453,25.367664337158203,211.2440948486328,295.7207946777344,23.064414978027344,341.6199951171875,4566.47998046875
2021-10-26,145.64244079589844,171.13999938964844,168.80349731445312,209.80999755859375,137.99537658691406,24.96185302734375,210.42526245117188,297.62103271484375,24.608612060546875,339.4766540527344,4574.7900390625
2021-10-27,145.1840057373047,169.10000610351562,169.62449645996094,206.61000061035156,144.83926391601562,24.597448348999023,216.04151916503906,310.15509033203125,24.343774795532227,345.9533386230469,4551.68017578125
2021-10-28,148.81234741210938,171.6999969482422,172.32850646972656,207.85000610351562,144.47421264648438,25.218597412109375,218.50689697265625,311.2874450683594,24.831626892089844,359.0133361816406,4596.419921875
2021-10-29,146.110595703125,170.66000366210938,168.6215057373047,207.02999877929688,146.6505126953125,25.11920928955078,218.55140686035156,318.2647705078125,25.45488166809082,371.3333435058594,4605.3798828125
2021-11-01,145.29132080078125,174.60000610351562,165.90550231933594,214.5800018310547,142.14437866210938,25.88115119934082,223.02838134765625,316.10540771484375,25.713741302490234,402.86334228515625,4613.669921875
2021-11-02,146.32521057128906,172.8699951171875,165.6374969482422,212.77000427246094,144.0616455078125,25.68238639831543,221.83566284179688,319.7139587402344,26.285219192504883,390.6666564941406,4630.64990234375
2021-11-03,147.75892639160156,172.8699951171875,169.1999969482422,213.3800048828125,145.21620178222656,25.88115119934082,222.86814880371094,320.5489196777344,26.48135757446289,404.6199951171875,4660.56982421875
2021-11-04,147.2419891357422,178.4499969482422,173.85000610351562,213.02999877929688,146.86993408203125,25.94740867614746,225.59169006347656,322.8906555175781,29.670312881469727,409.9700012207031,4680.06005859375
2021-11-05,147.7694854736328,201.6199951171875,175.94949340820312,224.4600067138672,147.4489288330078,26.46088981628418,226.7042694091797,322.52587890625,29.621530532836914,407.36334228515625,4697.52978515625
2021-11-08,146.94898986816406,200.32000732421875,174.44900512695312,222.67999267578125,147.626220703125,26.171018600463867,225.2712860107422,323.41851806640625,30.66891860961914,387.64666748046875,4701.7001953125
2021-11-09,147.31040954589844,194.67999267578125,178.81149291992188,220.7899932861328,147.51480102539062,26.31181526184082,224.87074279785156,322.4204406738281,30.52255630493164,341.1666564941406,4685.25
2021-11-10,144.48744201660156,192.22000122070312,174.1024932861328,218.5,144.518310546875,26.104764938354492,225.29800415039062,317.47772216796875,29.329811096191406,355.98333740234375,4646.7099609375
2021-11-11,144.43865966796875,191.61000061035156,173.625,219.3800048828125,144.39251708984375,26.24555778503418,222.65451049804688,319.04217529296875,30.25673484802246,354.5033264160156,4649.27001953125
2021-11-12,146.50942993164062,206.5399932861328,176.25750732421875,220.9600067138672,147.27655029296875,26.353227615356445,223.1084747314453,323.15936279296875,30.25673484802246,344.47332763671875,4682.85009765625
2021-11-15,146.5191650390625,207.2100067138672,177.28399658203125,233.08999633789062,147.0526885986328,25.963973999023438,225.12887573242188,322.53558349609375,29.893327713012695,337.7966613769531,4682.7998046875
2021-11-16,147.4959716796875,207.0399932861328,177.03500366210938,225.8000030517578,146.4821319580078,25.848020553588867,224.70167541503906,325.8370056152344,30.0705509185791,351.57666015625,4700.89990234375
2021-11-17,149.92823791503906,199.11000061035156,177.4499969482422,226.6199951171875,146.65150451660156,25.616130828857422,224.90640258789062,326.05816650390625,29.13268280029297,363.0033264160156,4688.669921875
2021-11-18,154.20657348632812,204.3300018310547,184.80299377441406,227.25,148.4261474609375,26.0136661529541,225.6094970703125,328.12530517578125,31.536090850830078,365.4599914550781,4704.5400390625
2021-11-19,156.8243865966797,196.4199981689453,183.82850646972656,214.1300048828125,147.52273559570312,26.046791076660156,224.24774169921875,329.89447021484375,32.84035873413086,379.0199890136719,4697.9599609375
2021-11-22,157.28350830078125,181.72999572753906,178.6284942626953,209.89999389648438,144.92294311523438,26.444326400756836,225.6094970703125,326.74078369140625,31.81586265563965,385.6233215332031,4682.93994140625
2021-11-23,157.6644287109375,178.27000427246094,179.0019989013672,209.1300048828125,144.4078369140625,26.659656524658203,227.5408935546875,324.673583984375,31.60678482055664,369.6766662597656,4690.7001953125
2021-11-24,158.18212890625,179.88999938964844,179.02049255371094,210.60000610351562,144.74266052246094,29.351289749145508,228.84036254882812,324.89483642578125,32.53070831298828,372.0,4701.4599609375
2021-11-26,153.171142578125,173.86000061035156,175.22799682617188,199.2100067138672,140.84278869628906,28.639049530029297,222.52102661132812,316.9818420410156,31.364849090576172,360.6400146484375,4594.6201171875
2021-11-29,156.52162170410156,180.0800018310547,178.07850646972656,198.5,144.1587371826172,29.757110595703125,222.77915954589844,323.6640319824219,33.22963333129883,378.9966735839844,4655.27001953125
2021-11-30,161.4641571044922,172.5399932861328,175.35350036621094,197.85000610351562,140.55996704101562,29.21877670288086,218.9127960205078,317.8566589355469,32.53270721435547,381.586669921875,4567.0
2021-12-01,160.94647216796875,163.0800018310547,172.18600463867188,188.19000244140625,139.72193908691406,30.19605255126953,218.53692626953125,317.3663330078125,31.300981521606445,365.0,4513.0400390625
2021-12-02,159.95986938476562,169.60000610351562,171.8679962158203,202.3800048828125,141.618408203125,31.17332649230957,222.67176818847656,316.79901123046875,31.989032745361328,361.5333251953125,4577.10009765625
2021-12-03,158.0844268798828,166.75,169.489501953125,198.49000549316406,140.66299438476562,31.098791122436523,223.1460723876953,310.5686950683594,30.562145233154297,338.3233337402344,4538.43017578125
2021-12-06,161.4836883544922,180.85000610351562,171.36849975585938,205.8800048828125,141.80560302734375,30.58531379699707,228.9276885986328,313.6261901855469,29.908939361572266,336.336669921875,4591.669921875
2021-12-07,167.20767211914062,183.13999938964844,176.1645050048828,208.8300018310547,145.88133239746094,31.093952178955078,232.614990234375,322.0199279785156,32.288753509521484,350.5833435058594,4686.75
2021-12-08,171.0172119140625,186.49000549316406,176.1580047607422,211.02999877929688,146.78968811035156,30.610319137573242,232.3196258544922,322.0680847167969,31.69031524658203,356.32000732421875,4701.2099609375
2021-12-09,170.50927734375,181.4600067138672,174.17100524902344,207.55999755859375,146.24685668945312,30.143375396728516,234.789794921875,320.27001953125,30.36001205444336,334.6000061035156,4667.4501953125
2021-12-10,175.28579711914062,180.4199981689453,172.21200561523438,205.05999755859375,146.60643005371094,30.37684440612793,237.1436309814453,329.3464050292969,30.069252014160156,339.010009765625,4712.02001953125
2021-12-13,171.6619110107422,171.0399932861328,169.5675048828125,197.39999389648438,144.4519500732422,29.417922973632812,235.46102905273438,326.3273620605469,28.040935516357422,322.13665771484375,4668.97021484375
2021-12-14,170.28460693359375,167.9600067138672,169.0915069580078,195.5,142.550537109375,29.68476104736328,234.95089721679688,315.6933288574219,28.2161865234375,319.5033264160156,4634.08984375
2021-12-15,175.1392822265625,168.13999938964844,173.31500244140625,195.42999267578125,145.06065368652344,30.235092163085938,236.7408905029297,321.7602844238281,30.329143524169922,325.3299865722656,4709.85009765625
2021-12-16,168.2626190185547,156.3800048828125,168.87100219726562,190.7899932861328,143.08348083496094,30.601993560791016,237.66268920898438,312.3858337402344,28.265975952148438,308.97332763671875,4668.669921875
2021-12-17,167.16860961914062,157.91000366210938,170.0175018310547,192.6300048828125,140.38909912109375,30.49358367919922,234.21705627441406,311.3282165527344,27.68247413635254,310.8566589355469,4620.64013671875
2021-12-20,165.81089782714844,157.22999572753906,167.07899475097656,188.47999572753906,140.27220153808594,30.126693725585938,234.24386596679688,307.5880432128906,27.600820541381836,299.9800109863281,4568.02001953125
2021-12-21,168.97573852539062,165.66000366210938,170.41700744628906,199.52000427246094,142.12014770507812,30.868810653686523,236.6245574951172,314.683837890625,28.951045989990234,312.84332275390625,4649.22998046875
2021-12-22,171.56419372558594,169.2899932861328,171.03700256347656,201.69000244140625,145.03488159179688,31.08561134338379,237.11676025390625,320.3661804199219,29.274656295776367,336.2900085449219,4696.56005859375
2021-12-23,172.18936157226562,171.30999755859375,171.06849670410156,204.22000122070312,145.53164672851562,31.394134521484375,238.0207061767578,321.79876708984375,29.513633728027344,355.6666564941406,4725.7900390625
2021-12-27,176.14537048339844,171.67999267578125,169.66949462890625,203.1699981689453,146.51231384277344,31.76936912536621,240.07017517089844,329.2598876953125,30.81307029724121,364.64666748046875,4791.18994140625
2021-12-28,175.1295166015625,169.7100067138672,170.66099548339844,206.1300048828125,145.30433654785156,31.6442928314209,239.7480010986328,328.1060485839844,30.192726135253906,362.8233337402344,4786.35009765625
2021-12-29,175.21743774414062,167.44000244140625,169.2010040283203,203.66000366210938,145.2726287841797,31.6693058013916,240.2938995361328,328.7791442871094,29.873096466064453,362.0633239746094,4793.06005859375
2021-12-30,174.06480407714844,168.77999877929688,168.64450073242188,202.7100067138672,144.82241821289062,31.47751808166504,239.1483917236328,326.25042724609375,29.45986557006836,356.7799987792969,4778.72998046875
2021-12-31,173.44944763183594,166.49000549316406,166.7169952392578,201.32000732421875,143.4866485595703,31.410812377929688,239.91807556152344,323.36602783203125,29.285602569580078,352.260009765625,4766.18017578125
2022-01-03,177.78636169433594,172.67999267578125,170.4044952392578,207.86000061035156,143.62481689453125,31.702653884887695,240.37451171875,321.8564147949219,29.992582321166992,399.9266662597656,4796.56005859375
2022-01-04,175.52999877929688,170.8000030517578,167.52200317382812,213.6300048828125,143.03839111328125,32.68659591674805,240.31185913085938,316.3375549316406,29.16512680053711,383.1966552734375,4793.5400390625
2022-01-05,170.8609161376953,162.25,164.35699462890625,213.07000732421875,136.476318359375,32.41141891479492,239.13047790527344,304.19403076171875,27.486312866210938,362.7066650390625,4700.580078125
2022-01-06,168.00868225097656,159.75,163.25399780273438,211.33999633789062,136.44908142089844,32.25297927856445,241.36795043945312,301.7903137207031,28.05786895751953,354.8999938964844,4696.0498046875
2022-01-07,168.17474365234375,166.0500030517578,162.5540008544922,215.5,135.7254638671875,32.22797775268555,239.0140838623047,301.9441223144531,27.130836486816406,342.32000732421875,4677.02978515625
2022-01-10,168.19427490234375,160.7100067138672,161.48599243164062,209.30999755859375,137.36241149902344,32.48646926879883,236.64244079589844,302.16522216796875,27.283180236816406,352.7066650390625,4670.2900390625
2022-01-11,171.0172119140625,168.61000061035156,165.36199951171875,216.02000427246094,138.4188232421875,32.67825698852539,234.5929412841797,302.8480224609375,27.698406219482422,354.79998779296875,4713.06982421875
2022-01-12,171.45672607421875,169.5399932861328,165.20700073242188,217.4499969482422,140.09735107421875,32.51148986816406,233.51895141601562,306.01123046875,27.879627227783203,368.739990234375,4726.35009765625
2022-01-13,168.19427490234375,166.0,161.21400451660156,223.89999389648438,137.28070068359375,32.26967239379883,233.95748901367188,293.06005859375,26.461702346801758,343.85333251953125,4659.02978515625
2022-01-14,169.05384826660156,163.99000549316406,162.13800048828125,225.9600067138672,138.16575622558594,32.036190032958984,230.6460418701172,298.2521057128906,26.827138900756836,349.8699951171875,4662.85009765625
2022-01-18,165.85971069335938,154.69000244140625,158.91749572753906,225.00999450683594,134.7161102294922,31.377456665039062,229.54519653320312,290.99285888671875,25.792560577392578,343.5033264160156,4577.10986328125
2022-01-19,162.37257385253906,154.5800018310547,156.2989959716797,217.0800018310547,133.84288024902344,30.518600463867188,228.41751098632812,291.6466369628906,24.960128784179688,331.8833312988281,4532.759765625
2022-01-20,160.69247436523438,158.0,151.66749572753906,214.19000244140625,132.05093383789062,30.11002540588379,226.54705810546875,289.9833068847656,24.047039031982422,332.0899963378906,4482.72998046875
2022-01-21,158.64125061035156,156.72999572753906,142.64300537109375,205.44000244140625,129.12281799316406,29.067720413208008,227.8537139892578,284.6278076171875,23.274349212646484,314.6333312988281,4397.93994140625
2022-01-24,157.86956787109375,147.89999389648438,144.54400634765625,204.1999969482422,129.57106018066406,29.701435089111328,226.97662353515625,284.9547119140625,23.272356033325195,310.0,4410.1298828125
2022-01-25,156.072265625,144.55999755859375,139.98599243164062,204.10000610351562,125.73851776123047,29.16777229309082,224.3542938232422,277.3782958984375,22.228824615478516,306.1333312988281,4356.4501953125
2022-01-26,155.98434448242188,142.13999938964844,138.87249755859375,194.27000427246094,128.0148468017578,29.376239776611328,223.61148071289062,285.2816162109375,22.674915313720703,312.4700012207031,4349.93017578125
2022-01-27,155.5252685546875,138.41000366210938,139.6374969482422,189.75,127.78901672363281,29.359560012817383,222.61807250976562,288.2910461425781,21.850444793701172,276.3666687011719,4326.509765625
2022-01-28,166.37742614746094,142.77000427246094,143.97799682617188,190.57000732421875,132.0940399169922,30.26844596862793,229.1961669921875,296.38677978515625,22.74262809753418,282.1166687011719,4431.85009765625
2022-01-31,170.7241668701172,153.97000122070312,149.57350158691406,200.24000549316406,134.02813720703125,30.626998901367188,232.20330810546875,299.0020446777344,24.381608963012695,312.239990234375,4515.5498046875
2022-02-01,170.55816650390625,156.94000244140625,151.19349670410156,208.33999633789062,136.34654235839844,31.235706329345703,231.7916259765625,296.86749267578125,24.532957077026367,310.4166564941406,4546.5400390625
2022-02-02,171.7595672607422,151.75999450683594,150.6125030517578,207.52000427246094,146.6049346923828,31.819393157958984,234.736083984375,301.3865051269531,25.13438606262207,301.88665771484375,4589.3798828125
2022-02-03,168.88780212402344,149.57000732421875,138.8455047607422,206.38999938964844,141.74124145507812,31.45250129699707,233.26834106445312,289.6467590332031,23.845897674560547,297.0466613769531,4477.43994140625
2022-02-04,168.6041717529297,155.55999755859375,157.63949584960938,206.4499969482422,141.94232177734375,31.352434158325195,232.7492218017578,294.1560974121094,24.21531867980957,307.7733459472656,4500.52978515625
2022-02-07,167.89022827148438,157.91000366210938,157.9355010986328,211.9199981689453,137.88888549804688,31.260719299316406,232.56129455566406,289.3583679199219,24.622573852539062,302.4466552734375,4483.8701171875
2022-02-08,170.9905548095703,162.25999450683594,161.4134979248047,213.27000427246094,138.0850372314453,31.685977935791016,232.7671356201172,292.82928466796875,25.000953674316406,307.3333435058594,4521.5400390625
2022-02-09,172.40875244140625,169.52999877929688,161.1894989013672,215.86000061035156,140.2573699951172,32.01951217651367,232.57025146484375,299.2231140136719,26.59114646911621,310.6666564941406,4587.18017578125
2022-02-10,168.340087890625,171.9499969482422,159.0034942626953,218.75,137.3133544921875,31.777706146240234,229.8942413330078,290.7332763671875,25.71390151977539,301.51666259765625,4504.080078125
2022-02-11,164.93653869628906,166.52999877929688,153.2935028076172,212.3000030517578,133.01673889160156,31.127309799194336,228.36383056640625,283.6759948730469,23.846891403198242,286.6666564941406,4418.64013671875
2022-02-14,165.17124938964844,169.66000366210938,155.16700744628906,210.0399932861328,134.24851989746094,30.443552017211914,226.7797088623047,283.6374816894531,24.163537979125977,291.9200134277344,4401.669921875
2022-02-15,168.9954071044922,180.07000732421875,156.510498046875,217.72999572753906,135.32086181640625,31.160654067993164,227.15562438964844,288.89678955078125,26.382041931152344,307.4766540527344,4471.06982421875
2022-02-16,168.76063537597656,186.63999938964844,158.10049438476562,218.92999267578125,136.439697265625,31.59425163269043,226.51119995117188,288.5596008300781,26.397972106933594,307.7966613769531,4475.009765625
2022-02-17,165.17124938964844,183.60000610351562,154.65249633789062,213.5800018310547,131.28968811035156,30.368505477905273,224.57803344726562,280.1099548339844,24.40251922607422,292.1166687011719,4380.259765625
2022-02-18,163.62594604492188,174.89999389648438,152.60150146484375,209.02999877929688,129.17384338378906,30.185070037841797,224.28274536132812,277.4122619628906,23.54120635986328,285.6600036621094,4348.8701171875
2022-02-22,160.7113494873047,165.24000549316406,150.19749450683594,198.74000549316406,128.5898895263672,29.34288215637207,226.1621856689453,277.20989990234375,23.2902774810791,273.84332275390625,4304.759765625
2022-02-23,156.5547332763672,150.0399932861328,144.82699584960938,196.4199981689453,126.3853530883789,28.800884246826172,221.76783752441406,270.0320739746094,22.291553497314453,254.67999267578125,4225.5
2022-02-24,159.1660919189453,158.25999450683594,151.35800170898438,198.42999267578125,131.44024658203125,28.79254913330078,219.29766845703125,283.8289794921875,23.64675521850586,266.92333984375,4288.7001953125
2022-02-25,161.22979736328125,155.08999633789062,153.7884979248047,201.47999572753906,133.19207763671875,28.725845336914062,223.2534637451172,286.4495849609375,24.054012298583984,269.9566650390625,4384.64990234375
2022-02-28,161.4937744140625,151.49000549316406,153.56300354003906,205.33999633789062,133.78395080566406,28.650802612304688,220.28358459472656,287.8755798339844,24.281038284301758,290.1433410644531,4373.93994140625
2022-03-01,159.61599731445312,151.00999450683594,151.14199829101562,194.91000366210938,132.79782104492188,28.408979415893555,215.65780639648438,284.17584228515625,23.37690544128418,288.1233215332031,4306.259765625
2022-03-02,162.90220642089844,157.52999877929688,152.05250549316406,197.80999755859375,133.3030242919922,30.276784896850586,216.83673095703125,289.224365234375,24.120851516723633,293.2966613769531,4386.5400390625
2022-03-03,162.57945251464844,151.69000244140625,147.89849853515625,188.85000610351562,132.63734436035156,30.535280227661133,212.9759521484375,285.1103820800781,23.616924285888672,279.7633361816406,4363.490234375
2022-03-04,159.58663940429688,142.6999969482422,145.64100646972656,180.83999633789062,130.66314697265625,30.310138702392578,212.21994018554688,279.2716369628906,22.842105865478516,279.42999267578125,4328.8701171875
2022-03-07,155.8016357421875,131.58999633789062,137.4530029296875,169.1699981689453,125.187255859375,29.73478126525879,201.88839721679688,268.7218017578125,21.264585494995117,268.1933288574219,4201.08984375
2022-03-08,153.9824981689453,142.1300048828125,136.01449584960938,173.8000030517578,125.90641021728516,29.919527053833008,200.50241088867188,265.7735900878906,21.425926208496094,274.79998779296875,4170.7001953125
2022-03-09,159.37149047851562,148.30999755859375,139.2790069580078,178.55999755859375,132.16236877441406,30.27220916748047,200.2144775390625,277.9613952636719,22.919788360595703,286.3233337402344,4277.8798828125
2022-03-10,155.03875732421875,151.8000030517578,146.8175048828125,178.38999938964844,131.1812286376953,30.35619354248047,199.7914581298828,275.15777587890625,22.565248489379883,279.4333190917969,4259.52001953125
2022-03-11,151.3319854736328,145.13999938964844,145.52450561523438,176.22999572753906,128.64634704589844,30.47374725341797,204.1742706298828,269.83935546875,22.009531021118164,265.1166687011719,4204.31005859375
2022-03-14,147.31224060058594,138.5,141.85299682617188,175.52000427246094,124.76378631591797,28.634740829467773,203.55332946777344,266.34197998046875,21.24268341064453,255.4566650390625,4173.10986328125
2022-03-15,151.68411254882812,143.9499969482422,147.3665008544922,179.88999938964844,127.98017883300781,29.27294158935547,209.30406188964844,276.66070556640625,22.878957748413086,267.2966613769531,4262.4501953125
2022-03-16,156.08526611328125,155.75,153.10400390625,188.99000549316406,132.02418518066406,30.070682525634766,214.31686401367188,283.63629150390625,24.395723342895508,280.07666015625,4357.85986328125
2022-03-17,157.09266662597656,157.5500030517578,157.23899841308594,190.19000244140625,132.5774383544922,28.96223258972168,213.71389770507812,284.4359436035156,24.66461753845215,290.5333251953125,4411.669921875
2022-03-18,160.3788604736328,167.0,161.25050354003906,192.8300018310547,134.84237670898438,31.145530700683594,215.01881408691406,289.4556579589844,26.34470558166504,301.7966613769531,4463.1201171875
2022-03-21,161.7481231689453,161.8000030517578,161.4915008544922,185.89999389648438,134.81861877441406,31.52341651916504,211.7790069580078,288.2319641113281,26.624557495117188,307.0533447265625,4461.18017578125
2022-03-22,165.1125946044922,166.44000244140625,164.88900756835938,191.0399932861328,138.54962158203125,32.102821350097656,214.29888916015625,292.9530334472656,26.41541862487793,331.32666015625,4511.60986328125
2022-03-23,166.4720458984375,164.16000366210938,163.4080047607422,186.0399932861328,136.9720916748047,31.682958602905273,212.49893188476562,288.5499572753906,25.52906608581543,333.03668212890625,4456.240234375
2022-03-24,170.24732971191406,170.8300018310547,163.64950561523438,189.0500030517578,140.23757934570312,32.354740142822266,216.2247772216797,292.9916076660156,28.034761428833008,337.97332763671875,4520.16015625
2022-03-25,170.88299560546875,167.22000122070312,164.77349853515625,188.9499969482422,140.33758544921875,33.45478820800781,217.41270446777344,292.5868835449219,27.57863426208496,336.8800048828125,4543.06005859375
2022-03-28,171.74365234375,167.64999389648438,168.99049377441406,188.16000366210938,140.1221160888672,32.539485931396484,218.6366729736328,299.3504943847656,28.10348129272461,363.9466552734375,4575.52001953125
2022-03-29,175.0299072265625,175.52000427246094,169.31500244140625,193.8000030517578,141.16221618652344,33.35401916503906,223.34349060058594,303.8885192871094,28.5386905670166,366.5233459472656,4631.60009765625
2022-03-30,173.8660125732422,173.6300048828125,166.30099487304688,194.91000366210938,140.6005859375,32.61506652832031,224.117431640625,302.3950500488281,27.576641082763672,364.663330078125,4602.4501953125
2022-03-31,170.7754364013672,171.75999450683594,162.99749755859375,191.5,137.7566680908203,30.482145309448242,222.54251098632812,297.0477294921875,27.174297332763672,359.20001220703125,4530.41015625
2022-04-01,170.48199462890625,173.07000732421875,163.55999755859375,190.75999450683594,138.82943725585938,29.894338607788086,224.3154296875,298.1172790527344,26.602645874023438,361.5299987792969,4545.85986328125
2022-04-04,174.52130126953125,177.02000427246094,168.34649658203125,191.17999267578125,141.6238250732422,30.767656326293945,222.13754272460938,303.46441650390625,27.24799919128418,381.8166809082031,4582.64013671875
2022-04-05,171.21551513671875,171.2100067138672,164.05499267578125,182.64999389648438,139.26580810546875,30.230224609375,223.64944458007812,299.52398681640625,25.824844360351562,363.7533264160156,4525.1201171875
2022-04-06,168.05645751953125,164.66000366210938,158.75599670410156,178.72000122070312,135.26089477539062,29.314924240112305,226.30438232421875,288.5596008300781,24.30708122253418,348.586669921875,4481.14990234375
2022-04-07,168.35963439941406,165.91000366210938,157.7845001220703,177.97000122070312,134.6076202392578,33.639530181884766,228.91424560546875,290.3612976074219,24.108898162841797,352.4200134277344,4500.2099609375
2022-04-08,166.3546600341797,162.55999755859375,154.4604949951172,175.1999969482422,132.03115844726562,32.43871307373047,226.30438232421875,286.1220397949219,23.02435874938965,341.8299865722656,4488.27978515625
2022-04-11,162.10997009277344,160.25,151.1219940185547,175.02999877929688,127.60921478271484,32.06923294067383,225.3953857421875,274.8398132324219,21.82727813720703,325.30999755859375,4412.52978515625
2022-04-12,163.97805786132812,160.11000061035156,150.78750610351562,176.27999877929688,126.51066589355469,31.817312240600586,224.24342346191406,271.75665283203125,21.415969848632812,328.98333740234375,4397.4501953125
2022-04-13,166.65786743164062,171.85000610351562,155.54100036621094,182.8699951171875,128.6696014404297,31.859296798706055,226.18734741210938,277.1135559082031,22.112104415893555,340.7900085449219,4446.58984375
2022-04-14,161.66006469726562,170.6999969482422,151.7064971923828,181.94000244140625,125.53544616699219,31.464635848999023,225.44937133789062,269.6080627441406,21.170974731445312,328.3333435058594,4392.58984375
2022-04-18,161.44491577148438,165.74000549316406,152.78500366210938,179.85000610351562,126.47303009033203,32.27076721191406,225.9443817138672,270.27294921875,21.693828582763672,334.7633361816406,4391.68994140625
2022-04-19,163.7237548828125,170.1199951171875,158.11549377441406,185.97999572753906,128.7835693359375,32.489097595214844,229.85020446777344,274.8782653808594,22.107128143310547,342.7166748046875,4462.2099609375
2022-04-20,163.55747985839844,164.5500030517578,153.9980010986328,183.5500030517578,126.83307647705078,33.068511962890625,230.2552032470703,275.899658203125,21.394058227539062,325.73333740234375,4459.4501953125
2022-04-21,162.76528930664062,157.91000366210938,148.29600524902344,181.02000427246094,123.63800048828125,32.1531982421875,229.7152099609375,270.5523376464844,20.10037612915039,336.260009765625,4393.66015625
2022-04-22,158.2369384765625,156.08999633789062,144.35000610351562,176.9199981689453,118.50780487060547,30.893611907958984,225.14340209960938,264.0199890136719,19.435110092163086,335.01666259765625,4271.77978515625
2022-04-25,159.30299377441406,158.38999938964844,146.07400512695312,175.91000366210938,121.91389465332031,31.069955825805664,227.58230590820312,270.4656677246094,19.820528030395508,332.67333984375,4296.1201171875
2022-04-26,153.35653686523438,153.0399932861328,139.39100646972656,167.0399932861328,117.53160095214844,30.51573371887207,223.71246337890625,260.3492736816406,18.711090087890625,292.1400146484375,4175.2001953125
2022-04-27,153.13157653808594,152.22999572753906,138.16700744628906,154.4600067138672,113.2171630859375,30.608110427856445,222.41651916503906,272.8742980957031,18.33961296081543,293.836669921875,4183.9599609375
2022-04-28,160.0463104248047,159.74000549316406,144.59649658203125,154.22000122070312,117.40530395507812,31.557004928588867,228.76124572753906,279.0501708984375,19.701021194458008,292.5033264160156,4287.5
2022-04-29,154.1878662109375,153.2100067138672,124.28150177001953,148.83999633789062,113.03389739990234,30.759258270263672,224.23443603515625,267.3824157714844,18.4710693359375,290.2533264160156,4131.93017578125
2022-05-02,154.49105834960938,152.77999877929688,124.5,148.61000061035156,115.48408508300781,31.120342254638672,221.966552734375,274.0786437988281,19.453041076660156,300.9800109863281,4155.3798828125
2022-05-03,155.9776611328125,145.0,124.25350189208984,153.5800018310547,116.22801971435547,31.842506408691406,221.27354431152344,271.4869079589844,19.52175521850586,303.0833435058594,4175.47998046875
2022-05-04,162.37403869628906,156.17999267578125,125.92849731445312,156.97000122070312,121.10856628417969,33.076908111572266,228.8782196044922,279.38739013671875,20.250757217407227,317.5400085449219,4300.169921875
2022-05-05,153.3272247314453,143.08999633789062,116.40699768066406,150.47000122070312,115.40731811523438,31.8341121673584,224.01844787597656,267.2187194824219,18.76685905456543,291.09332275390625,4146.8701171875
2022-05-06,154.05198669433594,135.83999633789062,114.77249908447266,148.89999389648438,114.65546417236328,31.145530700683594,225.69239807128906,264.6944885253906,18.598548889160156,288.54998779296875,4123.33984375
2022-05-09,148.9391326904297,119.37000274658203,108.78900146484375,133.30999755859375,111.45046997070312,31.078350067138672,222.73150634765625,254.9152069091797,16.880611419677734,262.3699951171875,3991.239990234375
2022-05-10,151.33885192871094,116.12999725341797,108.85900115966797,132.9499969482422,113.31671142578125,31.52341651916504,221.10256958007812,259.6554260253906,17.52297019958496,266.67999267578125,4001.050048828125
2022-05-11,143.4932403564453,116.1500015258789,105.37200164794922,129.38999938964844,112.53166961669922,30.1126651763916,219.9776153564453,251.03240966796875,16.561920166015625,244.6666717529297,3935.179931640625
2022-05-12,139.6341094970703,115.94000244140625,106.93049621582031,123.13999938964844,111.78034210205078,30.095874786376953,219.7616424560547,246.0223846435547,16.10878562927246,242.6666717529297,3930.080078125
2022-05-13,144.09071350097656,121.44999694824219,113.05500030517578,127.19999694824219,114.95661163330078,30.885221481323242,220.52659606933594,251.58155822753906,17.63351821899414,256.5299987792969,4023.889892578125
2022-05-16,142.55294799804688,114.44000244140625,110.81050109863281,124.05000305175781,113.3662338256836,31.49821662902832,219.62661743164062,251.94769287109375,17.19332504272461,241.4566650390625,4008.010009765625
2022-05-17,146.17703247070312,117.5,115.36849975585938,132.0500030517578,115.3751220703125,33.270042419433594,217.4577178955078,257.0733642578125,18.102588653564453,253.8699951171875,4088.85009765625
2022-05-18,137.92982482910156,108.02999877929688,107.11250305175781,125.5199966430664,110.84473419189453,30.943992614746094,207.93614196777344,245.36892700195312,16.86865997314453,236.60333251953125,3923.679931640625
2022-05-19,134.53103637695312,114.16999816894531,107.31900024414062,127.13999938964844,109.343505859375,30.003498077392578,206.0912322998047,244.46115112304688,17.053897857666016,236.47332763671875,3900.7900390625
2022-05-20,134.76611328125,112.55000305175781,107.59100341796875,120.69999694824219,107.88143157958984,29.096599578857422,210.51004028320312,243.90103149414062,16.62565803527832,221.3000030517578,3901.360107421875
2022-05-23,140.17283630371094,113.27999877929688,107.55699920654297,124.06999969482422,110.43711853027344,29.440881729125977,214.1908721923828,251.71363830566406,16.828824996948242,224.96665954589844,3973.75
2022-05-24,137.479248046875,106.23999786376953,104.0999984741211,119.4000015258789,104.97113037109375,29.19736671447754,220.0586395263672,250.718994140625,16.08786964416504,209.3866729736328,3941.47998046875
2022-05-25,137.63600158691406,110.4000015258789,106.7750015258789,122.05999755859375,104.80768585205078,29.869144439697266,219.59963989257812,253.51959228515625,16.905506134033203,219.60000610351562,3978.72998046875
2022-05-26,140.82908630371094,114.30000305175781,111.07749938964844,127.7300033569336,106.77645111083984,30.876821517944336,223.271484375,256.78369140625,17.777921676635742,235.91000366210938,4057.840087890625
2022-05-27,146.5688018798828,120.5,115.14649963378906,132.22999572753906,111.25780487060547,32.539485931396484,226.67335510253906,263.87200927734375,18.733991622924805,253.2100067138672,4158.240234375
2022-05-31,145.7852325439453,120.87000274658203,120.20950317382812,131.39999389648438,112.68968963623047,32.61506652832031,226.97933959960938,262.5489807128906,18.595563888549805,252.75332641601562,4132.14990234375
2022-06-01,145.6579132080078,116.72000122070312,121.68399810791016,130.64999389648438,112.81845092773438,33.87464904785156,224.3424530029297,263.0801086425781,18.245004653930664,246.7899932861328,4101.22998046875
2022-06-02,148.1066131591797,121.26000213623047,125.51100158691406,140.5,116.5137939453125,33.49677276611328,225.33241271972656,265.1660461425781,19.511796951293945,258.3333435058594,4176.81982421875
2022-06-03,142.39625549316406,119.83000183105469,122.3499984741211,139.25,113.4613265991211,33.42959976196289,224.75320434570312,260.7624206542969,18.64336585998535,234.51666259765625,4108.5400390625
2022-06-06,143.1406707763672,122.0199966430664,124.79000091552734,139.24000549316406,115.71936798095703,33.18606948852539,224.4907989501953,259.5359191894531,18.709095001220703,238.27999877929688,4121.43017578125
2022-06-07,145.6579132080078,122.9000015258789,123.0,140.82000732421875,116.04524230957031,33.26212692260742,225.2781219482422,263.1574401855469,18.848526000976562,238.8866729736328,4160.68017578125
2022-06-08,144.92330932617188,123.7699966430664,121.18000030517578,139.6300048828125,116.08934020996094,32.070579528808594,222.2646026611328,261.1390075683594,18.575592041015625,241.86666870117188,4115.77001953125
2022-06-09,139.7124786376953,115.72000122070312,116.1500015258789,133.72999572753906,113.7530517578125,30.988872528076172,219.1425323486328,255.7117919921875,17.977916717529297,239.7066650390625,4017.820068359375
2022-06-10,134.31558227539062,108.91000366210938,109.6500015258789,127.0,110.11368560791016,29.814224243164062,214.81689453125,244.31631469726562,16.9080867767334,232.22999572753906,3900.860107421875
2022-06-13,129.17332458496094,98.93000030517578,103.66999816894531,115.86000061035156,105.38964080810547,28.52971649169922,215.8032684326172,233.95416259765625,15.5862398147583,215.73666381835938,3749.6298828125
2022-06-14,130.0352325439453,98.87000274658203,102.30999755859375,122.16000366210938,105.7095947265625,28.521263122558594,216.06570434570312,236.1077117919922,15.774508476257324,220.88999938964844,3735.47998046875
2022-06-15,132.6504364013672,101.47000122070312,107.66999816894531,133.72000122070312,108.72987365722656,29.079010009765625,216.19239807128906,243.12844848632812,16.46282196044922,233.0,3789.989990234375
2022-06-16,127.39065551757812,93.26000213623047,103.66000366210938,133.36000061035156,105.0340347290039,27.64238739013672,212.8350372314453,236.57125854492188,15.540417671203613,213.10000610351562,3666.77001953125
2022-06-17,128.85986328125,99.48999786376953,106.22000122070312,136.8000030517578,106.1335678100586,28.352245330810547,212.10202026367188,239.15936279296875,15.818333625793457,216.75999450683594,3674.840087890625
2022-06-21,133.08145141601562,102.2699966430664,108.68000030517578,136.75,110.49258422851562,28.977602005004883,216.8168182373047,245.0405731201172,16.501672744750977,237.0366668701172,3764.7900390625
2022-06-22,132.5720977783203,99.52999877929688,108.94999694824219,137.16000366210938,110.4366226196289,28.512815475463867,219.95703125,244.4514923095703,16.29646873474121,236.086669921875,3759.889892578125
2022-06-23,135.43215942382812,95.72000122070312,112.44000244140625,133.97000122070312,111.18400573730469,28.6226749420166,220.4275665283203,249.9850616455078,16.161998748779297,235.07000732421875,3795.72998046875
2022-06-24,138.75259399414062,103.51000213623047,116.45999908447266,141.52999877929688,116.86296081542969,29.771976470947266,224.33692932128906,258.5220031738281,17.059499740600586,245.7066650390625,3911.739990234375
2022-06-27,138.75259399414062,101.5,113.22000122070312,138.72000122070312,114.74164581298828,29.8818359375,223.54965209960938,255.80828857421875,16.803491592407227,244.9199981689453,3900.110107421875
2022-06-28,134.61923217773438,97.52999877929688,107.4000015258789,138.6999969482422,110.95171356201172,29.10435676574707,219.7488555908203,247.68663024902344,15.919939041137695,232.663330078125,3821.550048828125
2022-06-29,136.37245178222656,93.93000030517578,108.91999816894531,138.4499969482422,110.64859771728516,28.402950286865234,224.19216918945312,251.3370361328125,15.481646537780762,228.49000549316406,3818.830078125
2022-06-30,133.91395568847656,89.08000183105469,106.20999908447266,136.72000122070312,107.9359130859375,27.701536178588867,223.4138946533203,248.024658203125,15.100133895874023,224.47332763671875,3785.3798828125
2022-07-01,136.07858276367188,91.41000366210938,109.55999755859375,139.83999633789062,107.71253967285156,26.932525634765625,228.91598510742188,250.68032836914062,14.46660327911377,227.26333618164062,3825.330078125
2022-07-05,138.65463256835938,95.94000244140625,113.5,137.6999969482422,112.19538116455078,26.65365219116211,228.30966186523438,253.8382568359375,14.905890464782715,233.06666564941406,3831.389892578125
2022-07-06,139.98675537109375,92.87999725341797,114.33000183105469,136.30999755859375,113.4920425415039,26.340972900390625,227.55857849121094,257.0830993652344,15.071248054504395,231.73333740234375,3845.080078125
2022-07-07,143.34634399414062,97.5,116.33000183105469,139.97000122070312,117.6633529663086,26.856464385986328,228.89788818359375,259.1979675292969,15.79642105102539,244.5433349609375,3902.6201171875
2022-07-08,144.0221405029297,97.3499984741211,115.54000091552734,139.07000732421875,118.22846984863281,27.135343551635742,229.1693572998047,258.4833679199219,15.776497840881348,250.76333618164062,3899.3798828125
2022-07-11,141.89674377441406,95.0999984741211,111.75,136.99000549316406,114.58612823486328,26.535335540771484,229.20558166503906,255.44137573242188,15.09316349029541,234.3433380126953,3854.429931640625
2022-07-12,142.8663787841797,96.55000305175781,109.22000122070312,147.14999389648438,112.94573974609375,26.47618293762207,227.57664489746094,244.9729766845703,15.023430824279785,233.07000732421875,3818.800048828125
2022-07-13,142.50399780273438,95.63999938964844,110.4000015258789,143.9499969482422,110.30387878417969,26.24801254272461,228.653564453125,244.05557250976562,15.105114936828613,237.0399932861328,3801.780029296875
2022-07-14,145.42282104492188,91.05000305175781,110.62999725341797,147.14999389648438,109.32718658447266,26.349424362182617,228.5902099609375,245.36892700195312,15.31230640411377,238.31333923339844,3790.3798828125
2022-07-15,147.08790588378906,94.66000366210938,113.55000305175781,147.74000549316406,110.72388458251953,26.755056381225586,230.77113342285156,247.91839599609375,15.70079231262207,240.06666564941406,3863.159912109375
2022-07-18,144.05157470703125,97.66999816894531,113.76000213623047,147.72000122070312,108.00228881835938,26.619842529296875,228.42735290527344,245.5330810546875,16.038476943969727,240.54666137695312,3830.85009765625
2022-07-19,147.90089416503906,102.19999694824219,118.20999908447266,156.1300048828125,112.73722839355469,27.743797302246094,232.1195068359375,250.632080078125,16.926021575927734,245.52999877929688,3936.68994140625
2022-07-20,149.89903259277344,107.7300033569336,122.7699966430664,158.3800048828125,112.82637023925781,27.836750030517578,230.38198852539062,253.27813720703125,17.737852096557617,247.5,3959.89990234375
2022-07-21,152.16162109375,108.13999938964844,124.62999725341797,161.41000366210938,113.2622299194336,28.276187896728516,229.37754821777344,255.75994873046875,17.97990608215332,271.7066650390625,3998.949951171875
2022-07-22,150.92747497558594,103.97000122070312,122.41999816894531,158.16000366210938,106.88292694091797,27.4395694732666,229.8480987548828,251.43362426757812,17.251747131347656,272.24334716796875,3961.6298828125
2022-07-25,149.81085205078125,104.94999694824219,121.13999938964844,156.63999938964844,106.49662780761719,27.549427032470703,226.5812530517578,249.95608520507812,16.957889556884766,268.4333190917969,3966.840087890625
2022-07-26,148.4886016845703,101.91000366210938,114.80999755859375,155.9199981689453,104.03009033203125,27.00012969970703,232.6534423828125,243.26370239257812,16.468799591064453,258.8599853515625,3921.050048828125
2022-07-27,153.57200622558594,107.36000061035156,120.97000122070312,156.08999633789062,111.9942855834961,27.566328048706055,234.28236389160156,259.5263671875,17.72092056274414,274.82000732421875,4023.610107421875
2022-07-28,154.12059020996094,108.83999633789062,122.27999877929688,159.08999633789062,113.14337158203125,27.794492721557617,238.41793823242188,266.9333801269531,17.914167404174805,280.8999938964844,4072.429931640625
2022-07-29,159.1746826171875,110.9800033569336,134.9499969482422,159.30999755859375,115.22356414794922,28.2170352935791,238.33651733398438,271.1148681640625,18.092470169067383,297.1499938964844,4130.2900390625
2022-08-01,158.19515991210938,111.19999694824219,135.38999938964844,169.07000732421875,113.77731323242188,28.453651428222656,239.11476135253906,268.478515625,18.369388580322266,297.27667236328125,4118.6298828125
2022-08-02,156.72598266601562,116.33999633789062,134.16000366210938,163.27999877929688,114.0447769165039,27.66773796081543,236.23699951171875,265.39788818359375,18.454055786132812,300.586669921875,4091.18994140625
2022-08-03,162.72039794921875,115.0199966430664,139.52000427246094,166.63999938964844,116.96697998046875,27.853654861450195,237.17816162109375,272.7855529785156,18.81963348388672,307.39666748046875,4155.169921875
2022-08-04,162.40692138671875,119.22000122070312,142.57000732421875,166.5,117.07594299316406,28.107175827026367,235.8660125732422,273.9251403808594,19.1403865814209,308.6333312988281,4151.93994140625
2022-08-05,162.18136596679688,117.11000061035156,140.8000030517578,165.0399932861328,116.36273193359375,28.377605438232422,234.59005737304688,273.2104797363281,18.915264129638672,288.1700134277344,4145.18994140625
2022-08-08,161.71055603027344,115.81999969482422,139.41000366210938,165.88999938964844,116.19434356689453,28.26774024963379,232.39100646972656,270.70928955078125,17.723905563354492,290.42333984375,4140.06005859375
2022-08-09,161.75958251953125,114.44000244140625,137.8300018310547,164.85000610351562,115.5306396484375,27.45646858215332,235.3411102294922,272.6213684082031,17.019649505615234,283.3333435058594,4122.47021484375
2022-08-10,165.99681091308594,118.7300033569336,142.69000244140625,169.02000427246094,118.57169342041016,28.71563148498535,236.5175323486328,279.24627685546875,18.026723861694336,294.3566589355469,4210.240234375
2022-08-11,165.26119995117188,121.5,140.63999938964844,167.8800048828125,117.71980285644531,28.91844940185547,234.63526916503906,277.1795349121094,17.87232780456543,286.6300048828125,4207.27001953125
2022-08-12,168.80197143554688,124.51000213623047,143.5500030517578,169.99000549316406,120.53303527832031,29.281831741333008,237.2596435546875,281.90191650390625,18.6363468170166,300.0299987792969,4280.14990234375
2022-08-15,169.87112426757812,126.04000091552734,143.17999267578125,170.47000122070312,120.92927551269531,29.0705623626709,240.2097930908203,283.4084777832031,18.958097457885742,309.32000732421875,4297.14013671875
2022-08-16,169.7141571044922,124.18000030517578,144.77999877929688,172.0800018310547,120.5528564453125,29.15506935119629,240.97897338867188,282.6744689941406,18.805686950683594,306.5633239746094,4305.2001953125
2022-08-17,171.20504760742188,121.87000274658203,142.10000610351562,167.1999969482422,118.4231185913086,28.994503021240234,241.45858764648438,281.92926025390625,18.263803482055664,303.9966735839844,4274.0400390625
2022-08-18,170.81272888183594,121.2699966430664,142.3000030517578,168.69000244140625,119.03726196289062,29.771976470947266,241.2413787841797,280.8163757324219,18.700098037719727,302.8699951171875,4283.740234375
2022-08-19,168.23309326171875,114.76000213623047,138.22999572753906,162.9199981689453,116.10517120361328,28.926898956298828,241.20516967773438,276.9259033203125,17.779695510864258,296.6666564941406,4228.47998046875
2022-08-22,164.3588104248047,111.38999938964844,133.22000122070312,158.97999572753906,113.16317749023438,28.233938217163086,237.95643615722656,268.7967529296875,16.967857360839844,289.913330078125,4137.990234375
2022-08-23,164.0253143310547,111.5999984741211,133.6199951171875,160.07000732421875,112.7867660522461,28.225488662719727,235.77552795410156,267.5289306640625,17.11427879333496,296.4533386230469,4128.72998046875
2022-08-24,164.31956481933594,114.51000213623047,133.8000030517578,163.60000610351562,112.61836242675781,28.073375701904297,236.0650634765625,266.89990234375,17.155122756958008,297.0966796875,4140.77001953125
2022-08-25,166.7716522216797,117.02999877929688,137.27999877929688,169.3800048828125,115.55046081542969,29.129718780517578,237.60354614257812,269.8612060546875,17.843441009521484,296.07000732421875,4199.1201171875
2022-08-26,160.4844970703125,112.81999969482422,130.75,164.52999877929688,109.29994201660156,26.526884078979492,232.52676391601562,259.4481506347656,16.196857452392578,288.0899963378906,4057.659912109375
2022-08-29,158.2874298095703,113.54000091552734,129.7899932861328,165.4199981689453,108.38860321044922,26.645200729370117,231.35935974121094,256.6803283691406,15.739641189575195,284.82000732421875,4030.610107421875
2022-08-30,155.86477661132812,112.55999755859375,128.72999572753906,162.2100067138672,107.91313171386719,26.281814575195312,229.39561462402344,254.4931640625,15.40793514251709,277.70001220703125,3986.159912109375
2022-08-31,154.20716857910156,113.12000274658203,126.7699966430664,160.25,107.19992065429688,24.262086868286133,229.55029296875,253.04153442382812,15.03538703918457,275.6099853515625,3955.0
2022-09-01,154.93295288085938,113.4000015258789,127.81999969482422,153.66000366210938,108.70558166503906,23.80575180053711,233.36277770996094,252.00601196289062,13.882879257202148,277.1600036621094,3966.85009765625
2022-09-02,152.82415771484375,113.63999938964844,127.51000213623047,151.82000732421875,106.83340454101562,23.35785484313965,231.5793914794922,247.80592346191406,13.594006538391113,270.2099914550781,3924.260009765625
2022-09-06,151.56869506835938,113.69999694824219,126.11000061035156,152.38999938964844,105.80320739746094,23.09588623046875,231.47021484375,245.0864715576172,13.412714004516602,274.4200134277344,3908.18994140625
2022-09-07,152.97132873535156,116.06999969482422,129.47999572753906,155.9499969482422,108.41831970214844,23.214195251464844,235.13710021972656,249.7704620361328,13.66480541229248,283.70001220703125,3979.8701171875
2022-09-08,151.5000457763672,118.58000183105469,129.82000732421875,157.7899932861328,107.35840606689453,23.23954963684082,236.6475067138672,250.18663024902344,13.939813613891602,289.260009765625,4006.179931640625
2022-09-09,154.35426330566406,123.4800033569336,133.27000427246094,157.52000427246094,109.60702514648438,23.881803512573242,236.1379852294922,255.93516540527344,14.335391998291016,299.67999267578125,4067.360107421875
2022-09-12,160.29812622070312,124.79000091552734,136.4499969482422,158.72000122070312,109.81502532958984,24.09307861328125,236.91140747070312,258.05450439453125,14.452967643737793,304.4200134277344,4110.41015625
2022-09-13,150.8919677734375,121.54000091552734,126.81999969482422,147.30999755859375,103.33667755126953,22.984756469726562,231.41561889648438,243.8671112060547,13.083895683288574,292.1300048828125,3932.68994140625
2022-09-14,152.33372497558594,126.80000305175781,128.5500030517578,149.25999450683594,104.0102767944336,23.052961349487305,232.68035888671875,244.08969116210938,13.080904006958008,302.6099853515625,3946.010009765625
2022-09-15,149.45008850097656,125.04000091552734,126.27999877929688,149.77999877929688,101.93997192382812,22.96770477294922,230.63308715820312,237.4701690673828,12.882621765136719,303.75,3901.35009765625
2022-09-16,147.81210327148438,118.75,123.52999877929688,144.2899932861328,101.83101654052734,23.214946746826172,231.94334411621094,236.850830078125,13.150656700134277,303.3500061035156,3873.330078125
2022-09-19,151.5196533203125,118.77999877929688,124.66000366210938,144.8800048828125,102.09844970703125,22.97623062133789,233.85415649414062,236.637939453125,13.333996772766113,309.07000732421875,3899.889892578125
2022-09-20,153.89324951171875,116.70999908447266,122.19000244140625,145.94000244140625,100.18665313720703,22.54995346069336,232.38919067382812,234.63462829589844,13.128735542297363,308.7300109863281,3855.929931640625
2022-09-21,150.77423095703125,114.01000213623047,118.54000091552734,143.2899932861328,98.34418487548828,22.166309356689453,228.45843505859375,231.24745178222656,13.213430404663086,300.79998779296875,3789.929931640625
2022-09-22,149.81298828125,103.72000122070312,117.30999755859375,138.7100067138672,99.19609069824219,21.919065475463867,225.60133361816406,233.21205139160156,12.515939712524414,288.5899963378906,3757.989990234375
2022-09-23,147.54725646972656,101.75,113.77999877929688,131.25999450683594,97.80927276611328,21.61214828491211,223.7906036376953,230.2506561279297,12.471102714538574,275.3299865722656,3693.22998046875
2022-09-26,147.8807373046875,103.2300033569336,115.1500015258789,127.33999633789062,97.2446517944336,21.279651641845703,221.79794311523438,229.79580688476562,12.184136390686035,276.010009765625,3655.0400390625
2022-09-27,148.85177612304688,106.37000274658203,114.41000366210938,127.51000213623047,96.58096313476562,21.296709060668945,215.3740234375,228.78932189941406,12.3684720993042,282.94000244140625,3647.2900390625
2022-09-28,146.96856689453125,110.69000244140625,118.01000213623047,133.44000244140625,99.10691833496094,21.833816528320312,215.59242248535156,233.2991180419922,12.690313339233398,287.80999755859375,3719.0400390625
2022-09-29,139.74960327148438,106.66000366210938,114.80000305175781,125.33000183105469,96.50171661376953,21.34786033630371,213.28121948242188,229.84420776367188,12.176167488098145,268.2099914550781,3640.469970703125
2022-09-30,135.55160522460938,105.04000091552734,113.0,121.08000183105469,94.7484130859375,21.245553970336914,209.95098876953125,225.39244079589844,12.095455169677734,265.25,3585.6201171875
2022-10-03,139.72019958496094,105.0,115.87999725341797,126.05000305175781,97.71022033691406,22.072526931762695,214.1365509033203,232.97976684570312,12.467120170593262,242.39999389648438,3678.429931640625
2022-10-04,143.30023193359375,110.80999755859375,121.08999633789062,133.50999450683594,100.68193817138672,22.711938858032227,217.01185607910156,240.8573455810547,13.119768142700195,249.44000244140625,3790.929931640625
2022-10-05,143.59446716308594,111.76000213623047,120.94999694824219,132.11000061035156,100.47392272949219,22.831300735473633,217.5486602783203,241.1670379638672,13.161617279052734,240.80999755859375,3783.280029296875
2022-10-06,142.64309692382812,111.58000183105469,120.30000305175781,132.1999969482422,100.46402740478516,22.575529098510742,213.5996856689453,238.83473205566406,13.08289909362793,238.1300048828125,3744.52001953125
2022-10-07,137.4053955078125,108.54000091552734,114.55999755859375,129.7899932861328,97.74984741210938,21.34786033630371,212.1802215576172,226.6892852783203,12.03268051147461,223.07000732421875,3639.659912109375
2022-10-10,137.72909545898438,110.98999786376953,113.66999816894531,131.89999389648438,96.93757629394531,21.30523109436035,213.7816925048828,221.86012268066406,11.62813663482666,222.9600067138672,3612.389892578125
2022-10-11,136.31668090820312,106.81999969482422,112.20999908447266,131.57000732421875,96.26398468017578,21.126195907592773,215.6924591064453,218.14393615722656,11.544437408447266,216.5,3588.840087890625
2022-10-12,135.68896484375,112.3499984741211,112.9000015258789,130.4199981689453,96.64039611816406,21.049470901489258,215.70159912109375,218.4729461669922,11.458745002746582,217.24000549316406,3577.030029296875
2022-10-13,140.2498779296875,112.6500015258789,112.52999877929688,132.39999389648438,98.12625885009766,22.18336296081543,224.51853942871094,226.6892852783203,11.917097091674805,221.72000122070312,3669.909912109375
2022-10-14,135.72816467285156,109.16000366210938,106.9000015258789,133.14999389648438,95.64982604980469,21.688884735107422,221.2519989013672,221.19236755371094,11.186726570129395,204.99000549316406,3583.070068359375
2022-10-17,139.68093872070312,116.5,113.79000091552734,136.08999633789062,99.02767944335938,21.902019500732422,224.27288818359375,229.8732147216797,11.845354080200195,219.35000610351562,3677.949951171875
2022-10-18,140.99526977539062,117.94000244140625,116.36000061035156,137.33999633789062,99.82014465332031,21.78266143798828,226.7387237548828,230.81198120117188,11.924070358276367,220.19000244140625,3719.97998046875
2022-10-19,141.10316467285156,116.87000274658203,115.06999969482422,138.38999938964844,98.69088745117188,21.73150634765625,228.15814208984375,228.85708618164062,12.007770538330078,222.0399932861328,3695.159912109375
2022-10-20,140.6421661376953,117.0,115.25,139.1300048828125,99.02767944335938,21.79970932006836,227.2664794921875,228.53768920898438,12.15025806427002,207.27999877929688,3665.780029296875
2022-10-21,144.44781494140625,119.94999694824219,119.31999969482422,141.32000732421875,100.1767349243164,22.839824676513672,231.61578369140625,234.3152618408203,12.421281814575195,214.44000244140625,3752.75
2022-10-24,146.58602905273438,116.38999938964844,119.81999969482422,142.0500030517578,101.55364227294922,23.070011138916016,232.31642150878906,239.27992248535156,12.553804397583008,211.25,3797.340087890625
2022-10-25,149.420654296875,118.44999694824219,120.5999984741211,146.64999389648438,103.49517059326172,23.51333999633789,232.689453125,242.57998657226562,13.213430404663086,222.4199981689453,3859.110107421875
2022-10-26,146.4879608154297,115.30999755859375,115.66000366210938,133.7899932861328,94.03518676757812,23.428081512451172,233.4901885986328,223.86341857910156,12.849740982055664,224.63999938964844,3830.60009765625
2022-10-27,142.02516174316406,112.05999755859375,110.95999908447266,139.75999450683594,91.35073852539062,23.206418991088867,241.22433471679688,219.44070434570312,13.128735542297363,225.08999633789062,3807.300048828125
2022-10-28,152.75547790527344,115.20999908447266,103.41000366210938,143.83999633789062,95.38236999511719,23.91403579711914,249.78652954101562,228.2667236328125,13.784375190734863,228.52000427246094,3901.06005859375
2022-10-31,150.4014892578125,106.91000366210938,102.44000244140625,142.50999450683594,93.61915588378906,23.547443389892578,248.0941619873047,224.64730834960938,13.448582649230957,227.5399932861328,3871.97998046875
2022-11-01,147.76304626464844,109.05000305175781,96.79000091552734,143.3800048828125,89.61722564697266,23.743528366088867,248.35806274414062,220.81494140625,13.494418144226074,227.82000732421875,3856.10009765625
2022-11-02,142.25074768066406,94.41000366210938,92.12000274658203,147.41000366210938,86.15023040771484,23.001806259155273,246.01046752929688,213.0050811767578,13.171582221984863,214.97999572753906,3759.68994140625
2022-11-03,136.21864318847656,92.0199966430664,89.30000305175781,156.75,82.64358520507812,22.72899055480957,248.35806274414062,207.34368896484375,13.372855186462402,215.30999755859375,3719.889892578125
2022-11-04,135.9533233642578,96.08999633789062,90.9800033569336,160.00999450683594,85.76390075683594,24.11865234375,249.8774871826172,214.25350952148438,14.105219841003418,207.47000122070312,3770.550048828125
2022-11-07,136.48385620117188,95.45999908447266,90.52999877929688,164.91000366210938,87.6558837890625,24.510820388793945,251.50625610351562,220.52459716796875,14.2496976852417,197.0800018310547,3806.800048828125
2022-11-08,137.05369567871094,98.9000015258789,89.9800033569336,169.6199951171875,88.06202697753906,24.596080780029297,253.3169403076172,221.49240112304688,14.5496187210083,191.3000030517578,3828.110107421875
2022-11-09,132.50491333007812,95.79000091552734,86.13999938964844,168.74000549316406,86.49691772460938,23.700899124145508,252.76193237304688,217.27291870117188,13.726583480834961,177.58999633789062,3748.570068359375
2022-11-10,144.29444885253906,102.4000015258789,96.62999725341797,177.5800018310547,93.05452728271484,24.979724884033203,251.0240020751953,235.1475372314453,15.693501472473145,190.72000122070312,3956.3701171875
2022-11-11,147.0748291015625,109.56999969482422,100.79000091552734,177.49000549316406,95.50123596191406,26.045413970947266,246.9385528564453,239.14442443847656,16.268430709838867,195.97000122070312,3992.929931640625
2022-11-14,145.6797332763672,105.16000366210938,98.48999786376953,173.5500030517578,94.79792785644531,25.943105697631836,247.73927307128906,233.7636260986328,16.23655128479004,190.9499969482422,3957.25
2022-11-15,147.4088592529297,107.01000213623047,98.94000244140625,175.35000610351562,97.5121078491211,26.053936004638672,243.7083740234375,234.1701202392578,16.606218338012695,194.4199981689453,3991.72998046875
2022-11-16,146.1807403564453,104.43000030517578,97.12000274658203,172.69000244140625,97.91824340820312,24.971195220947266,247.9576416015625,234.5971221923828,15.852926254272461,186.9199981689453,3958.7900390625
2022-11-17,148.07696533203125,99.30000305175781,94.8499984741211,172.77999877929688,97.43285369873047,25.09055519104004,248.7310791015625,234.548583984375,15.620763778686523,183.1699981689453,3946.56005859375
2022-11-18,148.63693237304688,97.7699966430664,94.13999938964844,173.88999938964844,96.51162719726562,25.133180618286133,248.74014282226562,234.1021728515625,15.353726387023926,180.19000244140625,3965.340087890625
2022-11-21,145.4144744873047,95.70999908447266,92.45999908447266,172.94000244140625,94.6988754272461,24.860368728637695,249.78652954101562,234.90768432617188,15.262054443359375,167.8699951171875,3949.93994140625
2022-11-22,147.5464324951172,95.27999877929688,93.19999694824219,172.5,96.13520812988281,25.047924041748047,250.00491333007812,237.7997283935547,15.98047161102295,169.91000366210938,4003.580078125
2022-11-23,148.42083740234375,96.62999725341797,94.12999725341797,174.85000610351562,97.53191375732422,25.499780654907227,248.649169921875,240.27450561523438,16.45974349975586,183.1999969482422,4027.260009765625
2022-11-25,145.51272583007812,97.66999816894531,93.41000366210938,178.36000061035156,96.54132080078125,25.704389572143555,250.2233123779297,240.1871337890625,16.211637496948242,182.86000061035156,4026.1201171875
2022-11-28,141.69091796875,95.30000305175781,93.94999694824219,171.8300018310547,95.14463806152344,24.902996063232422,248.29428100585938,234.626220703125,15.770224571228027,182.9199981689453,3963.93994140625
2022-11-29,138.69439697265625,95.37999725341797,92.41999816894531,175.32000732421875,94.2927474975586,24.621654510498047,246.9567413330078,233.2384033203125,15.582900047302246,180.8300018310547,3957.6298828125
2022-11-30,145.4341278076172,102.13999938964844,96.54000091552734,178.8800048828125,100.0380630493164,25.61061668395996,249.61032104492188,247.61141967773438,16.866605758666992,194.6999969482422,4080.110107421875
2022-12-01,145.70919799804688,101.2699966430664,95.5,175.77999877929688,100.0380630493164,25.4571533203125,250.16844177246094,247.1746826171875,17.077898025512695,194.6999969482422,4076.570068359375
2022-12-02,145.21798706054688,101.0,94.12999725341797,182.8699951171875,99.4932632446289,25.269594192504883,250.16844177246094,247.49497985839844,16.819765090942383,194.86000061035156,4071.699951171875
2022-12-05,144.0586700439453,98.51000213623047,91.01000213623047,185.10000610351562,98.54229736328125,24.902996063232422,248.5123291015625,242.8171844482422,16.554649353027344,182.4499969482422,3998.840087890625
2022-12-06,140.40391540527344,93.12000274658203,88.25,178.42999267578125,96.06586456298828,24.135696411132812,248.67694091796875,237.88706970214844,15.933724403381348,179.82000732421875,3941.260009765625
2022-12-07,138.46844482421875,91.5,88.45999908447266,176.5,94.04510498046875,23.726476669311523,247.3684844970703,237.15921020507812,16.0662841796875,174.0399932861328,3933.919921875
2022-12-08,140.14845275878906,94.83000183105469,90.3499984741211,179.0800018310547,92.8266830444336,24.2806339263916,250.1593475341797,240.09982299804688,17.111785888671875,173.44000244140625,3963.510009765625
2022-12-09,139.6670379638672,94.69999694824219,89.08999633789062,179.5399932861328,91.95498657226562,24.050443649291992,248.92405700683594,238.17825317382812,16.944345474243164,179.0500030517578,3934.3798828125
2022-12-12,141.9562225341797,95.58000183105469,90.55000305175781,186.27000427246094,92.43046569824219,24.741012573242188,253.11485290527344,245.0590057373047,17.47657012939453,167.82000732421875,3990.56005859375
2022-12-13,142.91903686523438,93.33999633789062,92.48999786376953,187.1300048828125,94.72859191894531,24.838232040405273,250.9737091064453,249.33889770507812,18.011777877807617,160.9499969482422,4019.64990234375
2022-12-14,140.69863891601562,93.93000030517578,91.58000183105469,188.25,94.17387390136719,24.399456024169922,251.20248413085938,249.6300811767578,17.6151065826416,156.8000030517578,3995.320068359375
2022-12-15,134.10630798339844,90.61000061035156,88.44999694824219,183.72000122070312,90.00355529785156,23.091724395751953,248.64041137695312,241.66229248046875,16.8955135345459,157.6699981689453,3895.75
2022-12-16,132.1511688232422,89.56999969482422,87.86000061035156,184.6999969482422,89.4092025756836,22.988483428955078,243.50709533691406,237.46975708007812,16.515783309936523,150.22999572753906,3852.360107421875
2022-12-19,130.04873657226562,85.93000030517578,84.91999816894531,185.67999267578125,87.60636901855469,22.850826263427734,243.24171447753906,233.35488891601562,16.199832916259766,149.8699951171875,3817.659912109375
2022-12-20,129.97994995117188,87.62000274658203,85.19000244140625,188.2899932861328,88.18089294433594,22.893844604492188,244.54104614257812,234.66505432128906,16.031396865844727,137.8000030517578,3821.6201171875
2022-12-21,133.07470703125,87.06999969482422,86.7699966430664,196.0,88.73562622070312,22.96267318725586,245.37374877929688,237.2174530029297,16.446014404296875,137.57000732421875,3878.43994140625
2022-12-22,129.91116333007812,84.87000274658203,83.79000091552734,188.25,86.93276977539062,22.936861038208008,243.18682861328125,231.1615753173828,15.287885665893555,125.3499984741211,3822.389892578125
2022-12-23,129.54766845703125,85.25,85.25,189.05999755859375,88.388916015625,23.022897720336914,244.83392333984375,231.6856231689453,15.155329704284668,123.1500015258789,3844.820068359375
2022-12-27,127.7497787475586,83.48999786376953,83.04000091552734,189.39999389648438,86.56624603271484,23.28960418701172,244.1658935546875,229.96783447265625,14.073945045471191,109.0999984741211,3829.25
2022-12-28,123.82972717285156,82.48999786376953,81.81999969482422,188.3800048828125,85.20916748046875,22.833620071411133,242.5828857421875,227.60960388183594,13.989229202270508,112.70999908447266,3783.219970703125
2022-12-29,127.337158203125,85.2300033569336,84.18000030517578,188.91000366210938,87.61624908447266,23.2637939453125,243.33323669433594,233.8983612060547,14.554337501525879,121.81999969482422,3849.280029296875
2022-12-30,127.65151977539062,85.5,84.0,190.49000549316406,87.39836120605469,23.11754035949707,241.13720703125,232.74346923828125,14.565301895141602,123.18000030517578,3839.5
2023-01-03,122.87673950195312,84.9000015258789,85.81999969482422,195.38999938964844,88.27993774414062,23.014291763305664,241.86920166015625,232.5105743408203,14.267298698425293,108.0999984741211,3824.139892578125
2023-01-04,124.14411926269531,88.72000122070312,85.13999938964844,203.63999938964844,87.24974822998047,23.418655395507812,241.92413330078125,222.33981323242188,14.699851989746094,113.63999938964844,3852.969970703125
2023-01-05,122.8276138305664,87.70999908447266,83.12000274658203,204.99000549316406,85.38748168945312,23.41005516052246,239.8835906982422,215.7501678466797,14.217464447021484,110.33999633789062,3808.10009765625
2023-01-06,127.34695434570312,88.5199966430664,86.08000183105469,213.0,86.51673126220703,24.399456024169922,246.57241821289062,218.2928466796875,14.80948543548584,113.05999755859375,3895.080078125
2023-01-09,127.86766052246094,89.23999786376953,87.36000061035156,208.57000732421875,87.19031524658203,24.640350341796875,244.54104614257812,220.41822814941406,15.575922012329102,119.7699966430664,3892.090087890625
2023-01-10,128.43748474121094,88.54000091552734,89.87000274658203,206.69000244140625,87.58656311035156,25.027503967285156,246.05999755859375,222.09718322753906,15.855986595153809,118.8499984741211,3919.25
2023-01-11,131.14910888671875,94.44000244140625,95.08999633789062,208.02999877929688,90.65734100341797,24.803815841674805,245.96852111816406,228.81297302246094,15.94767951965332,123.22000122070312,3969.610107421875
2023-01-12,131.07049560546875,98.48999786376953,95.2699966430664,214.32000732421875,90.27101135253906,24.56291961669922,244.02870178222656,231.4720916748047,16.455984115600586,123.55999755859375,3983.169921875
2023-01-13,132.3968048095703,100.37000274658203,98.12000274658203,214.1300048828125,91.25167846679688,24.01229476928711,246.041748046875,232.1708984375,16.842683792114258,122.4000015258789,3999.090087890625
2023-01-17,133.55613708496094,101.2699966430664,96.05000305175781,211.41000366210938,90.42948913574219,23.736984252929688,250.81817626953125,233.25784301757812,17.643014907836914,131.49000549316406,3990.969970703125
2023-01-18,132.83889770507812,101.11000061035156,95.45999908447266,209.41000366210938,90.26112365722656,23.685365676879883,243.43389892578125,228.851806640625,17.319093704223633,128.77999877929688,3928.860107421875
2023-01-19,132.8979034423828,99.0999984741211,93.68000030517578,207.08999633789062,92.17291259765625,23.194965362548828,241.1829071044922,225.08628845214844,16.709131240844727,127.16999816894531,3898.85009765625
2023-01-20,135.45230102539062,101.27999877929688,97.25,206.75999450683594,97.09606170654297,24.01229476928711,245.75808715820312,233.1316680908203,17.779558181762695,133.4199981689453,3972.610107421875
2023-01-23,138.63548278808594,105.22000122070312,97.5199966430664,209.97000122070312,98.84937286376953,24.60593605041504,246.40774536132812,235.4220428466797,19.129047393798828,143.75,4019.81005859375
2023-01-24,140.0305633544922,104.12999725341797,96.31999969482422,211.97999572753906,96.77908325195312,24.433860778808594,246.65484619140625,234.89796447753906,19.2007999420166,143.88999938964844,4016.949951171875
2023-01-25,139.3722686767578,104.44000244140625,97.18000030517578,212.67999267578125,94.32245635986328,24.683364868164062,249.80247497558594,233.51016235351562,19.258609771728516,144.42999267578125,4016.219970703125
2023-01-26,141.43551635742188,109.41999816894531,99.22000122070312,212.72999572753906,96.60076904296875,24.958681106567383,251.37631225585938,240.6820831298828,19.73601722717285,160.27000427246094,4060.429931640625
2023-01-27,143.3709259033203,115.94000244140625,102.23999786376953,211.1699981689453,98.43334197998047,25.14795684814453,249.30831909179688,240.83738708496094,20.297138214111328,177.89999389648438,4070.56005859375
2023-01-30,140.49232482910156,109.4800033569336,100.55000305175781,209.6699981689453,96.0262451171875,24.79521369934082,247.87173461914062,235.5481719970703,19.09814453125,166.66000366210938,4017.77001953125
2023-01-31,141.75965881347656,111.11000061035156,103.12999725341797,213.0,97.90833282470703,25.070524215698242,244.6782684326172,240.49769592285156,19.47189712524414,173.22000122070312,4076.60009765625
2023-02-01,142.8797149658203,113.98999786376953,105.1500015258789,214.75,99.48335266113281,25.698579788208008,243.64431762695312,245.2919464111328,20.87321662902832,181.41000366210938,4119.2099609375
2023-02-02,148.1751708984375,118.5199966430664,112.91000366210938,209.33999633789062,106.72444152832031,26.490097045898438,240.84434509277344,256.79229736328125,21.636655807495117,188.27000427246094,4179.759765625
2023-02-03,151.79061889648438,118.69999694824219,103.38999938964844,206.00999450683594,103.79234313964844,26.249197006225586,241.77769470214844,250.72669982910156,21.029687881469727,189.97999572753906,4136.47998046875
2023-02-06,149.0692596435547,118.3499984741211,102.18000030517578,206.80999755859375,101.93006896972656,25.612546920776367,245.15414428710938,249.19334411621094,21.018722534179688,194.75999450683594,4111.080078125
2023-02-07,151.93804931640625,119.69000244140625,102.11000061035156,214.75999450683594,106.62538146972656,25.810420989990234,244.6233673095703,259.6649169921875,22.0991153717041,196.80999755859375,4164.0
2023-02-08,149.25588989257812,116.36000061035156,100.05000305175781,213.5,98.43334197998047,25.47488784790039,240.48751831054688,258.85943603515625,22.131006240844727,201.2899932861328,4117.85986328125
2023-02-09,148.2242889404297,114.94000244140625,98.23999786376953,211.99000549316406,94.11443328857422,25.517908096313477,238.5110626220703,255.84115600585938,22.26256561279297,207.32000732421875,4081.5
2023-02-10,148.58834838867188,108.87000274658203,97.61000061035156,212.88999938964844,93.67858123779297,25.78461265563965,240.1215057373047,255.33651733398438,21.194137573242188,196.88999938964844,4090.4599609375
2023-02-13,151.3828582763672,116.41999816894531,99.54000091552734,215.64999389648438,93.71820068359375,26.102941513061523,243.58029174804688,263.3139343261719,21.715396881103516,194.63999938964844,4137.2900390625
2023-02-14,150.74327087402344,120.87000274658203,99.69999694824219,218.4499969482422,93.78755187988281,26.15456199645996,243.95545959472656,264.1389465332031,22.894453048706055,209.25,4136.1298828125
2023-02-15,152.83909606933594,137.00999450683594,101.16000366210938,217.44000244140625,96.0262451171875,26.266407012939453,243.9097137451172,262.02764892578125,22.68814468383789,214.24000549316406,4147.60009765625
2023-02-16,151.2450714111328,139.4199981689453,98.1500015258789,212.2100067138672,94.60972595214844,26.04271697998047,243.24171447753906,255.05181884765625,21.928680419921875,202.0399932861328,4090.409912109375
2023-02-17,150.10365295410156,131.60000610351562,97.19999694824219,211.66000366210938,93.46065521240234,25.94808006286621,247.04824829101562,251.07254028320312,21.316734313964844,208.30999755859375,4079.090087890625
2023-02-21,146.0989227294922,128.77999877929688,94.58000183105469,205.52000427246094,90.9247817993164,24.9500732421875,245.73056030273438,245.8284912109375,20.586170196533203,197.3699951171875,3997.340087890625
2023-02-22,146.52206420898438,127.20999908447266,95.79000091552734,205.75999450683594,90.78610229492188,25.018901824951172,245.81297302246094,244.69989013671875,20.684839248657227,200.86000061035156,3991.050048828125
2023-02-23,147.0041961669922,125.5199966430664,95.81999969482422,208.1300048828125,90.03327178955078,25.423267364501953,244.11105346679688,247.87164306640625,23.585142135620117,202.07000732421875,4012.320068359375
2023-02-24,144.3573455810547,122.77999877929688,93.5,198.14999389648438,88.28987121582031,25.13935089111328,241.27439880371094,242.47186279296875,23.208402633666992,196.8800048828125,3970.0400390625
2023-02-27,145.54794311523438,123.52999877929688,93.76000213623047,200.4600067138672,89.02288818359375,25.28561019897461,242.28099060058594,243.38644409179688,23.422685623168945,207.6300048828125,3982.239990234375
2023-02-28,145.04611206054688,123.27999877929688,94.2300033569336,201.5500030517578,89.21109008789062,25.397459030151367,242.87921142578125,242.66647338867188,23.138639450073242,205.7100067138672,3970.14990234375
2023-03-01,142.97976684570312,120.83000183105469,92.16999816894531,204.5500030517578,89.50826263427734,24.829627990722656,241.78396606445312,239.60177612304688,22.622365951538086,202.77000427246094,3951.389892578125
2023-03-02,143.5701904296875,122.37999725341797,92.12999725341797,210.05999755859375,91.1328125,24.78660774230957,246.24754333496094,244.3107147216797,23.236310958862305,190.89999389648438,3981.35009765625
2023-03-03,148.60804748535156,125.7300033569336,94.9000015258789,215.11000061035156,92.76725769042969,24.614538192749023,247.62803649902344,248.37754821777344,23.81039047241211,197.7899932861328,4045.639892578125
2023-03-06,151.36314392089844,126.33000183105469,93.75,211.9199981689453,94.23329162597656,24.580127716064453,249.07286071777344,249.91476440429688,23.475513458251953,193.80999755859375,4048.419921875
2023-03-07,149.16896057128906,126.94000244140625,93.55000305175781,207.9199981689453,92.97528076171875,24.018310546875,245.84255981445312,247.26837158203125,23.214340209960938,187.7100067138672,3986.3701171875
2023-03-08,150.41856384277344,125.0,93.91999816894531,207.1999969482422,93.3615951538086,24.54800033569336,244.18597412109375,246.83058166503906,24.104511260986328,182.0,3992.010009765625
2023-03-09,148.1750946044922,119.83999633789062,92.25,201.24000549316406,91.44976806640625,24.218029022216797,240.78086853027344,245.48797607421875,23.36187171936035,172.9199981689453,3918.320068359375
2023-03-10,146.11863708496094,118.30000305175781,90.7300033569336,203.07000732421875,89.77571868896484,23.835960388183594,241.14895629882812,241.85897827148438,22.89236068725586,173.44000244140625,3861.590087890625
2023-03-13,148.05702209472656,115.95999908447266,92.43000030517578,203.3699951171875,90.2511978149414,23.74043846130371,242.11529541015625,247.04466247558594,22.893356323242188,174.47999572753906,3855.760009765625
2023-03-14,150.1430206298828,116.36000061035156,94.87999725341797,207.27999877929688,93.08423614501953,24.148557662963867,244.71055603027344,253.7286376953125,23.986888885498047,183.25999450683594,3919.2900390625
2023-03-15,150.53663635253906,113.58000183105469,96.19999694824219,198.2100067138672,95.20406341552734,24.27880859375,245.11549377441406,258.2527160644531,24.1513671875,180.4499969482422,3891.929931640625
2023-03-16,153.3507843017578,119.98999786376953,100.04000091552734,203.19000244140625,99.3743896484375,24.58272933959961,249.00848388671875,268.72137451171875,25.460216522216797,184.1300048828125,3960.280029296875
2023-03-17,152.514404296875,118.1500015258789,98.94999694824219,201.0500030517578,100.6621322631836,24.34827995300293,245.9070281982422,271.8638610839844,25.643630981445312,180.1300048828125,3916.639892578125
2023-03-20,154.87591552734375,118.4000015258789,97.70999908447266,204.77000427246094,100.2658920288086,24.478532791137695,249.1648406982422,264.85888671875,25.818077087402344,183.25,3951.570068359375
2023-03-21,156.7257537841797,123.69000244140625,100.61000061035156,204.6999969482422,103.93102264404297,24.843233108520508,248.67706298828125,266.3668212890625,26.11613655090332,197.5800018310547,4002.8701171875
2023-03-22,155.29901123046875,121.16999816894531,98.69999694824219,196.16000366210938,102.39562225341797,24.18329429626465,246.52362060546875,264.917236328125,26.3842830657959,191.14999389648438,3936.969970703125
2023-03-23,156.38136291503906,120.30000305175781,98.70999908447266,197.89999389648438,104.6046142578125,24.07040786743164,248.13412475585938,270.141845703125,27.10499382019043,192.22000122070312,3948.719970703125
2023-03-24,157.68019104003906,116.91999816894531,98.12999725341797,197.52999877929688,104.44612884521484,24.07040786743164,249.7078399658203,272.97308349609375,26.694299697875977,190.41000366210938,3970.989990234375
2023-03-27,155.7417755126953,117.91000366210938,98.04000091552734,200.57000732421875,101.49420166015625,24.218029022216797,252.0178680419922,268.89654541015625,26.447080612182617,191.80999755859375,3977.530029296875
2023-03-28,155.12188720703125,116.61000061035156,97.23999786376953,204.9600067138672,100.07768249511719,23.992259979248047,253.8677215576172,267.77764892578125,26.326467514038086,189.19000244140625,3971.27001953125
2023-03-29,158.19189453125,118.80000305175781,100.25,207.97000122070312,100.43429565429688,24.58272933959961,255.3309783935547,272.9146423339844,26.898651123046875,193.8800048828125,4027.81005859375
2023-03-30,159.75637817382812,122.27999877929688,102.0,211.0399932861328,99.93900299072266,25.09505271911621,255.65306091308594,276.3587951660156,27.296388626098633,195.27999877929688,4050.830078125
2023-03-31,162.255615234375,124.4000015258789,103.29000091552734,212.42999267578125,102.75223541259766,25.48580551147461,257.3280029296875,280.4936828613281,27.689146041870117,207.4600067138672,4109.31005859375
2023-04-03,163.50523376464844,121.45999908447266,102.41000366210938,215.38999938964844,103.37629699707031,25.954708099365234,259.656494140625,279.4527282714844,27.87654685974121,194.77000427246094,4124.509765625
2023-04-04,162.9739227294922,118.45999908447266,103.94999694824219,213.89999389648438,103.73291015625,25.65947914123535,259.7852478027344,279.404052734375,27.366167068481445,192.5800018310547,4100.60009765625
2023-04-05,161.13392639160156,115.33999633789062,101.0999984741211,210.0,103.48526763916016,25.537904739379883,259.5459899902344,276.6409606933594,26.795974731445312,185.52000427246094,4090.3798828125
2023-04-06,162.01947021484375,109.69000244140625,102.05999755859375,211.3699951171875,107.39804077148438,25.433704376220703,260.3466796875,283.7043762207031,26.95148277282715,185.05999755859375,4105.02001953125
2023-04-10,159.4316864013672,112.5999984741211,102.16999816894531,210.77999877929688,105.43669891357422,25.82445526123047,261.1657409667969,281.5541687011719,27.49176788330078,184.50999450683594,4109.10986328125
2023-04-11,158.22137451171875,114.25,99.91999816894531,212.32000732421875,104.35697174072266,25.998126983642578,261.8099670410156,275.171875,27.083065032958984,186.7899932861328,4108.93994140625
2023-04-12,157.53260803222656,112.41999816894531,97.83000183105469,212.33999633789062,103.65365600585938,25.754993438720703,262.56463623046875,275.8139953613281,26.411195755004883,180.5399932861328,4091.949951171875
2023-04-13,162.90504455566406,113.94999694824219,102.4000015258789,213.58999633789062,106.41737365722656,25.963396072387695,266.0341796875,281.9920349121094,26.37929344177246,185.89999389648438,4146.22021484375
2023-04-14,162.5606231689453,114.6500015258789,102.51000213623047,201.7100067138672,107.84378814697266,25.893922805786133,265.95135498046875,278.3922424316406,26.673368453979492,185.0,4137.64013671875
2023-04-17,162.58033752441406,116.16999816894531,102.73999786376953,205.02999877929688,104.97113037109375,26.857786178588867,266.2550964355469,280.9801940917969,26.916593551635742,187.0399932861328,4151.31982421875
2023-04-18,163.8004608154297,119.19000244140625,102.30000305175781,208.3699951171875,103.51498413085938,27.10960578918457,267.7275390625,280.5618591308594,27.579490661621094,184.30999755859375,4154.8701171875
2023-04-19,164.94186401367188,120.0999984741211,104.30000305175781,208.7100067138672,103.197998046875,26.232580184936523,268.0589294433594,280.6396484375,27.8426513671875,180.58999633789062,4154.52001953125
2023-04-20,163.97755432128906,118.4000015258789,103.80999755859375,207.22999572753906,104.29752349853516,25.728940963745117,267.8103942871094,278.36297607421875,27.018268585205078,162.99000549316406,4129.7900390625
2023-04-21,162.37371826171875,115.5,106.95999908447266,205.14999389648438,104.4164047241211,25.59868812561035,268.785888671875,278.0225830078125,27.03322410583496,165.0800018310547,4133.52001953125
2023-04-24,162.67872619628906,116.12000274658203,106.20999908447266,205.77000427246094,104.97113037109375,25.59000587463379,269.8350830078125,274.1405029296875,26.956462860107422,162.5500030517578,4137.0400390625
2023-04-25,161.1437530517578,112.50499725341797,102.56999969482422,202.19000244140625,102.87110137939453,25.40765380859375,268.2797546386719,267.9625549316406,26.15799903869629,160.6699981689453,4071.6298828125
2023-04-26,161.13392639160156,113.68000030517578,104.9800033569336,203.02999877929688,102.732421875,25.14715003967285,266.6691589355469,287.3722229003906,26.870738983154297,153.75,4055.989990234375
2023-04-27,165.70936584472656,115.25,109.81999969482422,206.0399932861328,106.57585906982422,25.80708885192871,271.23394775390625,296.576171875,27.139881134033203,160.19000244140625,4135.35009765625
2023-04-28,166.95899963378906,119.66999816894531,105.44999694824219,206.77999877929688,106.32820892333984,25.798410415649414,272.18182373046875,298.9403381347656,27.661231994628906,164.30999755859375,4169.47998046875
2023-05-01,166.8704376220703,121.41999816894531,102.05000305175781,203.8699951171875,106.18952941894531,26.015491485595703,273.8659973144531,297.286376953125,28.818557739257812,161.8300018310547,4167.8701171875
2023-05-02,165.83724975585938,120.58000183105469,103.62999725341797,203.25,104.3272476196289,26.154428482055664,274.3169860839844,297.1404724121094,28.120771408081055,160.30999755859375,4119.580078125
2023-05-03,164.76473999023438,118.86000061035156,103.6500015258789,200.92999267578125,104.4164047241211,25.92866325378418,271.6940612792969,296.1578063964844,27.714065551757812,160.61000061035156,4090.75
2023-05-04,163.13134765625,117.62999725341797,104.0,197.0500030517578,103.70320129394531,25.52922248840332,271.6388244628906,297.1404724121094,27.474821090698242,161.1999969482422,4061.219970703125
2023-05-05,170.78660583496094,119.9000015258789,105.66000366210938,198.33999633789062,104.57490539550781,26.16310691833496,272.964111328125,302.2385559082031,28.58928871154785,170.05999755859375,4136.25
2023-05-08,170.7176971435547,125.6500015258789,105.83000183105469,197.25999450683594,106.75416564941406,26.215211868286133,273.0469665527344,300.2926940917969,29.058795928955078,171.7899932861328,4138.1201171875
2023-05-09,169.0154571533203,127.06999969482422,106.62000274658203,201.8800048828125,106.33811950683594,26.302051544189453,273.01934814453125,298.6873779296875,28.48063087463379,169.14999389648438,4119.169921875
2023-05-10,170.77676391601562,113.19000244140625,110.19000244140625,200.83999633789062,110.69664764404297,25.92866325378418,272.9365539550781,303.8536376953125,28.79364013671875,168.5399932861328,4137.64013671875
2023-05-11,170.96372985839844,111.19999694824219,112.18000030517578,201.83999633789062,115.4712142944336,25.520536422729492,271.29833984375,301.7132263183594,28.48760223388672,172.0800018310547,4130.6201171875
2023-05-12,170.0375213623047,105.2750015258789,110.26000213623047,200.6999969482422,116.40235900878906,25.09505271911621,272.5407409667969,300.6040954589844,28.250362396240234,167.97999572753906,4124.080078125
2023-05-15,169.54483032226562,105.77999877929688,111.19999694824219,202.77000427246094,115.41177368164062,25.676841735839844,272.31988525390625,301.0807800292969,28.86142349243164,166.35000610351562,4136.27978515625
2023-05-16,169.54483032226562,105.41000366210938,113.4000015258789,200.8699951171875,118.38349914550781,25.754993438720703,270.70928955078125,303.2990417480469,29.120601654052734,166.52000427246094,4109.89990234375
2023-05-17,170.15574645996094,108.33000183105469,115.5,206.8699951171875,119.7009506225586,26.28468132019043,270.0743713378906,306.1657409667969,30.08254623413086,173.86000061035156,4158.77001953125
2023-05-18,172.48114013671875,111.87000274658203,118.1500015258789,207.24000549316406,121.67220306396484,26.692798614501953,270.61724853515625,310.5729675292969,31.577800750732422,176.88999938964844,4198.0498046875
2023-05-19,172.58949279785156,107.37999725341797,116.25,205.49000549316406,121.60285186767578,26.519132614135742,271.997802734375,310.3973693847656,31.165111541748047,180.13999938964844,4191.97998046875
2023-05-22,171.64356994628906,109.93000030517578,115.01000213623047,205.91000366210938,123.87128448486328,26.666746139526367,266.2917785644531,313.1665954589844,31.077390670776367,188.8699951171875,4192.6298828125
2023-05-23,169.04234313964844,106.25,114.98999786376953,202.60000610351562,121.40475463867188,26.536497116088867,263.54937744140625,307.3942565917969,30.590932846069336,185.77000427246094,4145.580078125
2023-05-24,169.31822204589844,105.70999908447266,116.75,199.27000427246094,119.76039123535156,26.05022430419922,263.1352233886719,306.0194396972656,30.44140625,182.89999389648438,4115.240234375
2023-05-25,170.45135498046875,104.41999816894531,115.0,200.8699951171875,122.31610107421875,26.83173179626465,262.7670593261719,317.788330078125,37.85987091064453,184.47000122070312,4151.27978515625
2023-05-26,172.8555145263672,106.80999755859375,120.11000061035156,203.6300048828125,123.4354248046875,27.17906951904297,263.2456970214844,324.5843811035156,38.82280349731445,193.1699981689453,4205.4501953125
2023-05-30,174.6981201171875,107.19000244140625,121.66000366210938,204.69000244140625,122.5042953491211,26.857786178588867,262.21490478515625,322.9462585449219,39.984130859375,201.16000366210938,4205.52001953125
2023-05-31,174.64883422851562,109.7699966430664,120.58000183105469,205.6999969482422,121.71183013916016,25.233985900878906,262.3897399902344,320.1966552734375,37.714332580566406,203.92999267578125,4179.830078125
2023-06-01,177.44711303710938,112.16000366210938,122.7699966430664,207.9600067138672,122.55381774902344,25.546588897705078,264.9297790527344,324.2821350097656,39.644203186035156,207.52000427246094,4221.02001953125
2023-06-02,178.2945556640625,118.05999755859375,124.25,213.32000732421875,123.49485778808594,26.527812957763672,268.2235412597656,327.03173828125,39.20261001586914,213.97000122070312,4282.3701171875
2023-06-05,176.94461059570312,115.69000244140625,125.30000305175781,208.77999877929688,124.82225036621094,25.433704376220703,266.8542175292969,327.55828857421875,39.04710006713867,217.61000061035156,4273.7900390625
2023-06-06,176.580078125,117.30000305175781,126.61000061035156,207.2899932861328,126.10997009277344,25.74630355834961,263.25518798828125,325.3546447753906,38.53173828125,221.30999755859375,4283.85009765625
2023-06-07,175.2104949951172,116.55000305175781,121.2300033569336,211.92999267578125,121.3453140258789,25.98944091796875,260.8126525878906,315.3116149902344,37.360328674316406,224.57000732421875,4267.52001953125
2023-06-08,177.92010498046875,115.5,124.25,218.11000061035156,120.98870086669922,26.0849609375,264.4024353027344,317.1447448730469,38.39216995239258,234.86000061035156,4293.93017578125
2023-06-09,178.30438232421875,117.86000061035156,123.43000030517578,217.30999755859375,121.0778579711914,25.876558303833008,265.33697509765625,318.6366271972656,38.651371002197266,244.39999389648438,4298.85986328125
2023-06-12,181.0928192138672,124.58999633789062,126.56999969482422,221.55999755859375,122.47457122802734,26.432294845581055,266.9837646484375,323.5703430175781,39.36119079589844,249.8300018310547,4338.93017578125
2023-06-13,180.61990356445312,124.9000015258789,126.66000366210938,220.3800048828125,122.66278076171875,27.056819915771484,266.9652099609375,325.94952392578125,40.89647674560547,258.7099914550781,4369.009765625
2023-06-14,181.25048828125,125.13999938964844,126.41999816894531,216.89999389648438,122.5042953491211,27.109375,266.8634948730469,328.9233703613281,42.865447998046875,256.7900085449219,4372.58984375
2023-06-15,183.28025817871094,127.8499984741211,127.11000061035156,219.41000366210938,123.91090393066406,27.240764617919922,270.7214660644531,339.4149475097656,42.52248764038086,255.89999389648438,4425.83984375
2023-06-16,182.2062530517578,128.67999267578125,125.48999786376953,219.99000549316406,122.36560821533203,27.153167724609375,271.73004150390625,333.788818359375,42.561370849609375,260.5400085449219,4409.58984375
2023-06-20,182.29493713378906,126.44999694824219,125.77999877929688,212.3699951171875,121.93965148925781,26.417404174804688,271.119384765625,329.61566162109375,43.6739501953125,274.45001220703125,4388.7099609375
2023-06-21,181.2603759765625,127.45999908447266,124.83000183105469,212.0800018310547,119.41368865966797,26.145875930786133,272.4886474609375,325.2376708984375,42.91329574584961,259.4599914550781,4365.68994140625
2023-06-22,184.2557373046875,127.95999908447266,130.14999389648438,205.61000061035156,121.98918914794922,26.10207748413086,271.3598937988281,331.2342834472656,42.893348693847656,264.6099853515625,4381.89013671875
2023-06-23,183.9404296875,124.7300033569336,129.3300018310547,205.41000366210938,121.18681335449219,25.93565559387207,268.2235412597656,326.6612243652344,42.07984924316406,256.6000061035156,4348.330078125
2023-06-26,182.55111694335938,123.12999725341797,127.33000183105469,205.5800018310547,117.22453308105469,26.075801849365234,267.46484375,320.4013977050781,40.5076789855957,241.0500030517578,4328.81982421875
2023-06-27,185.30018615722656,127.88999938964844,129.17999267578125,209.42999267578125,117.2146224975586,26.137115478515625,269.50946044921875,326.22247314453125,41.74787139892578,250.2100067138672,4378.41015625
2023-06-28,186.47271728515625,127.62999725341797,129.0399932861328,210.72000122070312,119.04718780517578,26.22470474243164,269.9165954589844,327.4705810546875,40.991188049316406,256.239990234375,4376.85986328125
2023-06-29,186.80772399902344,125.0999984741211,127.9000015258789,211.8300018310547,117.97735595703125,26.55755043029785,272.4424133300781,326.69049072265625,40.69709014892578,257.5,4396.43994140625
2023-06-30,191.12344360351562,128.16000366210938,130.36000061035156,211.16000366210938,118.57169342041016,26.899154663085938,276.087646484375,332.0435485839844,42.17256546020508,261.7699890136719,4450.3798828125
2023-07-03,189.63560485839844,132.35000610351562,130.22000122070312,210.9199981689453,118.76982879638672,26.934192657470703,272.7846984863281,329.5571594238281,42.28321838378906,279.82000732421875,4455.58984375
2023-07-05,188.52220153808594,131.69000244140625,130.3800048828125,213.30999755859375,120.60238647460938,26.872879028320312,274.6905517578125,329.7131652832031,42.18751525878906,282.4800109863281,4446.81982421875
2023-07-06,188.99517822265625,128.16000366210938,128.36000061035156,212.6199951171875,118.97785186767578,27.06557846069336,272.85870361328125,332.7552795410156,41.97417449951172,276.5400085449219,4411.58984375
2023-07-07,187.88172912597656,130.32000732421875,129.77999877929688,212.10000610351562,118.3537826538086,27.267038345336914,270.2497253417969,328.8063659667969,42.37294387817383,274.42999267578125,4398.9501953125
2023-07-10,185.8421173095703,131.7100067138672,127.12999725341797,213.30999755859375,115.35234832763672,27.626163482666016,272.46087646484375,323.55084228515625,42.05093765258789,269.6099853515625,4409.52978515625
2023-07-11,185.3199005126953,137.5399932861328,128.77999877929688,218.75999450683594,116.03582763671875,29.299148559570312,272.6921691894531,324.1749267578125,42.27524185180664,269.7900085449219,4439.259765625
2023-07-12,186.985107421875,137.02000427246094,130.8000030517578,217.11000061035156,117.8089599609375,28.817398071289062,273.4970703125,328.7868347167969,43.76766586303711,271.989990234375,4472.16015625
2023-07-13,187.74378967285156,140.08999633789062,134.3000030517578,216.85000610351562,123.36609649658203,29.395498275756836,273.1362609863281,334.110595703125,45.836326599121094,277.8999938964844,4510.0400390625
2023-07-14,187.89161682128906,143.33999633789062,134.67999267578125,213.1199951171875,124.23778533935547,28.72104263305664,272.87725830078125,336.62628173828125,45.329872131347656,281.3800048828125,4505.419921875
2023-07-17,191.14317321777344,145.36000061035156,133.55999755859375,211.8699951171875,123.47505187988281,28.74732780456543,272.6366882324219,337.10406494140625,46.31883239746094,290.3800048828125,4522.7900390625
2023-07-18,190.886962890625,146.52999877929688,132.8300018310547,211.57000732421875,122.59344482421875,28.7122859954834,271.8409729003906,350.52069091796875,47.348670959472656,293.3399963378906,4554.97998046875
2023-07-19,192.23684692382812,145.53500366210938,135.36000061035156,208.60000610351562,120.87974548339844,28.843671798706055,272.1278076171875,346.220703125,46.932952880859375,291.260009765625,4565.72021484375
2023-07-20,190.29579162597656,145.27999877929688,129.9600067138672,213.61000061035156,118.07640838623047,28.519590377807617,274.9034423828125,338.2156066894531,45.380714416503906,262.8999938964844,4534.8701171875
2023-07-21,189.1232452392578,148.77000427246094,130.0,211.8000030517578,118.8886947631836,28.239295959472656,273.4970703125,335.19293212890625,44.17341232299805,260.0199890136719,4536.33984375
2023-07-24,189.92135620117188,147.6199951171875,128.8000030517578,215.8699951171875,120.38446044921875,28.405719757080078,273.21954345703125,336.49951171875,44.475494384765625,269.05999755859375,4554.64013671875
2023-07-25,190.77857971191406,148.64999389648438,129.1300048828125,214.1199951171875,121.05804443359375,28.992578506469727,270.490234375,342.2230224609375,45.53922653198242,265.2799987792969,4567.4599609375
2023-07-26,191.6456756591797,150.1699981689453,128.14999389648438,232.8000030517578,128.051513671875,28.94002342224121,269.9258117675781,329.3426208496094,45.31292724609375,264.3500061035156,4566.75
2023-07-27,190.3844757080078,148.5,128.25,233.75,128.18028259277344,28.79987907409668,273.1085510253906,322.4685974121094,45.75955581665039,255.7100067138672,4537.41015625
2023-07-28,192.95614624023438,153.3300018310547,132.2100067138672,238.69000244140625,131.330322265625,28.580904006958008,272.03533935546875,329.92767333984375,46.606956481933594,266.44000244140625,4582.22998046875
2023-07-31,193.56707763671875,152.19000244140625,133.67999267578125,238.85000610351562,131.46897888183594,28.75608253479004,271.2673645019531,327.538818359375,46.58600997924805,267.42999267578125,4588.9599609375
2023-08-01,192.7393798828125,148.91000366210938,131.69000244140625,238.00999450683594,130.3100128173828,28.861196517944336,269.2967529296875,327.9483337402344,46.36469268798828,261.07000732421875,4576.72998046875
2023-08-02,189.75389099121094,144.55999755859375,128.2100067138672,231.3800048828125,127.16987609863281,28.46703338623047,267.9552001953125,319.32891845703125,44.133548736572266,254.11000061035156,4513.39013671875
2023-08-03,188.36456298828125,140.8800048828125,128.91000366210938,231.36000061035156,127.2392349243164,28.6422176361084,269.25048828125,318.50982666015625,44.378787994384766,259.32000732421875,4501.89013671875
2023-08-04,179.31930541992188,140.1699981689453,139.57000732421875,231.36000061035156,126.9024429321289,28.405719757080078,265.5496520996094,319.6018981933594,44.54328155517578,253.86000061035156,4478.02978515625
2023-08-07,176.22535705566406,143.1999969482422,142.22000122070312,238.25,130.2902069091797,28.686010360717773,269.60205078125,321.87371826171875,45.27803421020508,251.4499969482422,4518.43994140625
2023-08-08,177.1614227294922,139.5500030517578,139.94000244140625,238.0399932861328,130.16143798828125,28.96630096435547,267.918212890625,317.9150695800781,44.52733612060547,249.6999969482422,4499.3798828125
2023-08-09,175.5750274658203,137.8699951171875,137.85000610351562,237.86000061035156,128.43783569335938,28.738563537597656,266.66912841796875,314.19036865234375,42.42379379272461,242.19000244140625,4467.7099609375
2023-08-10,175.35824584960938,135.97000122070312,138.55999755859375,238.25999450683594,128.467529296875,28.87871551513672,266.0862731933594,314.8729248046875,42.258304595947266,245.33999633789062,4468.830078125
2023-08-11,175.41746520996094,133.67999267578125,138.41000366210938,235.72000122070312,128.33877563476562,28.703529357910156,267.0299987792969,313.00079345703125,40.72998809814453,242.64999389648438,4464.0498046875
2023-08-14,177.06520080566406,133.24000549316406,140.57000732421875,236.7100067138672,130.0920867919922,28.09039306640625,267.205810546875,315.9552307128906,43.61911392211914,239.75999450683594,4489.72021484375
2023-08-15,175.08201599121094,129.85000610351562,137.6699981689453,232.25999450683594,128.55670166015625,27.88892936706543,266.7339172363281,313.8295593261719,43.80555725097656,232.9600067138672,4437.85986328125
2023-08-16,174.21376037597656,128.8300018310547,135.07000732421875,229.9499969482422,127.48686218261719,27.415939331054688,264.0508728027344,313.0674133300781,43.35293960571289,225.60000610351562,4404.330078125
2023-08-17,171.67803955078125,127.98999786376953,133.97999572753906,224.5399932861328,128.6953582763672,27.118133544921875,260.7756652832031,309.6280517578125,43.211368560791016,219.22000122070312,4370.35986328125
2023-08-18,172.16151428222656,125.05999755859375,133.22000122070312,226.64999389648438,126.25856018066406,27.205718994140625,260.6646423339844,309.2371520996094,43.16650390625,215.49000549316406,4369.7099609375
2023-08-21,173.49349975585938,124.0,134.67999267578125,227.22000122070312,127.15998077392578,27.407184600830078,259.091796875,314.513671875,46.82329177856445,231.27999877929688,4399.77001953125
2023-08-22,174.8649444580078,127.08000183105469,134.25,230.07000732421875,127.86328887939453,27.170684814453125,259.34161376953125,315.08026123046875,45.52825927734375,233.19000244140625,4387.5498046875
2023-08-23,178.7030029296875,128.1300048828125,135.52000427246094,228.5800018310547,131.1222686767578,27.284555435180664,260.784912109375,319.51641845703125,46.97183609008789,236.86000061035156,4436.009765625
2023-08-24,174.02627563476562,124.72000122070312,131.83999633789062,217.30999755859375,128.55670166015625,26.934192657470703,261.22906494140625,312.64727783203125,47.0186882019043,230.0399932861328,4376.31005859375
2023-08-25,176.2265167236328,125.79000091552734,133.25999450683594,223.41000366210938,128.65576171875,27.013025283813477,263.29217529296875,315.5884094238281,45.877193450927734,238.58999633789062,4405.7099609375
2023-08-28,177.78546142578125,126.15499877929688,133.13999938964844,227.05999755859375,129.7751007080078,27.44222068786621,262.4595031738281,316.29193115234375,46.69169616699219,238.82000732421875,4433.31005859375
2023-08-29,181.66299438476562,132.25,134.91000366210938,227.25,133.30157470703125,27.47725486755371,262.3762512207031,320.8941345214844,48.634727478027344,257.17999267578125,4497.6298828125
2023-08-30,185.1458740234375,130.61000061035156,135.07000732421875,228.85000610351562,134.5991973876953,25.655366897583008,262.97760009765625,321.2654724121094,49.113258361816406,256.8999938964844,4514.8701171875
2023-08-31,185.36293029785156,131.5500030517578,138.00999450683594,224.02999877929688,134.88645935058594,26.02324676513672,261.5172424316406,320.2590026855469,49.203983306884766,258.0799865722656,4507.66015625
2023-09-01,186.93174743652344,132.69000244140625,138.1199951171875,223.39999389648438,134.3812713623047,26.601346969604492,261.32196044921875,321.138427734375,48.36056900024414,245.00999450683594,4515.77001953125
2023-09-05,187.1685028076172,142.2899932861328,137.27000427246094,222.57000732421875,134.490234375,26.399885177612305,259.6662902832031,325.91656494140625,48.399452209472656,256.489990234375,4496.830078125
2023-09-06,180.46913146972656,141.77000427246094,135.36000061035156,217.9499969482422,133.1925811767578,26.391124725341797,256.2059631347656,325.2618103027344,46.92086410522461,251.9199981689453,4465.47998046875
2023-09-07,175.19049072265625,143.27000427246094,137.85000610351562,216.0500030517578,133.98504638671875,25.681640625,258.8941650390625,322.3598327636719,46.103309631347656,251.49000549316406,4451.14013671875
2023-09-08,175.80226135253906,145.82000732421875,138.22999572753906,211.27000427246094,135.094482421875,25.79551124572754,259.7220458984375,326.6199951171875,45.4362907409668,248.5,4457.490234375
2023-09-11,176.96649169921875,147.3300018310547,143.10000610351562,211.00999450683594,135.62939453125,25.891860961914062,260.2243347167969,330.2060852050781,45.04347610473633,273.5799865722656,4487.4599609375
2023-09-12,173.94732666015625,147.5,141.22999572753906,210.64999389648438,134.06430053710938,25.57635498046875,261.1080017089844,324.1772155761719,44.73638916015625,267.4800109863281,4461.89990234375
2023-09-13,171.88523864746094,144.71499633789062,144.85000610351562,208.39999389648438,135.42137145996094,25.03725242614746,262.09393310546875,328.36907958984375,45.34955978393555,271.29998779296875,4467.43994140625
2023-09-14,173.3948516845703,144.1199951171875,144.72000122070312,209.0500030517578,136.7982635498047,24.586528778076172,264.8752136230469,330.94866943359375,45.445274353027344,276.0400085449219,4505.10009765625
2023-09-15,172.67454528808594,142.75,140.38999938964844,208.11000061035156,136.1048583984375,24.162321090698242,258.8011779785156,322.6627197265625,43.76927185058594,274.3900146484375,4450.31982421875
2023-09-18,175.5950469970703,142.5500030517578,139.97999572753906,205.1199951171875,136.9072265625,24.14464569091797,258.3267822265625,321.5293273925781,43.835079193115234,265.2799987792969,4453.52978515625
2023-09-19,176.68038940429688,141.85000610351562,137.6300048828125,204.47999572753906,136.7388458251953,24.36558723449707,258.7081604003906,321.128662109375,43.39041519165039,266.5,4443.9501953125
2023-09-20,173.14817810058594,138.00999450683594,135.2899932861328,202.3699951171875,132.47935485839844,23.91486358642578,257.8431396484375,313.4289855957031,42.113224029541016,262.5899963378906,4402.2001953125
2023-09-21,171.60894775390625,132.75,129.3300018310547,199.9499969482422,129.21044921875,23.685083389282227,252.28070068359375,312.21734619140625,40.89486312866211,255.6999969482422,4330.0
2023-09-22,172.45745849609375,132.1999969482422,129.1199951171875,197.7100067138672,129.0222625732422,23.658571243286133,253.21084594726562,309.75506591796875,41.48610305786133,244.8800048828125,4320.06005859375
2023-09-25,173.73025512695312,134.13999938964844,131.27000427246094,198.77999877929688,129.87416076660156,23.24319839477539,250.9412078857422,310.2729187011719,42.09627914428711,246.99000549316406,4337.43994140625
2023-09-26,169.66525268554688,132.27999877929688,125.9800033569336,195.63999938964844,127.35810089111328,22.730607986450195,249.0251007080078,304.9964904785156,41.78619384765625,244.1199951171875,4273.52978515625
2023-09-27,168.15565490722656,134.02999877929688,125.9800033569336,195.4600067138672,129.30953979492188,22.6599063873291,245.23001098632812,305.6316223144531,42.34153366088867,240.5,4274.509765625
2023-09-28,168.41217041015625,136.47000122070312,125.9800033569336,190.42999267578125,131.06285095214844,22.598041534423828,247.04383850097656,306.462158203125,42.960697174072266,246.3800048828125,4299.7001953125
2023-09-29,168.92526245117188,137.2100067138672,127.12000274658203,191.67999267578125,129.62652587890625,22.712936401367188,245.04393005371094,308.52386474609375,43.369468688964844,250.22000122070312,4288.0498046875
2023-10-02,171.43136596679688,136.55999755859375,129.4600067138672,187.8300018310547,132.9053192138672,22.68642234802246,239.75128173828125,314.4353942871094,44.64864730834961,251.60000610351562,4288.39013671875
2023-10-03,170.09939575195312,127.7300033569336,124.72000122070312,188.9199981689453,131.18170166015625,23.09295654296875,236.71896362304688,306.2178955078125,43.38741683959961,246.52999877929688,4229.4501953125
2023-10-04,171.3425750732422,127.41000366210938,127.0,186.72999572753906,133.96522521972656,23.013416290283203,237.94676208496094,311.6604309082031,43.909854888916016,261.1600036621094,4263.75
2023-10-05,172.5758819580078,124.98999786376953,125.95999908447266,186.2899932861328,133.79681396484375,23.181333541870117,234.61676025390625,312.0512390136719,44.554935455322266,260.04998779296875,4258.18994140625
2023-10-06,175.1214599609375,126.36000061035156,127.95999908447266,187.3800048828125,136.28317260742188,22.88968849182129,230.88677978515625,319.7704772949219,45.625736236572266,260.5299987792969,4308.5
2023-10-09,176.60145568847656,127.7699966430664,128.25999450683594,188.49000549316406,137.11524963378906,23.04876708984375,232.46804809570312,322.2718811035156,45.13819122314453,259.6700134277344,4335.66015625
2023-10-10,176.00946044921875,131.58999633789062,129.47999572753906,193.52999877929688,136.75865173339844,23.358089447021484,233.95632934570312,320.87457275390625,45.66162872314453,263.6199951171875,4358.240234375
2023-10-11,177.40066528320312,130.0,131.8300018310547,196.07000732421875,139.22518920898438,23.71159553527832,233.39822387695312,324.8124084472656,46.66661834716797,262.989990234375,4376.9501953125
2023-10-12,178.29849243164062,125.97000122070312,132.3300018310547,191.3000030517578,137.6600799560547,23.64089584350586,228.99853515625,323.5811462402344,46.80521011352539,258.8699951171875,4349.60986328125
2023-10-13,176.4633331298828,124.08000183105469,129.7899932861328,184.91000366210938,136.0652313232422,23.419950485229492,230.97047424316406,320.22967529296875,45.32563018798828,251.1199951171875,4327.77978515625
2023-10-16,176.33505249023438,125.19000244140625,132.5500030517578,184.92999267578125,137.78884887695312,23.755786895751953,232.48667907714844,325.02734375,45.957740783691406,253.9199981689453,4373.6298828125
2023-10-17,174.7860107421875,125.70999908447266,131.47000122070312,185.60000610351562,138.4029998779297,23.95021629333496,233.6028594970703,324.46063232421875,43.807167053222656,254.85000610351562,4373.2001953125
2023-10-18,173.49349975585938,122.16999816894531,128.1300048828125,185.69000244140625,136.6595916748047,23.897188186645508,238.15139770507812,322.5552062988281,42.07035446166992,242.67999267578125,4314.60009765625
2023-10-19,173.11856079101562,119.97000122070312,128.39999389648438,182.7899932861328,136.45156860351562,23.375762939453125,240.33731079101562,323.7375793457031,41.975643157958984,220.11000061035156,4278.0
2023-10-20,170.57298278808594,116.48999786376953,125.16999816894531,180.0399932861328,134.3218536376953,22.986902236938477,240.08616638183594,319.1940002441406,41.263763427734375,211.99000549316406,4224.16015625
2023-10-23,170.69140625,120.38999938964844,126.55999755859375,181.02999877929688,135.21334838867188,22.872011184692383,236.96078491210938,321.7832946777344,42.84703063964844,212.0800018310547,4217.0400390625
2023-10-24,171.12551879882812,122.01000213623047,128.55999755859375,182.36000061035156,137.50157165527344,23.119470596313477,239.3048095703125,322.96563720703125,43.532989501953125,216.52000427246094,4247.68017578125
2023-10-25,168.8167266845703,118.5,121.38999938964844,177.72999572753906,124.42598724365234,23.004581451416016,240.01177978515625,332.8735656738281,41.65459442138672,212.4199981689453,4186.77001953125
2023-10-26,164.66290283203125,115.47000122070312,119.56999969482422,179.08999633789062,121.12738037109375,23.128307342529297,237.9653778076172,320.3860778808594,40.2059211730957,205.75999450683594,4137.22998046875
2023-10-27,165.97515869140625,114.08999633789062,127.73999786376953,179.69000244140625,121.01842498779297,22.83666229248047,237.90025329589844,322.2621154785156,40.37940216064453,207.3000030517578,4117.3701171875
2023-10-30,168.01754760742188,116.94999694824219,132.7100067138672,182.35000610351562,123.2868423461914,23.119470596313477,241.9837188720703,329.5904846191406,41.0384407043457,197.36000061035156,4166.81982421875
2023-10-31,168.49114990234375,118.29000091552734,133.08999633789062,186.82000732421875,122.9104232788086,23.26970863342285,243.86265563964844,330.3721618652344,40.658565521240234,200.83999633789062,4193.7998046875
2023-11-01,171.6484375,119.47000122070312,137.0,189.3800048828125,125.25808715820312,23.40227508544922,243.67660522460938,338.1500244140625,42.198974609375,205.66000366210938,4237.85986328125
2023-11-02,175.200439453125,115.5,138.07000732421875,192.00999450683594,126.28826904296875,23.72043800354004,248.21588134765625,340.3485412597656,43.37644958496094,218.50999450683594,4317.77978515625
2023-11-03,174.29266357421875,122.63999938964844,138.60000610351562,195.0500030517578,127.88309478759766,24.23302459716797,249.1646270751953,344.72601318359375,44.8709831237793,219.9600067138672,4358.33984375
2023-11-06,176.8382568359375,118.16999816894531,139.74000549316406,192.9499969482422,129.0222625732422,24.153484344482422,250.1320037841797,348.37066650390625,45.61476516723633,219.27000427246094,4365.97998046875
2023-11-07,179.3936767578125,121.08000183105469,142.7100067138672,191.41000366210938,129.73548889160156,24.153484344482422,249.9087371826172,352.279052734375,45.81816101074219,222.17999267578125,4378.3798828125
2023-11-08,180.44940185546875,117.66000366210938,142.0800018310547,191.8300018310547,130.5972900390625,24.04743003845215,248.8111572265625,354.8879699707031,46.43531799316406,222.11000061035156,4382.77978515625
2023-11-09,179.975830078125,115.5199966430664,140.60000610351562,193.3300018310547,129.01235961914062,23.879514694213867,248.27163696289062,352.4353942871094,46.81019973754883,209.97999572753906,4347.35009765625
2023-11-10,184.15484619140625,118.1500015258789,143.55999755859375,196.64999389648438,131.3402099609375,24.409778594970703,249.09022521972656,361.20989990234375,48.19107437133789,214.64999389648438,4415.240234375
2023-11-13,182.5741424560547,119.1500015258789,142.58999633789062,204.5399932861328,130.84490966796875,24.551179885864258,250.40171813964844,358.2882995605469,48.475223541259766,223.7100067138672,4411.5498046875
2023-11-14,185.18231201171875,126.68000030517578,145.8000030517578,207.47000122070312,132.36048889160156,24.993064880371094,252.5318603515625,361.796142578125,49.50813674926758,237.41000366210938,4495.7001953125
2023-11-15,185.74545288085938,128.35000610351562,143.1999969482422,208.7100067138672,133.35110473632812,25.160982131958008,251.50869750976562,361.94305419921875,48.742427825927734,242.83999633789062,4502.8798828125
2023-11-16,187.42501831054688,126.27999877929688,142.8300018310547,206.60000610351562,135.6392822265625,24.93120002746582,256.8385009765625,368.30718994140625,49.33266067504883,233.58999633789062,4508.240234375
2023-11-17,187.40524291992188,127.1500015258789,145.17999267578125,208.0399932861328,134.03456115722656,25.01957893371582,256.4943542480469,362.1192932128906,49.15121078491211,234.3000030517578,4514.02001953125
2023-11-20,189.14404296875,129.6999969482422,146.1300048828125,217.7100067138672,134.96571350097656,24.736772537231445,259.5453186035156,369.5506286621094,50.25889587402344,235.60000610351562,4547.3798828125
2023-11-21,188.3437957763672,126.81999969482422,143.89999389648438,218.27000427246094,135.67892456054688,24.630718231201172,260.8847961425781,365.2719421386719,49.7952766418457,241.1999969482422,4538.18994140625
2023-11-22,189.0057373046875,129.0399932861328,146.7100067138672,219.91000366210938,137.1845703125,25.328903198242188,262.2427978515625,369.9520263671875,48.57094192504883,234.2100067138672,4556.6201171875
2023-11-24,187.6818389892578,128.3699951171875,146.74000549316406,220.0,135.40155029296875,25.31122589111328,262.81024169921875,369.5408020019531,47.63373947143555,235.4499969482422,4559.33984375
2023-11-27,187.50401306152344,129.0,147.72999572753906,219.3000030517578,135.12420654296875,25.20517349243164,262.1590576171875,370.6961364746094,48.09834671020508,236.0800018310547,4550.43017578125
2023-11-28,188.10667419433594,127.55999755859375,147.02999877929688,222.3699951171875,135.90672302246094,25.31122589111328,262.3916320800781,374.7007141113281,47.67860412597656,246.72000122070312,4554.89013671875
2023-11-29,187.0890655517578,126.4800033569336,146.32000732421875,224.42999267578125,133.7175750732422,25.69124412536621,260.801025390625,370.93115234375,47.99665832519531,244.13999938964844,4550.580078125
2023-11-30,187.66209411621094,126.33999633789062,146.08999633789062,231.6300048828125,131.28074645996094,25.92986488342285,263.72991943359375,370.9898376464844,46.63072967529297,240.0800018310547,4567.7998046875
2023-12-01,188.93655395507812,135.02000427246094,147.02999877929688,233.8699951171875,130.6170654296875,26.07126808166504,267.58514404296875,366.6818542480469,46.62575149536133,238.8300018310547,4594.6298828125
2023-12-04,187.14834594726562,133.6999969482422,144.83999633789062,234.8699951171875,128.051513671875,25.664731979370117,267.7442626953125,361.4241638183594,45.374481201171875,235.5800018310547,4569.77978515625
2023-12-05,191.09030151367188,133.7100067138672,146.8800048828125,234.16000366210938,129.75531005859375,25.505651473999023,268.1279602050781,364.7334289550781,46.431419372558594,238.72000122070312,4567.18017578125
2023-12-06,190.0035400390625,135.30999755859375,144.52000427246094,236.88999938964844,128.79443359375,25.178653717041016,268.4273376464844,361.0911865234375,45.371490478515625,239.3699951171875,4549.33984375
2023-12-07,191.93008422851562,139.83999633789062,146.8800048828125,237.3300018310547,135.6392822265625,25.991729736328125,268.36181640625,363.1962890625,46.461334228515625,242.63999938964844,4585.58984375
2023-12-08,193.3527374267578,140.67999267578125,147.4199981689453,244.6999969482422,133.7175750732422,26.035917282104492,267.1827697753906,366.40771484375,47.36871337890625,243.83999633789062,4604.3701171875
2023-12-11,190.8531951904297,142.91000366210938,145.88999938964844,248.0800018310547,132.03359985351562,26.840147018432617,270.5701904296875,363.5389099121094,46.49224090576172,239.74000549316406,4622.43994140625
2023-12-12,192.36476135253906,140.5500030517578,147.47999572753906,248.6300048828125,131.27085876464844,26.961442947387695,272.69439697265625,366.5545654296875,47.51926803588867,237.00999450683594,4643.7001953125
2023-12-13,195.57562255859375,144.50999450683594,148.83999633789062,250.91000366210938,131.3203887939453,26.890092849731445,276.9144592285156,366.5447692871094,47.94902420043945,239.2899932861328,4707.08984375
2023-12-14,195.7238311767578,147.25999450683594,147.4199981689453,256.239990234375,130.69630432128906,27.585758209228516,271.3842468261719,358.28118896484375,48.21025848388672,251.0500030517578,4719.5498046875
2023-12-15,195.1903076171875,146.60000610351562,149.97000122070312,264.2699890136719,131.35012817382812,27.45197868347168,268.81097412109375,362.9808654785156,48.74870300292969,253.5,4719.18994140625
2023-12-18,193.53057861328125,147.5,154.07000732421875,260.4100036621094,134.5199432373047,26.988203048706055,271.580810546875,364.8607177734375,49.932273864746094,252.0800018310547,4740.56005859375
2023-12-19,194.5679168701172,146.91000366210938,153.7899932861328,263.510009765625,135.36192321777344,27.006038665771484,272.0487365722656,365.4579772949219,49.46063995361328,257.2200012207031,4768.3701171875
2023-12-20,192.48330688476562,141.07000732421875,152.1199951171875,260.25,137.0359649658203,26.569019317626953,270.4205017089844,362.8731689453125,47.97195816040039,247.13999938964844,4698.35009765625
2023-12-21,192.33511352539062,142.08999633789062,153.83999633789062,262.0199890136719,139.09642028808594,26.881175994873047,272.666259765625,365.7321472167969,48.848419189453125,254.5,4746.75
2023-12-22,191.26812744140625,140.8000030517578,153.4199981689453,260.44000244140625,140.15631103515625,26.916851043701172,272.9563293457031,366.7503967285156,48.68887710571289,252.5399932861328,4754.6298828125
2023-12-26,190.7247314453125,138.72000122070312,153.41000366210938,262.7900085449219,140.18606567382812,27.121978759765625,274.041748046875,366.8287353515625,49.13658142089844,256.6099853515625,4774.75
2023-12-27,190.8235626220703,136.5500030517578,153.33999633789062,262.1000061035156,139.04685974121094,26.97036361694336,275.62322998046875,366.2510986328125,49.27418899536133,261.44000244140625,4781.580078125
2023-12-28,191.2483673095703,137.0,153.3800048828125,260.3500061035156,138.908203125,26.916851043701172,276.8302917480469,367.4357604980469,49.37887954711914,253.17999267578125,4783.35009765625
2023-12-29,190.2110137939453,136.13999938964844,151.94000244140625,260.6600036621094,138.37327575683594,26.836580276489258,277.4572448730469,368.17987060546875,49.37887954711914,248.47999572753906,4769.830078125
2024-01-02,183.40402221679688,134.47999572753906,149.92999267578125,251.75999450683594,136.8675994873047,26.60469627380371,277.9532165527344,363.117919921875,48.0287971496582,248.4199981689453,4742.830078125
2024-01-03,182.03073120117188,133.4199981689453,148.47000122070312,243.91000366210938,137.61053466796875,26.66712188720703,275.4735412597656,362.853515625,47.4315185546875,238.4499969482422,4704.81005859375
2024-01-04,179.7189483642578,133.72000122070312,144.57000732421875,244.94000244140625,135.10440063476562,26.470914840698242,272.9937438964844,360.2491760253906,47.85929489135742,237.92999267578125,4688.68017578125
2024-01-05,178.9977264404297,135.97999572753906,145.24000549316406,249.0,134.45059204101562,26.71171760559082,270.4205017089844,360.06317138671875,48.955101013183594,237.49000549316406,4697.240234375
2024-01-08,183.32498168945312,140.0800018310547,149.10000610351562,229.0,137.5312957763672,27.648191452026367,273.1434326171875,366.85809326171875,52.101985931396484,240.4499969482422,4763.5400390625
2024-01-09,182.91004943847656,139.52999877929688,151.3699951171875,225.75999450683594,139.6213836669922,26.899015426635742,272.17962646484375,367.93511962890625,52.986419677734375,234.9600067138672,4756.5
2024-01-10,183.94740295410156,139.75999450683594,153.72999572753906,227.83999633789062,140.93885803222656,27.059551239013672,275.1927795410156,374.7691955566406,54.19292068481445,233.94000244140625,4783.4501953125
2024-01-11,183.3546142578125,139.4499969482422,155.17999267578125,222.66000366210938,140.74073791503906,26.756309509277344,275.2489013671875,376.59027099609375,54.66355514526367,227.22000122070312,4780.240234375
2024-01-12,183.68064880371094,137.13999938964844,154.6199951171875,217.6999969482422,141.30538940429688,26.586856842041016,274.6125793457031,380.35003662109375,54.5518913269043,218.88999938964844,4783.830078125
2024-01-16,181.418212890625,135.02000427246094,153.16000366210938,200.52000427246094,141.14688110351562,25.944705963134766,272.3855285644531,382.1123962402344,56.21905517578125,219.91000366210938,4765.97998046875
2024-01-17,180.47964477539062,134.97999572753906,151.7100067138672,203.05999755859375,140.13648986816406,25.552278518676758,272.4510803222656,381.3291320800781,55.89101028442383,215.5500030517578,4739.2099609375
2024-01-18,186.35800170898438,137.0399932861328,153.5,211.61000061035156,142.12754821777344,25.552278518676758,275.4454040527344,385.63714599609375,56.94195556640625,211.8800048828125,4780.93994140625
2024-01-19,189.252685546875,139.92999267578125,155.33999633789062,215.02000427246094,145.00021362304688,25.971460342407227,281.2189636230469,390.3368225097656,59.31907272338867,212.19000244140625,4839.81005859375
2024-01-22,191.55462646484375,142.00999450683594,154.77999877929688,214.92999267578125,144.61390686035156,26.02497100830078,279.23516845703125,388.22198486328125,59.481597900390625,208.8000030517578,4850.43017578125
2024-01-23,192.8291015625,142.3000030517578,156.02000427246094,211.5,145.6539764404297,26.372804641723633,280.769775390625,390.56201171875,59.69997024536133,209.13999938964844,4864.60009765625
2024-01-24,192.1572723388672,141.19000244140625,156.8699951171875,214.1300048828125,147.29832458496094,26.3638858795166,281.1347351074219,394.1455383300781,61.18465805053711,207.8300018310547,4868.5498046875
2024-01-25,191.83126831054688,142.11000061035156,157.75,201.8800048828125,150.43846130371094,26.497669219970703,278.1123046875,396.4072265625,61.43892288208008,182.6300048828125,4894.16015625
2024-01-26,190.10235595703125,149.6199951171875,159.1199951171875,205.47000122070312,150.75543212890625,26.756309509277344,273.4803771972656,395.48687744140625,60.854618072509766,183.25,4890.97021484375
2024-01-29,189.42063903808594,152.6999969482422,161.25999450683594,205.19000244140625,152.06298828125,26.078487396240234,273.5271301269531,401.1558837890625,62.28447723388672,190.92999267578125,4927.93017578125
2024-01-30,185.7751007080078,149.44000244140625,159.0,200.44000244140625,150.03233337402344,25.99821662902832,275.716796875,400.04949951171875,62.59257125854492,191.58999633789062,4924.97021484375
2024-01-31,182.178955078125,144.13999938964844,155.1999969482422,211.0399932861328,138.7794189453125,25.60578727722168,273.91082763671875,389.2696533203125,61.349185943603516,187.2899932861328,4845.64990234375
2024-02-01,184.60931396484375,146.49000549316406,159.27999877929688,209.80999755859375,139.82943725585938,25.810922622680664,278.9263610839844,395.34002685546875,62.84485626220703,188.86000061035156,4906.18994140625
2024-02-02,183.6114959716797,146.5500030517578,171.80999755859375,209.3800048828125,141.03790283203125,25.57903480529785,277.9625549316406,402.6244812011719,65.96881103515625,187.91000366210938,4958.60986328125
2024-02-05,185.41944885253906,144.77999877929688,170.30999755859375,206.6300048828125,142.32569885253906,25.266876220703125,267.5945129394531,397.17095947265625,69.13162231445312,181.05999755859375,4942.81005859375
2024-02-06,187.01991271972656,144.52999877929688,169.14999389648438,208.5800018310547,142.74171447753906,25.231203079223633,266.3593444824219,397.0143127441406,68.02584075927734,185.10000610351562,4954.22998046875
2024-02-07,187.1286163330078,147.5500030517578,170.52999877929688,211.9199981689453,144.16812133789062,24.92796516418457,268.8671569824219,405.3954162597656,69.89640808105469,187.5800018310547,4995.06005859375
2024-02-08,186.05174255371094,150.5399932861328,169.83999633789062,209.22000122070312,144.53465270996094,25.231203079223633,273.1715393066406,405.4540710449219,69.4397201538086,189.55999755859375,4997.91015625
2024-02-09,186.81344604492188,147.59500122070312,174.4499969482422,209.1999969482422,147.59552001953125,25.34714698791504,270.86962890625,411.7594909667969,71.92455291748047,193.57000732421875,5026.60986328125
2024-02-12,185.13174438476562,153.8000030517578,172.33999633789062,209.3300018310547,146.139404296875,25.587953567504883,270.841552734375,406.580078125,72.0391845703125,188.1300048828125,5021.83984375
2024-02-13,183.04449462890625,150.82000732421875,168.63999938964844,204.4600067138672,143.77191162109375,25.09741973876953,268.66131591796875,397.82696533203125,71.91956329345703,184.02000427246094,4953.169921875
2024-02-14,182.1641082763672,148.1999969482422,170.97999572753906,203.3800048828125,144.56436157226562,25.489845275878906,269.65313720703125,401.67205810546875,73.6864242553711,188.7100067138672,5000.6201171875
2024-02-15,181.87722778320312,157.69000244140625,169.8000030517578,205.3300018310547,141.42425537109375,25.891193389892578,273.1060791015625,398.7980651855469,72.4480209350586,200.4499969482422,5029.72998046875
2024-02-16,180.34396362304688,152.50999450683594,169.50999450683594,203.88999938964844,139.19544982910156,25.489845275878906,273.2558288574219,396.3458557128906,72.40314483642578,199.9499969482422,5005.56982421875
2024-02-20,179.60203552246094,148.14999389648438,167.0800018310547,203.3699951171875,139.78977966308594,25.534440994262695,273.84527587890625,395.1000061035156,69.25128936767578,193.75999450683594,4975.509765625
2024-02-21,180.35385131835938,149.24000549316406,168.58999633789062,201.57000732421875,141.2063446044922,25.356063842773438,275.0244140625,394.501708984375,67.27700805664062,194.77000427246094,4981.7998046875
2024-02-22,182.3817596435547,155.25999450683594,174.5800018310547,201.5,142.73179626464844,25.819843292236328,276.9051513671875,403.7908935546875,78.31102752685547,197.41000366210938,5087.02978515625
2024-02-23,180.55169677734375,152.66000366210938,174.99000549316406,200.8300018310547,142.60305786132812,26.105243682861328,278.6175842285156,402.50592041015625,78.58921813964844,191.97000122070312,5088.7998046875
2024-02-26,179.2063446044922,149.27000427246094,174.72999572753906,200.5399932861328,136.27328491210938,25.686058044433594,278.028076171875,399.75933837890625,78.8634262084961,199.39999389648438,5069.52978515625
2024-02-27,180.6605224609375,152.05999755859375,173.5399932861328,201.39999389648438,137.57093811035156,25.712814331054688,274.88397216796875,399.7005310058594,78.47354125976562,199.72999572753906,5078.18017578125
2024-02-28,179.46356201171875,153.42999267578125,173.16000366210938,207.0,135.094482421875,25.614709854125977,276.2221374511719,399.9358825683594,77.43855285644531,202.0399932861328,5069.759765625
2024-02-29,178.80075073242188,157.47000122070312,176.75999450683594,203.72000122070312,137.1549072265625,25.266876220703125,275.05517578125,405.74285888671875,78.88336181640625,201.8800048828125,5096.27001953125
2024-03-01,177.7225341796875,159.72000122070312,178.22000122070312,200.0,135.84732055664062,26.230104446411133,273.5965881347656,407.5673522949219,82.04119873046875,202.63999938964844,5137.080078125
2024-03-04,173.21170043945312,158.08999633789062,177.5800018310547,200.5399932861328,132.09304809570312,25.91794776916504,273.79412841796875,406.9984130859375,84.99066162109375,188.13999938964844,5130.9501953125
2024-03-05,168.285400390625,159.3300018310547,174.1199951171875,201.13999938964844,131.41944885253906,25.980379104614258,275.2998352050781,394.962646484375,85.7195816040039,180.74000549316406,5078.64990234375
2024-03-06,167.29617309570312,163.8699951171875,173.50999450683594,201.0,130.16143798828125,26.961442947387695,275.6668395996094,394.4133605957031,88.44779968261719,176.5399932861328,5104.759765625
2024-03-07,167.17750549316406,163.5399932861328,176.82000732421875,203.02999877929688,133.11337280273438,27.255760192871094,273.9541320800781,401.32879638671875,92.40552520751953,178.64999389648438,5157.35986328125
2024-03-08,168.88882446289062,164.91000366210938,175.35000610351562,198.49000549316406,134.13363647460938,27.41629981994629,275.3092041015625,398.4645690917969,87.27912902832031,175.33999633789062,5123.68994140625
2024-03-11,170.8870391845703,162.99000549316406,171.9600067138672,192.49000549316406,136.37229919433594,27.523326873779297,277.4455261230469,396.7969665527344,85.5301284790039,177.77000427246094,5117.93994140625
2024-03-12,171.36184692382812,166.6699981689453,175.38999938964844,184.24000549316406,137.1945037841797,27.44773292541504,276.9654846191406,407.3515319824219,91.65166473388672,177.5399932861328,5175.27001953125
2024-03-13,169.2845001220703,164.75999450683594,176.55999755859375,182.35000610351562,138.4723358154297,27.672714233398438,266.1903381347656,407.1750183105469,90.62957763671875,169.47999572753906,5165.31005859375
2024-03-14,171.13436889648438,166.44000244140625,178.75,181.14999389648438,141.75115966796875,27.54672622680664,265.1269226074219,417.101806640625,87.69396209716797,162.5,5150.47998046875
2024-03-15,170.7584686279297,160.63999938964844,174.4199981689453,182.52999877929688,139.84921264648438,27.37574005126953,262.6895446777344,408.4698181152344,87.5872573852539,163.57000732421875,5117.08984375
2024-03-18,171.84657287597656,161.86000061035156,174.47999572753906,179.83999633789062,146.2879638671875,26.94377326965332,262.1625061035156,409.35260009765625,88.20349884033203,173.8000030517578,5149.419921875
2024-03-19,174.18112182617188,161.7899932861328,175.89999389648438,181.13999938964844,145.6441192626953,26.835783004760742,266.1997375488281,413.3645324707031,89.14381408691406,171.32000732421875,5178.509765625
2024-03-20,176.74319458007812,164.7100067138672,178.14999389648438,187.77999877929688,147.33798217773438,26.709796905517578,267.6866455078125,417.1116027832031,90.11505126953125,175.66000366210938,5224.6201171875
2024-03-21,169.5219268798828,168.17999267578125,178.14999389648438,187.6999969482422,146.20870971679688,27.069765090942383,266.8208312988281,421.17254638671875,91.17501831054688,172.82000732421875,5241.52978515625
2024-03-22,170.422119140625,167.86000061035156,178.8699951171875,188.85000610351562,149.3488311767578,27.042766571044922,265.9738464355469,420.5545959472656,94.02091217041016,170.8300018310547,5234.18017578125
2024-03-25,169.00753784179688,167.99000549316406,179.7100067138672,191.41000366210938,148.65545654296875,26.8897762298584,262.2001953125,414.7868347167969,94.73188781738281,172.6300048828125,5218.18994140625
2024-03-26,167.8798370361328,167.38999938964844,178.3000030517578,187.5,149.24978637695312,26.988773345947266,262.2001953125,413.5999450683594,92.29781341552734,177.6699981689453,5203.580078125
2024-03-27,171.44102478027344,166.41000366210938,179.8300018310547,191.9499969482422,149.4479217529297,27.105762481689453,265.3998107910156,413.3841552734375,89.99339294433594,179.8300018310547,5248.490234375
2024-03-28,169.6307373046875,164.9600067138672,180.3800048828125,192.99000549316406,149.50732421875,27.19575309753418,265.3339538574219,412.687744140625,90.09910583496094,175.7899932861328,5254.35009765625
2024-04-01,168.19639587402344,163.3699951171875,180.97000122070312,189.5,154.0243682861328,27.339738845825195,263.7059020996094,416.46417236328125,90.1060791015625,175.22000122070312,5243.77001953125
2024-04-02,167.0192108154297,160.11000061035156,180.69000244140625,188.0399932861328,153.1031036376953,26.6018009185791,261.37200927734375,413.39398193359375,89.19766235351562,166.6300048828125,5205.81005859375
2024-04-03,167.82049560546875,159.33999633789062,182.41000366210938,184.9199981689453,153.45973205566406,26.691795349121094,259.3017272949219,412.4228210449219,88.71105194091797,168.3800048828125,5211.490234375
2024-04-04,166.99942016601562,158.83999633789062,180.0,183.2899932861328,149.111083984375,26.673795700073242,254.17286682128906,409.90191650390625,85.6607437133789,171.11000061035156,5147.2099609375
2024-04-05,167.75123596191406,161.77000427246094,185.07000732421875,183.13999938964844,151.0625457763672,26.19683837890625,250.97325134277344,417.39599609375,87.75777435302734,164.89999389648438,5204.33984375
2024-04-08,166.6334228515625,160.27000427246094,185.19000244140625,181.55999755859375,153.39039611816406,26.376819610595703,251.79197692871094,416.4837951660156,86.88526153564453,172.97999572753906,5202.39013671875
2024-04-09,167.84027099609375,162.66000366210938,185.6699981689453,178.1199951171875,155.1239013671875,26.970773696899414,253.56118774414062,418.1415710449219,85.1113052368164,176.8800048828125,5209.91015625
2024-04-10,165.9706268310547,160.27999877929688,185.9499969482422,174.6300048828125,154.66822814941406,26.0528507232666,252.8365478515625,415.17919921875,86.79153442382812,171.75999450683594,5160.64013671875
2024-04-11,173.15234375,165.4199981689453,189.0500030517578,173.36000061035156,157.9073944091797,26.304824829101562,252.78945922851562,419.7600402832031,90.35836029052734,174.60000610351562,5199.06005859375
2024-04-12,174.6460723876953,159.3699951171875,186.1300048828125,169.5500030517578,156.2432403564453,25.674880981445312,251.63201904296875,413.8451232910156,87.93525695800781,171.0500030517578,5123.41015625
2024-04-15,170.82769775390625,155.60000610351562,183.6199951171875,167.82000732421875,153.40028381347656,25.16192054748535,250.54034423828125,405.74285888671875,85.75645446777344,161.47999572753906,5061.81982421875
2024-04-16,167.5533905029297,156.66000366210938,183.32000732421875,170.5500030517578,152.94461059570312,25.008934020996094,249.7874755859375,406.6648864746094,87.16646575927734,157.11000061035156,5051.41015625
2024-04-17,166.1882781982422,158.3699951171875,181.27999877929688,170.2100067138672,154.00453186035156,24.918943405151367,254.04112243652344,403.9772033691406,83.79606628417969,155.4499969482422,5022.2099609375
2024-04-18,165.23861694335938,160.10000610351562,179.22000122070312,170.22999572753906,154.53944396972656,24.855947494506836,255.01048278808594,396.55169677734375,84.43024444580078,149.92999267578125,5011.1201171875
2024-04-19,163.2206268310547,155.00999450683594,174.6300048828125,169.82000732421875,152.63755798339844,25.026927947998047,255.9608917236328,391.5000915527344,75.98333740234375,147.0500030517578,4967.22998046875
2024-04-22,164.0515594482422,156.61000061035156,177.22999572753906,170.47999572753906,154.80691528320312,24.927942276000977,259.3393249511719,393.304931640625,79.2918930053711,142.0500030517578,5010.60009765625
2024-04-23,165.10012817382812,160.9499969482422,179.5399932861328,169.17999267578125,156.7682342529297,24.900943756103516,260.562744140625,399.7887268066406,82.18863677978516,144.67999267578125,5070.5498046875
2024-04-24,167.19725036621094,162.83999633789062,176.58999633789062,164.3300018310547,157.6300506591797,25.28791046142578,260.44036865234375,401.2503356933594,79.4504623413086,162.1300048828125,5071.6298828125
2024-04-25,168.05787658691406,163.00999450683594,173.6699981689453,166.80999755859375,154.52952575683594,25.314910888671875,259.358154296875,391.42156982421875,82.39706420898438,170.17999267578125,5048.419921875
2024-04-26,167.4742431640625,164.22999572753906,179.6199951171875,167.22000122070312,170.32920837402344,25.197919845581055,256.9961242675781,398.5626525878906,87.48555755615234,168.2899932861328,5099.9599609375
2024-04-29,171.62893676757812,162.25,180.9600067138672,173.49000549316406,164.58387756347656,25.440898895263672,257.4289245605469,394.5703430175781,87.50747680664062,194.0500030517578,5116.169921875
2024-04-30,168.49314880371094,158.57000732421875,175.0,167.83999633789062,161.2456512451172,25.278911590576172,256.9490051269531,381.8970031738281,86.15633392333984,183.27999877929688,5035.68994140625
2024-05-01,167.4742431640625,156.16000366210938,179.0,171.4600067138672,162.3154754638672,24.97294044494629,258.2571105957031,387.3998718261719,82.80489349365234,179.99000549316406,5018.39013671875
2024-05-02,171.16403198242188,158.3300018310547,184.72000122070312,178.85000610351562,165.04940795898438,25.143922805786133,257.17486572265625,390.2444763183594,85.57300567626953,180.00999450683594,5064.2001953125
2024-05-03,181.40240478515625,159.7100067138672,186.2100067138672,179.7899932861328,165.66358947753906,25.359905242919922,254.3893585205078,398.8961486816406,88.53654479980469,181.19000244140625,5127.7900390625
2024-05-06,179.75042724609375,162.0,188.6999969482422,178.35000610351562,166.51548767089844,25.57588768005371,253.42942810058594,405.644775390625,91.87802124023438,184.75999450683594,5180.740234375
2024-05-07,180.43295288085938,159.80999755859375,188.75999450683594,176.7100067138672,169.63577270507812,25.56688690185547,251.73550415039062,401.52490234375,90.2965316772461,177.80999755859375,5187.7001953125
2024-05-08,180.76931762695312,157.89999389648438,188.0,180.35000610351562,167.7834014892578,26.493812561035156,252.66714477539062,402.70208740234375,90.15493774414062,174.72000122070312,5187.669921875
2024-05-09,182.57958984375,147.0500030517578,189.5,181.25,168.35797119140625,26.68279266357422,252.15902709960938,404.4480895996094,88.49465942382812,171.97000122070312,5214.080078125
2024-05-10,181.32156372070312,146.32000732421875,187.47999572753906,178.50999450683594,167.060302734375,26.745790481567383,258.79351806640625,406.8218688964844,89.62245178222656,168.47000122070312,5222.68017578125
2024-05-13,184.52110290527344,149.1300048828125,186.57000732421875,178.44000244140625,167.545654296875,26.94377326965332,255.3303985595703,405.82135009765625,90.1419677734375,171.88999938964844,5221.419921875
2024-05-14,185.6602020263672,146.6999969482422,187.07000732421875,180.75999450683594,168.734375,27.681713104248047,254.7092742919922,408.60711669921875,91.09626007080078,177.5500030517578,5246.68017578125
2024-05-15,187.92861938476562,145.8000030517578,185.99000549316406,176.99000549316406,170.88389587402344,28.22167205810547,257.7301025390625,415.75115966796875,94.3609390258789,173.99000549316406,5308.14990234375
2024-05-16,188.0474395751953,147.19000244140625,183.6300048828125,182.9600067138672,172.53817749023438,27.960691452026367,257.391357421875,413.6974182128906,94.09071350097656,174.83999633789062,5297.10009765625
2024-05-17,188.07717895507812,145.66000366210938,184.6999969482422,184.9499969482422,174.40045166015625,28.068679809570312,256.3279113769531,412.930908203125,92.21605682373047,177.4600067138672,5303.27001953125
2024-05-20,189.23611450195312,146.3699951171875,183.5399932861328,186.61000061035156,175.2523651123047,28.635635375976562,252.08372497558594,417.9720153808594,94.5105209350586,174.9499969482422,5308.1298828125
2024-05-21,190.5337677001953,144.10000610351562,183.14999389648438,184.77999877929688,176.17356872558594,29.418567657470703,250.2015838623047,421.6079406738281,95.11479949951172,186.60000610351562,5321.41015625
2024-05-22,189.09744262695312,142.7100067138672,183.1300048828125,186.27999877929688,174.7174530029297,29.706541061401367,250.10748291015625,423.0623474121094,94.68001556396484,180.11000061035156,5307.009765625
2024-05-23,185.1154022216797,141.0399932861328,181.0500030517578,172.2100067138672,171.91412353515625,29.3825740814209,242.72947692871094,419.603271484375,103.5038833618164,173.74000549316406,5267.83984375
2024-05-24,188.18614196777344,144.47000122070312,180.75,174.52000427246094,173.3405303955078,29.472562789916992,242.8988800048828,422.7085876464844,106.1662826538086,179.24000549316406,5304.72021484375
2024-05-28,188.196044921875,147.00999450683594,182.14999389648438,175.0800018310547,174.7372283935547,29.82353401184082,238.59820556640625,422.8657531738281,113.57714080810547,176.75,5306.0400390625
2024-05-29,188.4932098388672,146.61000061035156,182.02000427246094,171.64999389648438,174.24197387695312,29.517560958862305,234.67398071289062,421.7357482910156,114.4985122680664,176.19000244140625,5266.9501953125
2024-05-30,189.48374938964844,145.52000427246094,179.32000732421875,172.75,170.48768615722656,34.52114486694336,237.21485900878906,407.4869079589844,110.18582153320312,178.7899932861328,5235.47998046875
2024-05-31,190.43472290039062,144.92999267578125,176.44000244140625,177.61000061035156,170.87400817871094,32.847286224365234,243.6329345703125,407.93890380859375,109.32127380371094,178.0800018310547,5277.509765625
2024-06-03,192.1978759765625,146.25,178.33999633789062,184.57000732421875,171.53768920898438,31.785371780395508,246.02926635742188,406.3568115234375,114.67301940917969,176.2899932861328,5283.39990234375
2024-06-04,192.5148468017578,147.0800018310547,179.33999633789062,188.6199951171875,172.15185546875,31.812374114990234,248.84237670898438,408.8626403808594,116.1059341430664,174.77000427246094,5291.33984375
2024-06-05,194.0205078125,145.77999877929688,181.27999877929688,189.85000610351562,173.75662231445312,32.06435775756836,246.25657653808594,416.6650695800781,122.09185791015625,175.0,5354.02978515625
2024-06-06,192.6436309814453,147.0,185.0,191.4199981689453,175.06411743164062,32.55931091308594,246.9480438232422,417.1662292480469,120.65396118164062,177.94000244140625,5352.9599609375
2024-06-07,195.0308837890625,146.66000366210938,184.3000030517578,190.24000549316406,172.8155517578125,32.80228805541992,242.67625427246094,416.5079040527344,120.54426574707031,177.47999572753906,5346.990234375
2024-06-10,191.29649353027344,148.07000732421875,187.05999755859375,190.1199951171875,173.55931091308594,32.55931091308594,240.4030303955078,420.45819091796875,121.44371795654297,173.7899932861328,5360.7900390625
2024-06-11,205.19400024414062,147.75,187.22999572753906,185.5,175.15599060058594,32.68529510498047,240.84820556640625,425.1849060058594,120.57612609863281,170.66000366210938,5375.31982421875
2024-06-12,211.05813598632812,149.32000732421875,186.88999938964844,182.6699981689453,176.3162841796875,32.91744613647461,241.03762817382812,433.4197082519531,124.8542709350586,177.2899932861328,5421.02978515625
2024-06-13,212.21707153320312,146.10000610351562,183.8300018310547,180.6999969482422,173.7080841064453,33.053462982177734,240.29885864257812,433.93072509765625,129.25209045410156,182.47000122070312,5433.740234375
2024-06-14,210.48358154296875,145.97000122070312,183.66000366210938,177.27000427246094,175.3245849609375,32.2010612487793,240.1851806640625,434.9035949707031,131.51583862304688,178.00999450683594,5431.60009765625
2024-06-17,214.62413024902344,149.5,184.05999755859375,178.38999938964844,175.77084350585938,32.58191680908203,240.11888122558594,440.6031188964844,130.61831665039062,187.44000244140625,5473.22998046875
2024-06-18,212.2666015625,147.2899932861328,182.80999755859375,174.99000549316406,173.63865661621094,33.32551193237305,237.54257202148438,438.6082458496094,135.20562744140625,184.86000061035156,5487.02978515625
2024-06-20,207.7001190185547,147.8800048828125,186.10000610351562,176.3000030517578,174.83865356445312,32.863037109375,240.39356994628906,437.9793701171875,130.41888427734375,181.57000732421875,5473.169921875
2024-06-21,205.5308074951172,149.57000732421875,189.0800018310547,176.55999755859375,178.14105224609375,32.98092269897461,245.68829345703125,441.9886779785156,126.22048950195312,183.00999450683594,5464.6201171875
2024-06-24,206.1746826171875,148.38999938964844,185.57000732421875,179.10000610351562,177.73440551757812,32.91744613647461,246.62600708007812,439.915283203125,117.78384399414062,182.5800018310547,5447.8701171875
2024-06-25,207.0959014892578,150.91000366210938,186.33999633789062,175.10000610351562,182.5045623779297,32.89023971557617,243.7844696044922,443.1384582519531,125.74181365966797,187.35000610351562,5469.2998046875
2024-06-26,211.23641967773438,150.0,193.61000061035156,178.5,182.35577392578125,31.820194244384766,244.21066284179688,444.32745361328125,126.05095672607422,196.3699951171875,5477.89990234375
2024-06-27,212.0784149169922,151.61000061035156,197.85000610351562,182.50999450683594,183.87310791015625,31.475605010986328,244.53273010253906,445.00555419921875,123.64761352539062,197.4199981689453,5482.8701171875
2024-06-28,208.63125610351562,151.6300048828125,193.25,182.00999450683594,180.64013671875,31.7567195892334,241.3786163330078,439.2077331542969,123.19886779785156,197.8800048828125,5460.47998046875
2024-07-01,214.70335388183594,151.6300048828125,197.1999969482422,186.6999969482422,181.47317504882812,31.711376190185547,236.78482055664062,448.81829833984375,123.9567642211914,209.86000061035156,5475.08984375
2024-07-02,218.1901397705078,154.33999633789062,200.0,185.4199981689453,183.70452880859375,31.557218551635742,234.7010498046875,451.3240966796875,122.33125305175781,231.25999450683594,5509.009765625
2024-07-03,219.4580535888672,152.72999572753906,197.58999633789062,184.30999755859375,184.27972412109375,31.602561950683594,236.79432678222656,452.7882385253906,127.92577362060547,246.38999938964844,5537.02001953125
2024-07-05,224.20281982421875,152.5,200.0,184.8300018310547,189.02011108398438,31.403059005737305,237.8267364501953,459.4606628417969,125.48252868652344,251.52000427246094,5567.18994140625
2024-07-08,225.66885375976562,151.9600067138672,199.2899932861328,185.83999633789062,187.46310424804688,32.028770446777344,234.75787353515625,458.1635437011719,127.8459701538086,252.94000244140625,5572.85009765625
2024-07-09,226.5207061767578,152.4499969482422,199.33999633789062,183.24000549316406,187.41351318359375,32.119441986083984,232.83511352539062,451.57965087890625,131.0172119140625,262.3299865722656,5576.97998046875
2024-07-10,230.78012084960938,151.83999633789062,199.7899932861328,183.72999572753906,189.5952606201172,32.7088737487793,237.25843811035156,458.1733703613281,134.5374755859375,263.260009765625,5633.91015625
2024-07-11,225.4212188720703,146.0,195.0500030517578,183.91000366210938,184.0318145751953,32.736080169677734,241.3407440185547,446.8234558105469,127.04820251464844,241.02999877929688,5584.5400390625
2024-07-12,228.36317443847656,146.77999877929688,194.49000549316406,182.30999755859375,183.5359344482422,33.307373046875,240.48829650878906,445.6933288574219,128.88311767578125,248.22999572753906,5615.35009765625
2024-07-15,232.18670654296875,147.22000122070312,192.72000122070312,179.11000061035156,184.9838409423828,33.86053466796875,238.2434844970703,446.0962829589844,128.0853271484375,252.63999938964844,5631.22021484375
2024-07-16,232.6027374267578,151.25999450683594,193.02000427246094,186.0500030517578,182.3954620361328,34.45903015136719,243.68026733398438,441.7331848144531,126.01107025146484,256.55999755859375,5667.2001953125
2024-07-17,226.71884155273438,148.0,187.92999267578125,184.83999633789062,179.51951599121094,34.558780670166016,247.21322631835938,435.83709716796875,117.6641845703125,248.5,5588.27001953125
2024-07-18,222.06320190429688,146.8800048828125,183.75,180.22999572753906,176.2171173095703,33.896812438964844,245.8114013671875,432.74169921875,120.755615234375,249.22999572753906,5544.58984375
2024-07-19,222.19200134277344,147.99000549316406,183.1300048828125,179.6699981689453,176.18734741210938,33.688232421875,243.6897430419922,429.5381164550781,117.60433959960938,239.1999969482422,5505.0
2024-07-22,221.84527587890625,150.17999267578125,182.5500030517578,178.89999389648438,180.16412353515625,34.47716522216797,245.83038330078125,435.26715087890625,123.19886779785156,251.50999450683594,5564.41015625
2024-07-23,222.8853759765625,148.75,186.41000366210938,186.47999572753906,180.28311157226562,34.196048736572266,240.63037109375,437.14410400390625,122.25148010253906,246.3800048828125,5555.740234375
2024-07-24,216.47645568847656,144.22999572753906,180.8300018310547,180.07000732421875,171.1990509033203,34.295806884765625,239.98626708984375,421.47039794921875,113.93453216552734,215.99000549316406,5427.1298828125
2024-07-25,215.43638610839844,140.02999877929688,179.85000610351562,184.35000610351562,165.89340209960938,32.87210464477539,238.1771697998047,411.1522216796875,111.96996307373047,220.25,5399.22021484375
2024-07-26,215.90194702148438,140.10000610351562,182.5,186.88999938964844,165.61572265625,32.95371627807617,238.68865966796875,417.90325927734375,112.74779510498047,219.8000030517578,5459.10009765625
2024-07-29,216.17930603027344,140.2899932861328,183.1999969482422,185.42999267578125,168.12472534179688,32.763282775878906,247.611083984375,419.33795166015625,111.28185272216797,232.10000610351562,5463.5400390625
2024-07-30,216.7340087890625,138.99000549316406,181.7100067138672,186.86000061035156,168.8784637451172,32.21013259887695,252.3658905029297,415.5940246582031,103.44355773925781,222.6199951171875,5436.43994140625
2024-07-31,219.98304748535156,139.55999755859375,186.97999572753906,190.60000610351562,170.11807250976562,32.72701644897461,251.38079833984375,411.1031188964844,116.69684600830078,232.07000732421875,5522.2998046875
2024-08-01,216.29820251464844,135.08999633789062,184.07000732421875,178.30999755859375,169.3445281982422,31.892742156982422,254.55384826660156,409.88458251953125,108.90843200683594,216.86000061035156,5446.68017578125
2024-08-02,217.78399658203125,128.22999572753906,167.89999389648438,169.9499969482422,165.27853393554688,30.57785987854004,262.0744934082031,401.4139099121094,106.97378540039062,207.6699981689453,5346.56005859375
2024-08-05,207.29400634765625,125.30999755859375,161.02000427246094,167.02999877929688,157.92996215820312,29.698246002197266,254.26974487304688,388.3049621582031,100.17261505126953,198.8800048828125,5186.330078125
2024-08-06,205.2732391357422,130.47000122070312,161.92999267578125,165.0399932861328,156.9779052734375,29.67104148864746,255.79470825195312,392.68768310546875,103.96212005615234,200.63999938964844,5240.02978515625
2024-08-07,207.8388214111328,113.01000213623047,162.77000427246094,163.24000549316406,157.62252807617188,29.036270141601562,255.14112854003906,391.5282287597656,98.63687133789062,191.75999450683594,5199.5
2024-08-08,211.2958526611328,114.63999938964844,165.8000030517578,168.8699951171875,160.68690490722656,29.943086624145508,256.8650207519531,395.7143859863281,104.68013000488281,198.83999633789062,5319.31005859375
2024-08-09,214.19821166992188,115.08000183105469,166.94000244140625,167.91000366210938,162.31332397460938,30.41463279724121,253.75830078125,398.9867248535156,104.46074676513672,200.0,5344.16015625
2024-08-12,215.7253875732422,113.62000274658203,166.8000030517578,164.1300048828125,160.9447479248047,30.632265090942383,255.22637939453125,399.7630310058594,108.71896362304688,197.49000549316406,5344.39013671875
2024-08-13,219.4344024658203,116.9000015258789,170.22999572753906,168.75999450683594,162.7992401123047,31.520946502685547,256.0314636230469,406.83831787109375,115.81928253173828,207.8300018310547,5434.43017578125
2024-08-14,219.88064575195312,116.23999786376953,170.10000610351562,168.5,159.04066467285156,31.511878967285156,256.82708740234375,409.6389465332031,117.75395202636719,201.3800048828125,5455.2099609375
2024-08-15,222.8557586669922,118.87999725341797,177.58999633789062,176.41000366210938,159.9629669189453,32.182926177978516,260.3506164550781,414.482421875,122.5207290649414,214.13999938964844,5543.22021484375
2024-08-16,224.1747589111328,116.30999755859375,177.05999755859375,179.99000549316406,161.60919189453125,32.563785552978516,263.7793884277344,411.9622497558594,124.2359848022461,216.1199951171875,5554.25
2024-08-19,224.01605224609375,119.13999938964844,178.22000122070312,179.63999938964844,165.28843688964844,31.375856399536133,272.36077880859375,414.974609375,129.64100646972656,222.72000122070312,5608.25
2024-08-20,224.63092041015625,117.37999725341797,178.8800048828125,172.10000610351562,165.79420471191406,31.5662899017334,270.5422058105469,418.19378662109375,126.89861297607422,221.10000610351562,5597.1201171875
2024-08-21,224.5218505859375,117.68000030517578,180.11000061035156,173.42999267578125,164.47525024414062,31.98342514038086,274.40667724609375,417.5440673828125,128.14517211914062,223.27000427246094,5620.85009765625
2024-08-22,222.66734313964844,115.44999694824219,176.1300048828125,172.75999450683594,162.44223022460938,31.811134338378906,273.93310546875,409.0876159667969,123.39830017089844,210.66000366210938,5570.64013671875
2024-08-23,224.95816040039062,116.8499984741211,177.0399932861328,174.9600067138672,164.2471466064453,32.33707809448242,274.2267150878906,410.3083801269531,129.01275634765625,220.32000732421875,5634.60986328125
2024-08-26,225.2953643798828,115.70999908447266,175.5,173.47999572753906,164.78268432617188,32.255470275878906,273.4311218261719,407.0596618652344,126.11080169677734,213.2100067138672,5616.83984375
2024-08-27,226.13832092285156,116.73999786376953,173.1199951171875,173.0500030517578,163.31494140625,32.28267288208008,274.3404235839844,407.4042663574219,127.94573211669922,209.2100067138672,5625.7998046875
2024-08-28,224.61106872558594,117.52999877929688,170.8000030517578,170.7100067138672,161.5001220703125,31.520946502685547,271.88720703125,404.21466064453125,125.26314544677734,205.75,5592.18017578125
2024-08-29,227.8837127685547,116.5999984741211,172.1199951171875,172.25999450683594,160.43898010253906,32.15571975708008,272.6544189453125,406.69549560546875,117.2652816772461,206.27999877929688,5591.9599609375
2024-08-30,227.1002655029297,117.30999755859375,178.5,173.74000549316406,162.0257568359375,32.80862808227539,273.412109375,410.6529541015625,119.04037475585938,214.11000061035156,5648.39990234375
2024-09-03,220.9219207763672,114.9800033569336,176.25,161.02000427246094,156.05563354492188,32.08317565917969,272.01171875,403.0726623535156,107.70176696777344,210.60000610351562,5528.93017578125
2024-09-04,219.0178680419922,115.20999908447266,173.3300018310547,163.22000122070312,155.1531524658203,32.03783416748047,274.4029541015625,402.5410461425781,105.91671752929688,219.41000366210938,5520.06982421875
2024-09-05,220.53518676757812,116.16000366210938,177.88999938964844,162.14999389648438,155.9366455078125,31.194494247436523,274.3458251953125,402.03900146484375,106.91395568847656,230.1699981689453,5503.41015625
2024-09-06,218.98809814453125,114.27999877929688,171.38999938964844,157.6199951171875,149.66900634765625,30.66853904724121,275.81292724609375,395.45306396484375,102.5460433959961,210.72999572753906,5408.419921875
2024-09-09,219.077392578125,116.36000061035156,175.39999389648438,162.91000366210938,147.6730194091797,30.9949893951416,277.5087585449219,399.4105529785156,106.1760025024414,216.27000427246094,5471.0498046875
2024-09-10,218.28399658203125,115.12000274658203,179.5500030517578,160.07000732421875,147.6233673095703,30.351152420043945,277.4896545410156,407.7586364746094,107.8014907836914,226.1699981689453,5495.52001953125
2024-09-11,220.81288146972656,115.95999908447266,184.52000427246094,161.3300018310547,150.10594177246094,30.5120792388916,276.4988708496094,416.461181640625,116.58716583251953,228.1300048828125,5554.1298828125
2024-09-12,220.9219207763672,117.36000061035156,187.0,162.77000427246094,153.611328125,30.265201568603516,278.5185546875,420.359619140625,118.82117462158203,229.80999755859375,5595.759765625
2024-09-13,220.6541748046875,117.75,186.49000549316406,156.77000427246094,156.36199951171875,30.46636390686035,282.5008239746094,423.8937683105469,118.78128051757812,230.2899932861328,5626.02001953125
2024-09-16,214.5254669189453,117.55000305175781,184.88999938964844,155.5500030517578,156.9578399658203,30.86867904663086,282.6532287597656,424.632080078125,116.46748352050781,226.77999877929688,5633.08984375
2024-09-17,214.99154663085938,122.12000274658203,186.8800048828125,156.38999938964844,158.20904541015625,31.481300354003906,279.8523254394531,428.3828430175781,115.28067016601562,227.8699951171875,5634.580078125
2024-09-18,218.85922241210938,122.41999816894531,186.42999267578125,155.11000061035156,158.69561767578125,31.572736740112305,278.21368408203125,424.1103515625,113.06661224365234,227.1999969482422,5618.259765625
2024-09-19,226.97134399414062,128.75,189.8699951171875,154.58999633789062,161.00936889648438,31.837890625,279.9476623535156,431.8678283691406,117.55458068847656,243.9199981689453,5713.64013671875
2024-09-20,226.30690002441406,131.17999267578125,191.60000610351562,153.2899932861328,162.4492645263672,31.78303337097168,282.7866516113281,428.5009765625,115.68959045410156,238.25,5702.5498046875
2024-09-23,224.5912628173828,129.02999877929688,193.8800048828125,156.3000030517578,160.7213897705078,32.103065490722656,284.9111328125,426.7683410644531,115.94888305664062,250.0,5718.56982421875
2024-09-24,225.48377990722656,131.47999572753906,193.9600067138672,155.80999755859375,161.1583251953125,32.770538330078125,286.0638732910156,422.4958801269531,120.54654693603516,254.27000427246094,5732.93017578125
2024-09-25,224.49208068847656,130.7100067138672,192.52999877929688,152.22000122070312,160.36392211914062,32.962554931640625,286.25439453125,425.3901062011719,123.17947387695312,257.0199890136719,5722.259765625
2024-09-26,225.63255310058594,129.25,191.16000366210938,154.5800018310547,161.5952606201172,33.69404220581055,289.2839660644531,424.6025390625,123.70806121826172,254.22000122070312,5745.3701171875
2024-09-27,225.90028381347656,128.25,187.97000122070312,156.32000732421875,162.8067626953125,32.37736511230469,289.32208251953125,421.36370849609375,121.07513427734375,260.4599914550781,5738.169921875
2024-09-30,231.0670623779297,126.80999755859375,186.3300018310547,152.0399932861328,164.69346618652344,32.7979736328125,290.1033020019531,423.6082763671875,121.11502075195312,261.6300048828125,5762.47998046875
2024-10-01,224.33340454101562,125.47000122070312,185.1300048828125,154.22000122070312,165.82557678222656,31.78303337097168,288.6456604003906,414.147705078125,116.68689727783203,258.0199890136719,5708.75
2024-10-02,224.898681640625,126.18000030517578,184.75999450683594,152.88999938964844,164.7034454345703,32.16706466674805,289.3887634277344,410.64312744140625,118.53195190429688,249.02000427246094,5709.5400390625
2024-10-03,223.79786682128906,125.29000091552734,181.9600067138672,150.52000427246094,164.7034454345703,32.55109405517578,289.0934143066406,410.062255859375,122.52124786376953,240.66000366210938,5699.93994140625
2024-10-04,224.9185028076172,129.85000610351562,186.50999450683594,155.0,165.89508056640625,32.90769577026367,289.3887634277344,409.5896911621094,124.58570861816406,250.0800018310547,5751.06982421875
2024-10-07,219.8509063720703,130.22999572753906,180.8000030517578,155.91000366210938,161.84347534179688,32.83454513549805,286.6164245605469,403.171142578125,127.37820434570312,240.8300018310547,5695.93994140625
2024-10-08,223.89706420898438,132.5,182.72000122070312,154.64999389648438,163.2337646484375,32.916839599609375,287.6167907714844,408.26068115234375,132.5343780517578,244.5,5751.1298828125
2024-10-09,227.63577270507812,135.49000549316406,185.1699981689453,149.3699951171875,160.7313232421875,33.447166442871094,289.4554443359375,410.9679260253906,132.29501342773438,241.0500030517578,5792.0400390625
2024-10-10,227.13992309570312,132.80999755859375,186.64999389648438,146.6199951171875,160.94981384277344,33.602603912353516,289.655517578125,409.3731384277344,134.44921875,238.77000427246094,5780.0498046875
2024-10-11,225.6623077392578,134.39999389648438,188.82000732421875,151.02000427246094,162.10169982910156,33.840335845947266,290.60821533203125,409.8456726074219,134.43927001953125,217.8000030517578,5815.02978515625
2024-10-14,229.38119506835938,134.7899932861328,187.5399932861328,148.99000549316406,163.80970764160156,34.23351287841797,295.18109130859375,412.621826171875,137.70053100585938,219.16000366210938,5859.85009765625
2024-10-15,231.9100341796875,133.27000427246094,187.69000244140625,152.35000610351562,164.30621337890625,33.803768157958984,298.5155029296875,412.2280578613281,131.24783325195312,219.57000732421875,5815.259765625
2024-10-16,229.85720825195312,135.14999389648438,186.88999938964844,154.89999389648438,164.00828552246094,33.99577713012695,298.11541748046875,409.6487731933594,135.35679626464844,221.3300018310547,5842.47021484375
2024-10-17,230.22412109375,136.02000427246094,187.52999877929688,155.30999755859375,161.79383850097656,34.36152267456055,299.81121826171875,410.239501953125,136.56356811523438,220.88999938964844,5841.47021484375
2024-10-18,233.0504608154297,136.4499969482422,188.99000549316406,155.0,162.28042602539062,34.087215423583984,301.5832214355469,411.6570739746094,137.63072204589844,220.6999969482422,5864.669921875
2024-10-21,234.51820373535156,137.19000244140625,189.07000732421875,159.82000732421875,162.92593383789062,33.337440490722656,299.9921875,412.2674255371094,143.32542419433594,218.85000610351562,5853.97998046875
2024-10-22,233.9033660888672,135.58999633789062,189.6999969482422,159.8800048828125,163.98846435546875,33.12714385986328,299.8016052246094,420.8616027832031,143.2057342529297,217.97000122070312,5851.2001953125
2024-10-23,228.8456573486328,131.9199981689453,184.7100067138672,157.05999755859375,161.64491271972656,32.779685974121094,284.44427490234375,417.9969177246094,139.18653869628906,213.64999389648438,5797.419921875
2024-10-24,228.65724182128906,132.75,186.3800048828125,155.1999969482422,161.5853271484375,33.346580505371094,287.3119201660156,418.1248779296875,140.0342559814453,260.4800109863281,5809.85986328125
2024-10-25,229.49026489257812,134.5800018310547,187.8300018310547,155.00999450683594,164.11753845214844,33.721473693847656,278.7662658691406,421.4917297363281,141.16123962402344,269.19000244140625,5808.1201171875
2024-10-28,231.46376037597656,135.77999877929688,188.38999938964844,150.69000244140625,165.55743408203125,34.21522521972656,282.74853515625,419.9559326171875,140.1439666748047,262.510009765625,5823.52001953125
2024-10-29,231.7315216064453,137.77999877929688,190.8300018310547,152.97999572753906,168.49679565429688,33.886051177978516,281.0431823730469,425.2325744628906,140.87200927734375,259.5199890136719,5832.919921875
2024-10-30,228.19114685058594,136.5,192.72999572753906,154.2899932861328,173.2434539794922,33.410587310791016,277.7278747558594,425.8035888671875,138.96713256835938,257.54998779296875,5813.669921875
2024-10-31,224.035888671875,134.7899932861328,186.39999389648438,149.30999755859375,169.91680908203125,32.47794723510742,278.2899169921875,400.03070068359375,132.4047393798828,249.85000610351562,5705.4501953125
2024-11-01,221.06077575683594,136.4600067138672,197.92999267578125,154.58999633789062,170.09556579589844,33.1728515625,281.2432861328125,403.9881896972656,135.03765869140625,248.97999572753906,5728.7998046875
2024-11-04,220.16824340820312,136.8699951171875,195.77999877929688,155.07000732421875,168.05987548828125,32.90769577026367,278.99493408203125,402.1078796386719,135.68592834472656,242.83999633789062,5712.68994140625
2024-11-05,221.59629821777344,137.82000732421875,199.5,151.0,168.55636596679688,33.50202560424805,283.25341796875,405.0612487792969,139.5355987548828,251.44000244140625,5782.759765625
2024-11-06,220.87232971191406,140.91000366210938,207.08999633789062,147.16000366210938,175.27915954589844,33.7489013671875,280.09051513671875,413.6456298828125,145.2203369140625,288.5299987792969,5929.0400390625
2024-11-07,225.59288024902344,147.3699951171875,210.0500030517578,150.97999572753906,179.4895782470703,34.1420783996582,280.7192687988281,418.8139953613281,148.48159790039062,296.9100036621094,5973.10009765625
2024-11-08,225.32481384277344,134.61000061035156,208.17999267578125,151.67999267578125,177.10633850097656,33.66661071777344,284.825439453125,415.96893310546875,147.2349090576172,321.2200012207031,5995.5400390625
2024-11-11,222.61448669433594,137.39999389648438,206.83999633789062,148.9600067138672,179.0924072265625,34.44381332397461,287.26422119140625,411.5093994140625,144.87127685546875,350.0,6001.35009765625
2024-11-12,222.61448669433594,133.1999969482422,208.91000366210938,145.1699981689453,180.35354614257812,33.9317741394043,284.5205383300781,416.4513244628906,147.8931427001953,328.489990234375,5983.990234375
2024-11-13,223.49806213378906,132.75999450683594,214.10000610351562,139.97000122070312,177.63262939453125,33.657470703125,283.2820129394531,418.58758544921875,145.87857055664062,330.239990234375,5985.3798828125
2024-11-14,226.57574462890625,134.55999755859375,211.47999572753906,138.13999938964844,174.35565185546875,33.3648796081543,284.4347839355469,420.2513122558594,146.3672332763672,311.17999267578125,5949.169921875
2024-11-15,223.3789520263672,132.5,202.61000061035156,140.19000244140625,171.28721618652344,33.57517623901367,278.7853088378906,408.5461730957031,141.60003662109375,320.7200012207031,5870.6201171875
2024-11-18,226.377197265625,132.19000244140625,201.6999969482422,143.8699951171875,174.07760620117188,34.224365234375,277.32769775390625,409.29443359375,139.77493286132812,338.739990234375,5893.6201171875
2024-11-19,226.6352996826172,131.44000244140625,204.61000061035156,145.60000610351562,176.8779296875,33.71232223510742,276.9752197265625,411.2928466796875,146.61660766601562,346.0,5916.97998046875
2024-11-20,227.35011291503906,135.25,202.8800048828125,146.0800018310547,174.7528533935547,33.53860092163086,277.146728515625,409.0285339355469,145.49960327148438,342.0299987792969,5917.10986328125
2024-11-21,226.8735809326172,133.25999450683594,198.3800048828125,143.41000366210938,166.4611053466797,34.66325759887695,274.8221435546875,407.2628479003906,146.2775115966797,339.6400146484375,5948.7099609375
2024-11-22,228.21385192871094,137.33999633789062,197.1199951171875,149.2899932861328,163.61111450195312,34.864418029785156,276.5465087890625,411.33685302734375,141.57012939453125,352.55999755859375,5969.33984375
2024-11-25,231.19223022460938,140.92999267578125,201.4499969482422,153.10000610351562,166.48092651367188,35.9342155456543,282.1768798828125,413.1025085449219,135.65602111816406,338.5899963378906,5987.3701171875
2024-11-26,233.36643981933594,139.6699981689453,207.86000061035156,150.75999450683594,167.94070434570312,35.751346588134766,282.3102722167969,422.1775207519531,136.55360412597656,338.2300109863281,6021.6298828125
2024-11-27,233.2373809814453,138.27999877929688,205.74000549316406,152.39999389648438,168.04991149902344,31.69160270690918,281.1194152832031,417.2454833984375,134.9778289794922,332.8900146484375,5998.740234375
2024-11-29,235.62010192871094,136.11000061035156,207.88999938964844,155.44000244140625,167.7718963623047,32.39564895629883,282.0054626464844,417.7090759277344,137.8800506591797,345.1600036621094,6032.3798828125
2024-12-02,237.86380004882812,137.49000549316406,210.7100067138672,156.5399932861328,170.29417419433594,33.32829666137695,280.2803039550781,425.1269836425781,138.25901794433594,357.0899963378906,6047.14990234375
2024-12-03,240.90174865722656,137.4600067138672,213.44000244140625,155.0,170.14524841308594,33.63917922973633,282.25457763671875,425.34393310546875,139.88465881347656,351.4200134277344,6049.8798828125
2024-12-04,241.25917053222656,139.07000732421875,218.16000366210938,158.27999877929688,173.15406799316406,33.246009826660156,282.8200988769531,431.4795227050781,144.75157165527344,357.92999267578125,6086.490234375
2024-12-05,241.28890991210938,136.32000732421875,220.5500030517578,156.6699981689453,171.4361572265625,33.0722770690918,287.0179748535156,436.60888671875,144.68179321289062,369.489990234375,6075.10986328125
2024-12-06,241.09039306640625,136.9199981689453,227.02999877929688,153.92999267578125,173.4917449951172,33.09971237182617,286.5483703613281,437.54595947265625,142.06861877441406,389.2200012207031,6090.27001953125
2024-12-09,244.9722442626953,137.27000427246094,226.08999633789062,157.0399932861328,174.34669494628906,33.32829666137695,288.8389587402344,439.9627380371094,138.4480743408203,389.7900085449219,6052.85009765625
2024-12-10,245.98487854003906,138.3000030517578,225.0399932861328,164.10000610351562,184.08950805664062,31.947622299194336,288.2063903808594,437.3092346191406,134.71783447265625,400.989990234375,6034.91015625
2024-12-11,244.71409606933594,138.83999633789062,230.25999450683594,165.9600067138672,194.25982666015625,31.854501724243164,283.7880554199219,442.892333984375,138.94676208496094,424.7699890136719,6084.18994140625
2024-12-12,246.1735076904297,137.47000122070312,228.97000122070312,167.75,190.8399200439453,32.25096130371094,284.29608154296875,443.45458984375,136.9818878173828,418.1000061035156,6051.25
2024-12-13,246.34230041503906,130.9499969482422,227.4600067138672,169.64999389648438,188.71240234375,31.854501724243164,284.26727294921875,441.1956787109375,133.89996337890625,436.2300109863281,6051.08984375
2024-12-16,249.23130798339844,132.1999969482422,232.92999267578125,173.1699981689453,195.51248168945312,31.522584915161133,285.3311767578125,445.4570617675781,131.6558380126953,463.0199890136719,6074.080078125
2024-12-17,251.6537322998047,132.24000549316406,231.14999389648438,173.02999877929688,194.2797088623047,31.199888229370117,283.7689208984375,448.2880554199219,130.05003356933594,479.8599853515625,6050.60986328125
2024-12-18,246.2628631591797,127.54000091552734,220.52000427246094,172.6199951171875,187.30064392089844,29.955217361450195,278.78509521484375,431.44989013671875,128.5738983154297,440.1300048828125,5872.16015625
2024-12-19,247.99032592773438,129.35000610351562,223.2899932861328,177.0399932861328,187.41000366210938,29.927555084228516,278.16217041015625,431.09478759765625,130.3392333984375,436.1700134277344,5867.080078125
2024-12-20,252.65646362304688,134.2100067138672,224.9199981689453,177.35000610351562,190.2930908203125,30.370107650756836,280.51031494140625,430.670654296875,134.34878540039062,421.05999755859375,5930.85009765625
2024-12-23,253.4308624267578,134.52000427246094,225.05999755859375,177.69000244140625,193.4943389892578,30.637481689453125,279.1781005859375,429.33892822265625,139.30584716796875,430.6000061035156,5974.06982421875
2024-12-24,256.3397216796875,134.99000549316406,229.0500030517578,179.33999633789062,194.96568298339844,30.831096649169922,281.76580810546875,433.3635559082031,139.85443115234375,462.2799987792969,6040.0400390625
2024-12-26,257.1537780761719,135.32000732421875,227.0500030517578,180.3800048828125,194.4586639404297,30.821882247924805,282.5421447753906,432.1601257324219,139.56517028808594,454.1300048828125,6037.58984375
2024-12-27,253.74851989746094,133.38499450683594,223.75,180.72000122070312,191.63523864746094,30.68358612060547,281.4112243652344,424.68304443359375,136.65274047851562,431.6600036621094,5970.83984375
2024-12-30,250.38296508789062,131.80999755859375,221.3000030517578,176.5500030517578,190.12411499023438,30.08429527282715,277.558349609375,419.0604553222656,137.1315155029297,417.4100036621094,5906.93994140625
2024-12-31,248.61581420898438,131.41000366210938,219.38999938964844,177.0,188.1954345703125,30.08429527282715,277.8363037109375,415.7757263183594,133.93984985351562,403.8399963378906,5881.6298828125
2025-01-02,242.09312438964844,131.47999572753906,220.22000122070312,171.8699951171875,188.3246612548828,29.936777114868164,280.3473815917969,412.8953857421875,137.94935607910156,379.2799987792969,5868.5498046875
2025-01-03,241.60665893554688,135.7100067138672,224.19000244140625,169.89999389648438,190.67088317871094,30.554500579833984,282.5229797363281,417.6005859375,144.09332275390625,410.44000244140625,5942.47021484375
2025-01-06,243.23483276367188,135.1999969482422,227.61000061035156,170.77999877929688,195.7212371826172,31.227550506591797,280.0310363769531,422.0394287109375,149.04037475585938,411.04998779296875,5975.3798828125
2025-01-07,240.46495056152344,131.2899932861328,222.11000061035156,172.50999450683594,194.34930419921875,31.04315757751465,277.30914306640625,416.63385009765625,139.77459716796875,394.3599853515625,5909.02978515625
2025-01-08,240.95143127441406,130.8000030517578,222.1300048828125,171.75999450683594,192.81829833984375,30.840316772460938,274.9706726074219,418.79412841796875,139.74468994140625,394.94000244140625,5918.25
2025-01-10,235.14356994628906,129.6300048828125,218.94000244140625,172.0,190.91943359375,30.609821319580078,270.57147216796875,413.2603759765625,135.55563354492188,394.739990234375,5827.0400390625
2025-01-13,232.71121215820312,128.85000610351562,218.4600067138672,170.57000732421875,189.8954315185547,30.075075149536133,271.8365783691406,411.5242004394531,132.8826141357422,403.30999755859375,5836.22021484375
2025-01-14,231.5992889404297,127.5999984741211,217.75999450683594,167.02000427246094,188.55331420898438,30.121171951293945,269.871826171875,410.02490234375,131.4164581298828,396.3599853515625,5842.91015625
2025-01-15,236.15621948242188,132.52000427246094,223.35000610351562,166.1999969482422,194.408935546875,30.2318115234375,270.5618896484375,420.5203857421875,135.88478088378906,428.2200012207031,5949.91015625
2025-01-16,226.6154327392578,132.16000366210938,220.66000366210938,168.92999267578125,191.7843475341797,29.826141357421875,268.1083068847656,418.8138732910156,133.22174072265625,413.82000732421875,5937.33984375
2025-01-17,228.3230438232422,135.1199951171875,225.94000244140625,171.08999633789062,194.8563232421875,29.973655700683594,269.2679748535156,423.20343017578125,137.3509521484375,426.5,5996.66015625
2025-01-21,221.0359344482422,133.07000732421875,230.7100067138672,175.55999755859375,196.8943634033203,30.379329681396484,270.8590087890625,422.6806335449219,140.46279907226562,424.07000732421875,6049.240234375
2025-01-22,222.21737670898438,132.5,235.00999450683594,174.8000030517578,197.2124786376953,30.5452880859375,269.6513977050781,440.1402587890625,146.68655395507812,415.1099853515625,6086.3701171875
2025-01-23,222.04856872558594,133.24000549316406,235.4199981689453,178.5,196.82476806640625,30.775781631469727,272.60333251953125,440.643310546875,146.83616638183594,412.3800048828125,6118.7099609375
2025-01-24,221.1749267578125,127.08999633789062,234.85000610351562,176.05999755859375,199.04176330566406,30.17649269104004,273.5904846191406,438.029296875,142.24813842773438,406.5799865722656,6101.240234375
2025-01-27,228.20391845703125,128.9600067138672,235.4199981689453,175.16000366210938,190.6907501220703,30.72968101501465,280.9032287597656,428.6583251953125,118.11123657226562,397.1499938964844,6012.27978515625
2025-01-28,236.54339599609375,131.0500030517578,238.14999389648438,177.77999877929688,194.160400390625,30.185714721679688,279.0439147949219,441.1266784667969,128.6536865234375,398.0899963378906,6067.7001953125
2025-01-29,237.63546752929688,132.5800018310547,237.07000732421875,173.66000366210938,194.26976013183594,30.065853118896484,278.0470886230469,436.32275390625,123.37747955322266,389.1000061035156,6039.31005859375
2025-01-30,235.87820434570312,131.7899932861328,234.63999938964844,179.52999877929688,199.69790649414062,30.241031646728516,278.2484436035156,409.3540954589844,124.32499694824219,400.2799987792969,6071.169921875
2025-01-31,234.29969787597656,131.1699981689453,237.67999267578125,176.52000427246094,202.8295440673828,29.964433670043945,276.69580078125,409.42315673828125,119.75694274902344,404.6000061035156,6040.52978515625
2025-02-03,226.3672332763672,129.77999877929688,237.4199981689453,175.8699951171875,200.05580139160156,29.50344467163086,277.9896240234375,405.33935546875,116.3558349609375,383.67999267578125,5994.56982421875
2025-02-04,231.1227264404297,130.74000549316406,242.05999755859375,176.22999572753906,205.17575073242188,29.51266098022461,277.72125244140625,406.7696838378906,118.34063720703125,392.2099914550781,6037.8798828125
2025-02-05,230.79513549804688,129.60000610351562,236.1699981689453,181.83999633789062,190.21359252929688,30.028972625732422,276.82037353515625,407.67718505859375,124.5045166015625,378.1700134277344,6061.47998046875
2025-02-06,231.5397186279297,132.57000732421875,238.8300018310547,184.8000030517578,190.48199462890625,30.056631088256836,282.1204528808594,410.1728515625,128.344482421875,374.32000732421875,6083.56982421875
2025-02-07,225.99000549316406,134.97999572753906,229.14999389648438,181.49000549316406,184.25852966308594,29.75238037109375,282.06292724609375,404.18524169921875,129.50144958496094,361.6199951171875,6025.990234375
2025-02-10,226.25831604003906,135.24000549316406,233.13999938964844,180.5500030517578,185.38194274902344,30.259469985961914,295.5958557128906,406.6217041015625,133.22174072265625,350.7300109863281,6066.43994140625
2025-02-11,231.1979522705078,134.52000427246094,232.75999450683594,180.44000244140625,184.2386474609375,30.563730239868164,297.3113708496094,405.852294921875,132.45375061035156,328.5,6068.5
2025-02-12,235.42196655273438,140.52000427246094,228.92999267578125,186.25,182.53863525390625,30.46230697631836,294.8099060058594,403.48492431640625,130.79808044433594,336.510009765625,6051.97021484375
2025-02-13,240.05348205566406,141.0399932861328,230.3699951171875,185.44000244140625,185.05386352539062,30.702022552490234,297.1293029785156,404.9645690917969,134.937255859375,355.94000244140625,6115.06982421875
2025-02-14,243.104736328125,161.4199981689453,228.67999267578125,184.4199981689453,184.14915466308594,31.015493392944336,295.72039794921875,402.8831787109375,138.4879913330078,355.8399963378906,6114.6298828125
2025-02-18,242.9755096435547,160.60000610351562,226.64999389648438,184.97000122070312,182.6976776123047,31.53180503845215,292.15509033203125,404.0767822265625,139.0365447998047,354.1099853515625,6129.580078125
2025-02-19,243.37306213378906,157.97999572753906,226.6300048828125,186.14999389648438,184.1889190673828,31.97435760498047,289.3852844238281,409.1370544433594,138.86695861816406,360.55999755859375,6144.14990234375
2025-02-20,244.3271942138672,155.30999755859375,222.8800048828125,180.8800048828125,183.48306274414062,32.0112419128418,290.4490966796875,411.3016662597656,139.74468994140625,354.3999938964844,6117.52001953125
2025-02-21,244.04891967773438,146.07000732421875,216.5800018310547,177.14999389648438,178.61166381835938,31.928258895874023,292.13592529296875,403.47357177734375,134.07948303222656,337.79998779296875,6013.1298828125
2025-02-24,245.58944702148438,144.82000732421875,212.7100067138672,179.91000366210938,178.2040557861328,31.96513557434082,294.7811584472656,399.3124084472656,129.94032287597656,330.5299987792969,5983.25
2025-02-25,245.52978515625,141.5500030517578,212.8000030517578,178.27000427246094,174.39639282226562,31.439607620239258,297.8001708984375,393.283203125,126.2998275756836,302.79998779296875,5955.25
2025-02-26,238.890625,144.02999877929688,214.35000610351562,173.0399932861328,171.7220916748047,31.190673828125,291.61834716796875,395.0920104980469,130.93771362304688,290.79998779296875,5956.06005859375
2025-02-27,235.84934997558594,139.4499969482422,208.74000549316406,173.8300018310547,167.5167999267578,30.5452880859375,297.0621643066406,387.97552490234375,119.83673095703125,281.95001220703125,5861.56982421875
2025-02-28,240.361572265625,138.8699951171875,212.27999877929688,174.6300048828125,169.28639221191406,28.461605072021484,295.5095520019531,392.38372802734375,124.59429168701172,292.9800109863281,5954.5
2025-03-03,236.5748748779297,140.97999572753906,205.02000427246094,170.05999755859375,166.03549194335938,27.696359634399414,293.3214111328125,383.9823913574219,113.76260375976562,284.6499938964844,5849.72021484375
2025-03-04,234.4877166748047,141.4199981689453,203.8000030517578,158.89999389648438,169.92266845703125,27.004873275756836,294.74798583984375,384.1009826660156,115.68757629394531,272.0400085449219,5778.14990234375
2025-03-05,234.29888916015625,142.5800018310547,208.36000061035156,163.16000366210938,172.0104217529297,27.216928482055664,296.3674621582031,396.366943359375,116.99415588378906,279.1000061035156,5842.6298828125
2025-03-06,233.89138793945312,134.77000427246094,200.6999969482422,158.42999267578125,171.34429931640625,27.631820678710938,299.1822204589844,392.284912109375,110.28170776367188,263.45001220703125,5738.52001953125
2025-03-07,237.60853576660156,134.38999938964844,199.25,154.17999267578125,172.84552001953125,28.157352447509766,309.7086181640625,388.7464294433594,112.39619445800781,262.6700134277344,5770.2001953125
2025-03-10,226.08938598632812,132.14999389648438,194.5399932861328,148.14999389648438,165.09205627441406,27.641036987304688,305.8142395019531,375.7490539550781,106.70106506347656,222.14999389648438,5614.56005859375
2025-03-11,219.48997497558594,125.44000244140625,196.58999633789062,154.05999755859375,163.2706298828125,26.387144088745117,295.7023620605469,376.0356750488281,108.4764175415039,230.5800018310547,5572.06982421875
2025-03-12,215.65354919433594,126.55000305175781,198.88999938964844,158.8000030517578,166.3262481689453,26.516605377197266,288.60760498046875,378.8229064941406,115.4488525390625,248.08999633789062,5599.2998046875
2025-03-13,208.398193359375,119.37999725341797,193.88999938964844,159.32000732421875,161.99664306640625,25.99502944946289,286.7761535644531,374.3751220703125,115.28924560546875,240.67999267578125,5521.52001953125
2025-03-14,212.18490600585938,122.86000061035156,197.9499969482422,161.80999755859375,164.71383666992188,26.460723876953125,289.0220947265625,384.05157470703125,121.36392211914062,249.97999572753906,5638.93994140625
2025-03-17,212.69178771972656,126.94000244140625,195.74000549316406,161.85000610351562,163.5194549560547,26.92641830444336,293.012939453125,384.18994140625,119.22930145263672,238.00999450683594,5675.1201171875
2025-03-18,211.3897705078125,124.55999755859375,192.82000732421875,161.57000732421875,159.9164276123047,26.7308292388916,292.65625,379.070068359375,115.1396255493164,225.30999755859375,5614.66015625
2025-03-19,213.92420959472656,126.0,195.5399932861328,172.6199951171875,163.121337890625,26.78670883178711,295.8565673828125,383.32012939453125,117.224365234375,235.86000061035156,5675.2900390625
2025-03-20,212.7911834716797,126.1500015258789,194.9499969482422,172.8300018310547,162.0364532470703,26.553861618041992,295.9337158203125,382.3515319824219,118.23182678222656,236.25999450683594,5662.89013671875
2025-03-21,216.9356689453125,128.8000030517578,196.2100067138672,178.11000061035156,163.2208709716797,26.712200164794922,294.429931640625,386.72027587890625,117.4039077758789,248.7100067138672,5667.56005859375
2025-03-24,219.38063049316406,129.82000732421875,203.25999450683594,180.89999389648438,166.8935546875,27.010242462158203,294.65167236328125,388.51910400390625,121.10458374023438,278.3900146484375,5767.56982421875
2025-03-25,222.38218688964844,129.8800048828125,205.7100067138672,182.58999633789062,169.76007080078125,26.83327865600586,295.8565673828125,390.5749816894531,120.38639831542969,288.1400146484375,5776.64990234375
2025-03-26,220.17572021484375,128.63999938964844,201.1300048828125,178.5500030517578,164.28585815429688,26.74013900756836,302.2764892578125,385.4451904296875,113.47383117675781,272.05999755859375,5712.2001953125
2025-03-27,222.48155212402344,125.6500015258789,201.36000061035156,179.11000061035156,161.47909545898438,26.68425750732422,301.4185485839844,386.0481262207031,111.1496810913086,273.1300048828125,5693.31005859375
2025-03-28,216.56793212890625,120.69000244140625,192.72000122070312,173.30999755859375,153.6061553955078,25.985715866088867,296.0204162597656,374.4048156738281,109.39411163330078,263.54998779296875,5580.93994140625
2025-03-31,220.77207946777344,119.45999908447266,190.25999450683594,170.5500030517578,153.9147186279297,25.79012680053711,301.110107421875,371.0343933105469,108.10736083984375,259.1600036621094,5611.85009765625
2025-04-01,221.8256072998047,121.18000030517578,192.1699981689453,168.1699981689453,156.33334350585938,25.883262634277344,302.32470703125,377.7554626464844,109.87291717529297,268.4599914550781,5633.06982421875
2025-04-02,222.5213165283203,122.80000305175781,196.00999450683594,168.55999755859375,156.30343627929688,25.967086791992188,300.34857177734375,377.7060546875,110.14221954345703,282.760009765625,5670.97021484375
2025-04-03,201.94786071777344,113.97000122070312,178.41000366210938,150.91000366210938,150.0131072998047,22.148401260375977,306.79742431640625,368.78082275390625,101.5439224243164,267.2799987792969,5396.52001953125
2025-04-04,187.22842407226562,106.66000366210938,171.0,136.58999633789062,144.9171142578125,21.05867576599121,289.2920227050781,355.6647644042969,94.07275390625,239.42999267578125,5074.080078125
2025-04-07,180.35069274902344,106.30000305175781,175.25999450683594,138.86000061035156,146.0617218017578,21.775840759277344,289.0800476074219,353.707763671875,97.39436340332031,233.2899932861328,5062.25
2025-04-08,171.365966796875,105.69000244140625,170.66000366210938,139.38999938964844,144.02133178710938,20.378761291503906,289.0220947265625,350.44610595703125,96.05775451660156,221.86000061035156,4982.77001953125
2025-04-09,197.6343994140625,121.31999969482422,191.10000610351562,160.82000732421875,157.96563720703125,22.614093780517578,293.0032958984375,385.95916748046875,114.04239654541016,272.20001220703125,5456.89990234375
2025-04-10,189.2559356689453,113.91000366210938,181.22000122070312,155.52000427246094,152.10328674316406,21.30083656311035,295.72161865234375,376.92523193359375,107.29939270019531,252.39999389648438,5268.0498046875
2025-04-11,196.93865966796875,114.54000091552734,184.8699951171875,156.83999633789062,156.40301513671875,21.83172607421875,298.7291259765625,383.94287109375,110.65095520019531,252.30999755859375,5363.35986328125
2025-04-14,201.28196716308594,113.22000122070312,182.1199951171875,159.27999877929688,158.323974609375,22.390560150146484,304.6767578125,383.310302734375,110.43150329589844,252.35000610351562,5405.97021484375
2025-04-15,200.90428161621094,114.63999938964844,179.58999633789062,155.52000427246094,155.57688903808594,22.111143112182617,301.2161865234375,381.2543640136719,111.9177474975586,254.11000061035156,5396.6298828125
2025-04-16,193.08241271972656,112.63999938964844,174.3300018310547,156.47000122070312,152.61087036132812,21.85966682434082,297.9580383300781,367.2982177734375,104.22714233398438,241.5500030517578,5275.7001953125
2025-04-17,195.77581787109375,112.69999694824219,172.61000061035156,161.89999389648438,150.45103454589844,22.194969177246094,300.07867431640625,363.5126647949219,101.23468780517578,241.3699951171875,5282.7001953125
2025-04-21,191.97915649414062,111.61000061035156,167.32000732421875,159.33999633789062,146.9774169921875,22.12045669555664,297.59173583984375,354.95318603515625,96.66622924804688,227.5,5158.2001953125
2025-04-22,198.5189666748047,114.91000366210938,173.17999267578125,162.52000427246094,150.7595977783203,22.520952224731445,307.5782470703125,362.5638122558594,98.64122772216797,237.97000122070312,5287.759765625
2025-04-23,203.34925842285156,118.27999877929688,180.60000610351562,172.3699951171875,154.6214141845703,22.940078735351562,306.9998779296875,370.0460205078125,102.45161437988281,250.74000549316406,5375.85986328125
2025-04-24,207.09620666503906,121.70999908447266,186.5399932861328,176.25999450683594,158.53297424316406,23.59204864501953,304.82135009765625,382.80615234375,106.16226196289062,259.510009765625,5484.77001953125
2025-04-25,208.00062561035156,122.51000213623047,188.99000549316406,177.9499969482422,161.2003936767578,23.54548454284668,305.3226318359375,387.3034362792969,110.73075103759766,284.95001220703125,5525.2099609375
2025-04-28,208.8553924560547,123.30000305175781,187.6999969482422,182.3000030517578,159.8567352294922,23.647933959960938,305.39007568359375,386.6214294433594,108.45648193359375,285.8800048828125,5528.75
2025-04-29,209.91883850097656,125.48999786376953,187.38999938964844,182.0,159.40882873535156,23.76901626586914,303.163330078125,389.4679870605469,108.74574279785156,292.0299987792969,5560.830078125
2025-04-30,211.20095825195312,121.91999816894531,184.4199981689453,183.24000549316406,158.0552215576172,23.815580368041992,308.127685546875,390.673828125,108.64599609375,282.1600036621094,5569.06005859375
2025-05-01,212.01597595214844,124.01000213623047,190.1999969482422,182.88999938964844,160.54348754882812,23.647933959960938,302.3343505859375,420.4641418457031,111.32923126220703,280.5199890136719,5604.14013671875
2025-05-02,204.09466552734375,125.26000213623047,189.97999572753906,185.4600067138672,163.2606658935547,24.169509887695312,300.71490478515625,430.2295227050781,114.21196746826172,287.2099914550781,5686.669921875
2025-05-05,197.6741485595703,124.88999938964844,186.35000610351562,186.4600067138672,163.43983459472656,24.122940063476562,304.33935546875,431.10919189453125,113.53368377685547,280.260009765625,5650.3798828125
2025-05-06,197.29644775390625,121.66999816894531,185.00999450683594,185.9600067138672,162.46441650390625,23.8714656829834,305.37078857421875,428.2823486328125,113.25438690185547,275.3500061035156,5606.91015625
2025-05-07,195.05027770996094,123.12000274658203,188.7100067138672,185.55999755859375,150.67002868652344,24.076372146606445,306.6624755859375,428.3218994140625,116.7655258178711,276.2200012207031,5631.27978515625
2025-05-08,196.28269958496094,126.38999938964844,192.0800018310547,191.6999969482422,153.556396484375,24.523439407348633,302.1897277832031,433.08599853515625,117.07474517822266,284.82000732421875,5663.93994140625
2025-05-09,197.3163604736328,127.04000091552734,193.05999755859375,194.85000610351562,152.03358459472656,24.64451789855957,302.3728942871094,433.6394958496094,116.3565673828125,298.260009765625,5659.91015625
2025-05-12,209.77613830566406,134.2100067138672,208.63999938964844,198.52999877929688,157.71682739257812,26.321016311645508,300.6763610839844,444.04730224609375,122.69058227539062,318.3800048828125,5844.18994140625
2025-05-13,211.9058380126953,138.0500030517578,211.3699951171875,203.4199981689453,158.7817840576172,26.80533790588379,297.562744140625,443.9287109375,129.60311889648438,334.07000732421875,5886.5498046875
2025-05-14,211.30873107910156,137.4499969482422,210.25,204.72000122070312,164.5944061279297,26.68425750732422,296.4156494140625,447.68463134765625,134.99952697753906,347.67999267578125,5892.580078125
2025-05-15,210.43295288085938,136.7899932861328,205.1699981689453,206.24000549316406,163.19102478027344,26.80533790588379,303.14404296875,448.694580078125,134.49081420898438,342.82000732421875,5916.93017578125
2025-05-16,210.24386596679688,138.0,205.58999633789062,205.82000732421875,165.41053771972656,27.308286666870117,307.12518310546875,449.82342529296875,135.0593719482422,349.9800109863281,5958.3798828125
2025-05-19,207.7758026123047,136.60000610351562,206.16000366210938,205.25,165.7589111328125,27.10338020324707,309.6507568359375,454.37841796875,135.22898864746094,342.0899963378906,5963.60009765625
2025-05-20,205.8650360107422,132.1300048828125,204.07000732421875,207.6699981689453,163.21090698242188,26.991613388061523,308.27227783203125,453.68524169921875,134.0419464111328,343.82000732421875,5940.4599609375
2025-05-21,201.1179656982422,127.5199966430664,201.1199951171875,203.2100067138672,167.76943969726562,26.647001266479492,305.0334167480469,448.14007568359375,131.4684600830078,334.6199951171875,5844.60986328125
2025-05-22,200.3914794921875,127.6500015258789,203.10000610351562,203.41000366210938,170.06857299804688,26.54454803466797,302.98016357421875,450.4076843261719,132.49586486816406,341.0400085449219,5842.009765625
2025-05-23,194.33078002929688,126.72000122070312,200.99000549316406,202.36000061035156,167.6798553466797,26.060226440429688,303.2308349609375,445.7734680175781,130.95970153808594,339.3399963378906,5802.81982421875
2025-05-27,199.2470245361328,129.39999389648438,206.02000427246094,201.02999877929688,172.08908081054688,26.395526885986328,303.5971374511719,456.18060302734375,135.1591339111328,362.8900146484375,5921.5400390625
2025-05-28,199.45602416992188,128.6699981689453,204.72000122070312,201.5,171.55160522460938,25.3337459564209,301.5632019042969,452.8832092285156,134.47085571289062,356.8999938964844,5888.5498046875
2025-05-29,198.98826599121094,128.36000061035156,205.6999969482422,208.17999267578125,171.053955078125,23.23812484741211,300.6184997558594,454.19024658203125,138.83982849121094,358.42999267578125,5912.169921875
2025-05-30,199.8839569091797,129.0,205.00999450683594,207.32000732421875,170.93450927734375,23.191553115844727,302.53680419921875,455.85382080078125,134.79006958007812,346.4599914550781,5911.68994140625
2025-06-02,200.7298583984375,129.6199951171875,206.64999389648438,211.47000122070312,168.23721313476562,23.20086669921875,303.1183776855469,457.4480895996094,137.03440856933594,342.69000244140625,5935.93994140625
2025-06-03,202.29229736328125,132.89999389648438,205.7100067138672,213.42999267578125,165.4005889892578,23.63861656188965,302.8373107910156,458.4382629394531,140.86474609375,344.2699890136719,5970.3701171875
2025-06-04,201.84446716308594,133.50999450683594,207.22999572753906,211.97999572753906,167.26182556152344,23.452342987060547,302.0423583984375,459.3294372558594,141.56297302246094,332.04998779296875,5970.81005859375
2025-06-05,199.66502380371094,137.2899932861328,207.91000366210938,209.02000427246094,167.4210662841797,23.00527572631836,299.53155517578125,463.1021728515625,139.63784790039062,284.70001220703125,5939.2998046875
2025-06-06,202.9391632080078,140.63999938964844,213.57000732421875,210.8000030517578,172.8654022216797,23.452342987060547,297.9610595703125,465.7757263183594,141.3634796142578,295.1400146484375,6000.35986328125
2025-06-09,200.48106384277344,139.00999450683594,216.97999572753906,217.50999450683594,175.47628784179688,23.396459579467773,295.4599609375,468.12255859375,142.27120971679688,308.5799865722656,6005.8798828125
2025-06-10,201.69517517089844,138.55999755859375,217.61000061035156,215.72999572753906,177.97755432128906,23.8062686920166,291.2430114746094,466.3104553222656,143.5978546142578,326.0899963378906,6038.81005859375
2025-06-11,197.8238983154297,138.05999755859375,213.1999969482422,214.0,176.73190307617188,23.381410598754883,292.49359130859375,467.99383544921875,142.4805908203125,326.42999267578125,6022.240234375
2025-06-12,198.2418670654297,138.80999755859375,213.24000549316406,203.75,175.087646484375,23.306045532226562,293.8895263671875,474.1826477050781,144.64527893066406,319.1099853515625,6045.259765625
2025-06-13,195.50509643554688,135.5399932861328,212.10000610351562,200.32000732421875,174.06126403808594,22.458208084106445,292.677734375,470.3109130859375,141.6226806640625,325.30999755859375,5976.97021484375
2025-06-16,197.46563720703125,137.2100067138672,216.10000610351562,201.6999969482422,176.15394592285156,23.098796844482422,287.2296142578125,474.45001220703125,144.33604431152344,329.1300048828125,6033.10986328125
2025-06-17,194.69898986816406,133.3699951171875,214.82000732421875,200.25999450683594,175.3367919921875,22.882131576538086,283.371337890625,473.3608093261719,143.76742553710938,316.3500061035156,5982.72021484375
2025-06-18,195.6344757080078,132.1699981689453,212.52000427246094,197.67999267578125,172.71595764160156,22.77850341796875,280.77325439453125,475.5392150878906,145.12408447265625,322.04998779296875,5980.8701171875
2025-06-20,200.03321838378906,131.72999572753906,209.69000244140625,198.75,166.05921936035156,22.712560653686523,278.66961669921875,472.7270202636719,143.4980926513672,322.1600036621094,5967.83984375
2025-06-23,200.5308380126953,130.52999877929688,208.47000122070312,201.30999755859375,164.6143035888672,22.524152755737305,280.6666259765625,481.2428283691406,143.8173065185547,348.67999267578125,6025.169921875
2025-06-24,199.3365936279297,132.14999389648438,212.77000427246094,200.94000244140625,166.18878173828125,23.117639541625977,282.5570068359375,485.3126220703125,147.53817749023438,340.4700012207031,6092.18017578125
2025-06-25,200.5905303955078,129.6699981689453,211.99000549316406,198.89999389648438,170.0851287841797,23.108219146728516,276.8179931640625,487.45147705078125,153.9324951171875,327.54998779296875,6092.16015625
2025-06-26,200.03321838378906,133.72000122070312,217.1199951171875,202.5800018310547,172.9351806640625,23.27778434753418,276.8955993652344,492.58074951171875,154.64077758789062,325.7799987792969,6141.02001953125
2025-06-27,200.11282348632812,134.52000427246094,223.3000030517578,214.5500030517578,177.9077911376953,23.334308624267578,282.6345520019531,491.0855407714844,157.3640899658203,323.6300048828125,6173.06982421875
2025-06-30,204.18316650390625,132.33999633789062,219.38999938964844,209.52999877929688,175.61581420898438,23.04227638244629,283.2356262207031,492.5411682128906,157.603515625,317.6600036621094,6204.9501953125
2025-07-01,206.82041931152344,135.41000366210938,220.4600067138672,209.7899932861328,175.2271728515625,24.021995544433594,288.3929138183594,487.233642578125,152.9249725341797,300.7099914550781,6198.009765625
2025-07-02,211.418212890625,135.38999938964844,219.9199981689453,212.02999877929688,178.0174102783203,24.351709365844727,285.620361328125,486.28302001953125,156.86532592773438,315.6499938964844,6227.419921875
2025-07-03,212.52285766601562,136.49000549316406,223.41000366210938,215.9199981689453,178.90432739257812,24.49301528930664,285.0871887207031,493.9571838378906,158.9501953125,315.3500061035156,6279.35009765625
2025-07-07,208.94015502929688,137.0,223.47000122070312,218.6300048828125,176.17385864257812,23.87127113342285,284.5539855957031,492.8481140136719,157.8529052734375,293.94000244140625,6229.97998046875
2025-07-08,208.99990844726562,136.99000549316406,219.36000061035156,218.52000427246094,173.75233459472656,24.304607391357422,282.7508850097656,491.7589111328125,159.60858154296875,297.80999755859375,6225.52001953125
2025-07-09,210.1244659423828,136.85000610351562,222.5399932861328,226.60000610351562,176.0044403076172,24.135042190551758,284.0596008300781,498.5814514160156,162.48153686523438,295.8800048828125,6263.259765625
2025-07-10,211.38832092285156,137.0,222.25999450683594,226.08999633789062,177.00094604492188,24.238662719726562,289.265380859375,496.57135009765625,163.6985626220703,309.8699951171875,6280.4599609375
2025-07-11,210.1443634033203,135.35000610351562,225.02000427246094,226.83999633789062,179.56199645996094,23.946632385253906,290.7388916015625,498.393310546875,164.51654052734375,313.510009765625,6259.75
2025-07-14,207.61656188964844,138.57000732421875,225.69000244140625,230.50999450683594,180.92721557617188,23.39082908630371,292.648681640625,498.09625244140625,163.6686248779297,316.8999938964844,6268.56005859375
2025-07-15,208.10421752929688,136.5399932861328,226.35000610351562,230.0,181.36569213867188,23.098796844482422,290.4577941894531,500.8688659667969,170.28240966796875,310.7799987792969,6243.759765625
2025-07-16,209.149169921875,136.7100067138672,223.19000244140625,229.89999389648438,182.33230590820312,23.136478424072266,289.7597961425781,500.6708068847656,170.9507598876953,321.6700134277344,6263.7001953125
2025-07-17,209.0098419189453,139.3000030517578,223.8800048828125,231.0,182.940185546875,23.315465927124023,291.184814453125,506.6913146972656,172.57676696777344,319.4100036621094,6297.35986328125
2025-07-18,210.16424560546875,139.33999633789062,226.1300048828125,229.33999633789062,184.4150390625,23.607498168945312,287.9857482910156,505.05743408203125,171.98822021484375,329.6499938964844,6296.7900390625
2025-07-21,211.45799255371094,138.07000732421875,229.3000030517578,229.32000732421875,189.43746948242188,23.39082908630371,286.6964111328125,505.06732177734375,170.9607391357422,328.489990234375,6305.60009765625
2025-07-22,213.3687744140625,139.42999267578125,227.47000122070312,228.47999572753906,190.67315673828125,23.937211990356445,290.0215759277344,500.3242492675781,166.62139892578125,332.1099853515625,6309.6201171875
2025-07-23,213.11996459960938,139.8300018310547,228.2899932861328,233.8800048828125,189.56700134277344,24.379968643188477,289.003662109375,500.9183654785156,170.36219787597656,332.55999755859375,6358.91015625
2025-07-24,212.73184204101562,141.6199951171875,232.22999572753906,231.27000427246094,191.500244140625,24.20098304748535,285.4749755859375,505.87933349609375,173.31500244140625,305.29998779296875,6363.35009765625
2025-07-25,212.85125732421875,141.30999755859375,231.44000244140625,233.05999755859375,192.50672912597656,24.191564559936523,289.3429870605469,508.6816711425781,173.07557678222656,316.05999755859375,6388.64013671875
2025-07-28,213.02047729492188,142.16000366210938,232.7899932861328,236.41000366210938,191.90882873535156,24.351709365844727,290.0700378417969,507.48345947265625,176.317626953125,325.5899963378906,6389.77001953125
2025-07-29,210.25384521484375,136.83999633789062,231.00999450683594,226.0800018310547,195.06777954101562,24.18214225769043,293.4145202636719,507.55279541015625,175.08062744140625,321.20001220703125,6370.85986328125
2025-07-30,208.0445098876953,134.75,230.19000244140625,225.83999633789062,195.84506225585938,23.64518165588379,294.32574462890625,508.21624755859375,178.83145141601562,319.0400085449219,6362.89990234375
2025-07-31,206.57162475585938,132.41000366210938,234.11000061035156,221.83999633789062,191.23118591308594,23.362567901611328,290.8940124511719,528.2779541015625,177.4348907470703,308.2699890136719,6339.39013671875
2025-08-01,201.40660095214844,128.02000427246094,214.75,221.89999389648438,188.4708709716797,23.032855987548828,293.6277770996094,518.9797973632812,173.29502868652344,302.6300048828125,6238.009765625
2025-08-04,202.37191772460938,130.9600067138672,211.64999389648438,222.33999633789062,194.36026000976562,23.522716522216797,294.92681884765625,530.3969116210938,179.55967712402344,309.260009765625,6329.93994140625
2025-08-05,201.94398498535156,129.9600067138672,213.75,224.86000061035156,193.9915313720703,23.59807777404785,289.6337585449219,522.584228515625,177.82391357421875,308.7200012207031,6299.18994140625
2025-08-06,212.22430419921875,130.5,222.30999755859375,225.0399932861328,195.40660095214844,23.560396194458008,298.2519226074219,519.8017578125,178.9810791015625,319.9100036621094,6345.06005859375
2025-08-07,218.9716796875,120.02999877929688,223.1300048828125,227.3300018310547,195.83509826660156,23.88068962097168,298.49432373046875,515.7418212890625,180.32777404785156,322.2699890136719,6340.0
2025-08-08,228.2468719482422,121.0199966430664,222.69000244140625,229.1199951171875,200.71800231933594,24.59663963317871,296.1094970703125,516.9300537109375,182.2530517578125,329.6499938964844,6389.4501953125
2025-08-11,226.34390258789062,118.30000305175781,221.3000030517578,225.9600067138672,200.29946899414062,24.031417846679688,295.0528564453125,516.6627807617188,181.61460876464844,339.0299987792969,6373.4501953125
2025-08-12,228.80479431152344,121.61000061035156,221.47000122070312,232.61000061035156,202.6313018798828,25.058238983154297,292.416015625,524.0595092773438,182.71192932128906,340.8399963378906,6445.759765625
2025-08-13,232.47125244140625,124.55000305175781,224.55999755859375,233.3699951171875,201.25613403320312,25.566938400268555,295.74114990234375,515.484375,181.14576721191406,339.3800048828125,6466.580078125
2025-08-14,231.9232635498047,124.63999938964844,230.97999572753906,233.19000244140625,202.23272705078125,25.369110107421875,299.50250244140625,517.36572265625,181.57470703125,335.5799865722656,6468.5400390625
2025-08-15,230.73764038085938,125.0999984741211,231.02999877929688,235.25999450683594,203.18936157226562,25.190122604370117,299.48309326171875,515.0783081054688,180.00856018066406,330.55999755859375,6449.7998046875
2025-08-18,230.04022216796875,125.48999786376953,231.49000549316406,232.41000366210938,202.79075622558594,25.2749080657959,299.2601318359375,512.0383911132812,181.5647430419922,335.1600036621094,6449.14990234375
2025-08-19,229.71144104003906,126.0,228.00999450683594,225.0,200.8675079345703,25.4350528717041,301.42193603515625,504.7801818847656,175.21034240722656,329.30999755859375,6411.3701171875
2025-08-20,225.17819213867188,124.95999908447266,223.80999755859375,225.6199951171875,198.62533569335938,24.935773849487305,303.50616455078125,500.7698669433594,174.97091674804688,323.8999938964844,6395.77978515625
2025-08-21,224.072265625,126.43000030517578,221.9499969482422,224.4600067138672,199.05384826660156,25.039398193359375,303.6418762207031,500.1251525878906,174.5519256591797,320.1099853515625,6370.169921875
2025-08-22,226.9217529296875,129.9199981689453,228.83999633789062,230.1199951171875,205.37173461914062,26.13216209411621,304.4659118652344,503.0907287597656,177.55458068847656,340.010009765625,6466.91015625
2025-08-25,226.323974609375,128.14999389648438,227.94000244140625,226.8699951171875,207.7633819580078,25.90607452392578,303.8551940917969,500.14495849609375,179.37013244628906,346.6000061035156,6439.31982421875
2025-08-26,228.46604919433594,126.88999938964844,228.7100067138672,234.8300018310547,206.41806030273438,25.444475173950195,303.3704528808594,497.9430847167969,181.3253173828125,351.6700134277344,6465.93994140625
2025-08-27,229.6417236328125,129.85000610351562,229.1199951171875,235.6199951171875,206.7568817138672,25.538677215576172,301.9066467285156,502.6047058105469,181.15576171875,349.6000061035156,6481.39990234375
2025-08-28,231.70408630371094,130.4600067138672,231.60000610351562,236.16000366210938,210.9023895263672,26.706804275512695,302.6724853515625,505.4810485839844,179.72923278808594,345.9800109863281,6501.85986328125
2025-08-29,231.28562927246094,130.52999877929688,229.0,234.67999267578125,212.16796875,26.88579559326172,303.9521484375,502.55511474609375,173.75389099121094,333.8699951171875,6460.259765625
2025-09-02,228.8745574951172,127.58999633789062,225.33999633789062,237.3800048828125,210.61341857910156,27.262609481811523,307.8420715332031,500.9979553222656,170.36219787597656,329.3599853515625,6415.5400390625
2025-09-03,237.59234619140625,124.9000015258789,225.99000549316406,232.3800048828125,229.85609436035156,27.036521911621094,308.456298828125,501.2261047363281,170.20260620117188,334.0899963378906,6448.259765625
2025-09-04,238.89752197265625,125.37000274658203,235.67999267578125,230.75,231.49038696289062,27.2437686920166,309.0412292480469,503.8246765136719,171.24005126953125,338.5299987792969,6502.080078125
2025-09-05,238.80784606933594,123.80999755859375,232.3300018310547,229.61000061035156,234.18099975585938,27.63942527770996,306.4966735839844,490.9605407714844,166.61141967773438,350.8399963378906,6481.5
2025-09-08,237.00450134277344,124.62000274658203,235.83999633789062,230.9499969482422,233.43292236328125,27.648845672607422,304.956298828125,494.1344299316406,167.89825439453125,346.3999938964844,6495.14990234375
2025-09-09,233.48751831054688,123.80999755859375,238.24000549316406,229.52000427246094,239.00840759277344,27.356813430786133,304.6833190917969,494.3426818847656,170.34225463867188,346.9700012207031,6512.60986328125
2025-09-10,225.955322265625,123.41000366210938,230.3300018310547,227.52000427246094,238.5496063232422,26.994291305541992,298.268310546875,496.2867431640625,176.89620971679688,347.7900085449219,6532.0400390625
2025-09-11,229.18341064453125,123.05000305175781,229.9499969482422,219.99000549316406,239.74649047851562,26.965744018554688,300.6958923339844,496.9215087890625,176.74655151367188,368.80999755859375,6587.47021484375
2025-09-12,233.2085418701172,122.55000305175781,228.14999389648438,215.94000244140625,240.17539978027344,26.613685607910156,297.7418212890625,505.73895263671875,177.39500427246094,395.94000244140625,6584.2900390625
2025-09-15,235.82884216308594,120.37000274658203,231.42999267578125,215.75,250.9573516845703,26.404354095458984,294.4953918457031,511.1544189453125,177.32518005371094,410.0400085449219,6615.27978515625
2025-09-16,237.2735137939453,121.66000366210938,234.0500030517578,215.02000427246094,250.50851440429688,26.375808715820312,295.6847839355469,504.885986328125,174.4620361328125,421.6199951171875,6606.759765625
2025-09-17,238.1104278564453,123.19999694824219,231.6199951171875,214.6300048828125,248.88275146484375,26.54707908630371,297.3226318359375,505.8579406738281,169.8829803466797,425.8599853515625,6600.35009765625
2025-09-18,237.00450134277344,125.47000122070312,231.22999572753906,215.66000366210938,251.3762664794922,26.87059211730957,293.5887145996094,504.30078125,175.81878662109375,416.8500061035156,6631.9599609375
2025-09-19,244.59646606445312,127.04000091552734,231.47999572753906,215.64999389648438,254.0592803955078,26.794471740722656,294.7975769042969,513.7034301757812,176.24774169921875,426.07000732421875,6664.35986328125
2025-09-22,255.1374969482422,125.44000244140625,227.6300048828125,212.08999633789062,251.87496948242188,26.889623641967773,295.3922424316406,510.2518615722656,183.17117309570312,434.2099914550781,6693.75
2025-09-23,253.4936065673828,123.5,220.7100067138672,216.33999633789062,251.00721740722656,27.146530151367188,295.5872802734375,505.07440185546875,178.0035400390625,425.8500061035156,6656.919921875
2025-09-24,251.3813934326172,123.08000183105469,220.2100067138672,215.10000610351562,246.4989471435547,26.166475296020508,296.6986389160156,505.9869079589844,176.54702758789062,442.7900085449219,6637.97021484375
2025-09-25,255.92459106445312,121.75,218.14999389648438,213.52999877929688,245.15243530273438,25.547996520996094,294.7195739746094,502.8923645019531,177.2653045654297,423.3900146484375,6604.72021484375
2025-09-26,254.51980590820312,123.69999694824219,219.77999877929688,221.25999450683594,245.90049743652344,25.41478157043457,297.58587646484375,507.2861633300781,177.76409912109375,440.3999938964844,6643.7001953125
2025-09-29,253.4936065673828,122.91999816894531,222.1699981689453,217.0800018310547,243.4169464111328,25.586055755615234,295.3922424316406,510.4005126953125,181.41537475585938,443.2099914550781,6661.2099609375
2025-09-30,253.69287109375,121.41999816894531,219.57000732421875,215.8300018310547,242.4694366455078,25.909568786621094,296.26971435546875,513.7232666015625,186.13406372070312,444.7200012207031,6688.4599609375
2025-10-01,254.5098419189453,122.31999969482422,220.6300048828125,215.1999969482422,244.26473999023438,25.405271530151367,292.98419189453125,515.4688720703125,186.79248046875,459.4599914550781,6711.2001953125
2025-10-02,256.1836853027344,121.48999786376953,222.41000366210938,217.42999267578125,245.0526885986328,25.19593620300293,292.3602600097656,511.53125,188.43853759765625,436.0,6715.35009765625
2025-10-03,257.07037353515625,120.22000122070312,219.50999450683594,216.3000030517578,244.71360778808594,25.348180770874023,293.43267822265625,513.1281127929688,187.1715850830078,429.8299865722656,6715.7900390625
2025-10-06,255.7452850341797,120.3499984741211,220.89999389648438,219.72999572753906,249.7803955078125,25.31963539123535,288.6165771484375,524.256591796875,185.09654235839844,453.25,6740.27978515625
2025-10-07,255.53607177734375,119.8499984741211,221.77999877929688,221.82000732421875,245.1225128173828,25.262542724609375,288.8895568847656,519.7039794921875,184.5977325439453,433.0899963378906,6714.58984375
2025-10-08,257.1102600097656,119.98999786376953,225.22000122070312,225.32000732421875,243.9854736328125,25.719266891479492,287.0176696777344,520.56689453125,188.65802001953125,438.69000244140625,6753.72021484375
2025-10-09,253.1050262451172,120.1500015258789,227.74000549316406,216.0,240.9034881591797,25.66217803955078,286.4425048828125,518.136962890625,192.1097412109375,435.5400085449219,6735.10986328125
2025-10-10,244.3673095703125,118.19000244140625,216.3699951171875,210.72999572753906,235.9563446044922,24.31103515625,289.562255859375,506.790283203125,182.72222900390625,413.489990234375,6552.509765625
2025-10-13,246.74851989746094,118.86000061035156,220.07000732421875,215.55999755859375,243.51669311523438,26.023752212524414,292.58447265625,509.8550720214844,187.86990356445312,435.8999938964844,6654.72021484375
2025-10-14,246.85812377929688,122.88999938964844,216.38999938964844,214.3000030517578,244.81332397460938,27.156044006347656,296.9228820800781,509.3790283203125,179.59971618652344,429.239990234375,6644.31005859375
2025-10-15,248.4223175048828,124.26000213623047,215.57000732421875,214.0,250.37884521484375,27.2226505279541,297.59564208984375,509.2401123046875,179.40017700195312,435.1499938964844,6671.06005859375
2025-10-16,246.53927612304688,122.88999938964844,214.47000122070312,211.88999938964844,250.80775451660156,25.881025314331055,297.673583984375,507.4349670410156,181.37545776367188,428.75,6629.06982421875
2025-10-17,251.36148071289062,125.91000366210938,213.0399932861328,212.94000244140625,252.64295959472656,26.04277992248535,300.3643798828125,509.3889465332031,182.78207397460938,439.30999755859375,6664.009765625
2025-10-20,261.27484130859375,127.20999908447266,216.47999572753906,216.82000732421875,255.88453674316406,26.31871795654297,300.0523986816406,512.5726928710938,182.20347595214844,447.42999267578125,6735.1298828125
2025-10-21,261.8028869628906,128.55999755859375,222.02999877929688,217.25999450683594,249.8103485107422,26.794471740722656,299.76971435546875,513.4356079101562,180.72702026367188,442.6000061035156,6735.35009765625
2025-10-22,257.4988098144531,127.5,217.9499969482422,216.58999633789062,251.03713989257812,26.31871795654297,302.333740234375,516.2921142578125,179.84913635253906,438.9700012207031,6699.39990234375
2025-10-23,258.6246032714844,127.3499984741211,221.08999633789062,217.77000427246094,252.4235382080078,26.480472564697266,299.2724609375,516.3118896484375,181.72462463378906,448.9800109863281,6738.43994140625
2025-10-24,261.85272216796875,127.98999786376953,224.2100067138672,221.35000610351562,259.2458190917969,26.31871795654297,298.1221008300781,519.3369750976562,185.81480407714844,433.7200012207031,6791.68994140625
2025-10-27,267.8206787109375,129.07000732421875,226.97000122070312,223.0,268.571533203125,26.56610870361328,302.22650146484375,527.1824951171875,191.03231811523438,452.4200134277344,6875.16015625
2025-10-28,268.00994873046875,128.00999450683594,229.25,223.3300018310547,266.77618408203125,26.70883560180664,298.7167663574219,537.6464233398438,200.5495147705078,460.54998779296875,6890.89013671875
2025-10-29,268.7074279785156,126.4800033569336,230.3000030517578,213.5800018310547,273.8577880859375,26.35677719116211,294.7683410644531,537.130615234375,206.54515075683594,461.510009765625,6890.58984375
2025-10-30,270.4011535644531,126.33999633789062,222.86000061035156,200.0800018310547,280.7498779296875,26.175992965698242,294.8463134765625,521.469482421875,202.40505981445312,440.1000061035156,6822.33984375
2025-10-31,269.37493896484375,126.54000091552734,244.22000122070312,201.02000427246094,280.46063232421875,26.328231811523438,290.9466552734375,513.5844116210938,202.00604248046875,456.55999755859375,6840.2001953125
2025-11-03,268.0597839355469,126.80000305175781,254.0,204.5500030517578,282.9840393066406,25.700239181518555,288.9382629394531,512.810791015625,206.3855438232422,468.3699951171875,6851.97021484375
2025-11-04,269.0461730957031,122.3499984741211,249.32000732421875,198.0500030517578,276.8200988769531,24.68212127685547,291.7070617675781,510.13275146484375,198.21511840820312,444.260009765625,6771.5498046875
2025-11-05,269.14581298828125,122.5,250.1999969482422,197.6199951171875,283.5725402832031,25.348180770874023,298.00506591796875,503.02130126953125,194.74343872070312,462.07000732421875,6796.2900390625
2025-11-06,268.7771301269531,120.52999877929688,243.0399932861328,196.5,284.0113525390625,24.900970458984375,290.9271545410156,493.0434265136719,187.63047790527344,445.9100036621094,6720.31982421875
2025-11-07,267.48193359375,120.87999725341797,244.41000366210938,194.61000061035156,278.1067199707031,25.00563621520996,292.14581298828125,492.76568603515625,187.70030212402344,429.5199890136719,6728.7998046875
2025-11-10,268.6985778808594,120.19999694824219,248.39999389648438,194.80999755859375,289.3475036621094,24.063644409179688,291.599853515625,501.8707580566406,198.57424926757812,445.2300109863281,6832.43017578125
2025-11-11,274.5028076171875,122.52999877929688,249.10000610351562,195.2100067138672,290.5543518066406,23.53079605102539,299.1359558105469,504.5289001464844,192.69833374023438,439.6199951171875,6846.60986328125
2025-11-12,272.7276611328125,121.69000244140625,244.1999969482422,195.5,285.9662780761719,23.98752212524414,299.24322509765625,506.9688415527344,193.33680725097656,430.6000061035156,6850.919921875
2025-11-13,272.2090759277344,121.19000244140625,237.5800018310547,194.5800018310547,277.8474426269531,23.768672943115234,299.8671569824219,499.1828918457031,186.41339111328125,401.989990234375,6737.490234375
2025-11-14,271.6705322265625,122.0199966430664,234.69000244140625,194.52000427246094,275.6929931640625,23.340497970581055,299.3309631347656,506.0166320800781,189.71546936035156,404.3500061035156,6734.10986328125
2025-11-17,266.7339782714844,117.5999984741211,232.8699951171875,191.80999755859375,284.2806701660156,21.760995864868164,297.25439453125,503.34857177734375,186.15402221679688,408.9200134277344,6672.41015625
2025-11-18,266.7139892578125,115.41999816894531,222.5500030517578,189.6300048828125,283.5425720214844,21.60875129699707,296.9521484375,489.76043701171875,180.92654418945312,401.25,6617.31982421875
2025-11-19,267.83099365234375,114.44000244140625,222.69000244140625,185.6999969482422,292.05047607421875,21.380390167236328,295.1485595703125,483.14483642578125,186.07420349121094,403.989990234375,6642.16015625
2025-11-20,265.5272521972656,111.54000091552734,217.13999938964844,179.3800048828125,288.6991882324219,21.513601303100586,296.532958984375,475.41387939453125,180.20823669433594,395.2300109863281,6538.759765625
2025-11-21,270.75299072265625,114.26000213623047,220.69000244140625,179.6999969482422,298.8826904296875,22.798133850097656,301.5927734375,469.1436462402344,178.4524688720703,391.0899963378906,6602.990234375
2025-11-24,275.1710205078125,114.41000366210938,226.27999877929688,179.1199951171875,317.75360107421875,23.197769165039062,297.25439453125,471.0118103027344,182.11370849609375,417.7799987792969,6705.1201171875
2025-11-25,276.2181396484375,118.55999755859375,229.6699981689453,182.44000244140625,322.60101318359375,23.14067840576172,302.66522216796875,473.9829406738281,177.39500427246094,419.3999938964844,6765.8798828125
2025-11-26,276.79656982421875,116.73999786376953,229.16000366210938,186.9199981689453,319.1201171875,22.817167282104492,304.5663146972656,482.4393310546875,179.82916259765625,426.5799865722656,6812.60986328125
2025-11-28,278.0930480957031,116.98999786376953,233.22000122070312,189.0,319.3494873046875,23.235830307006836,304.0008544921875,488.9082946777344,176.57696533203125,430.1700134277344,6849.08984375
2025-12-01,282.33148193359375,118.80000305175781,233.8800048828125,186.4600067138672,314.0732421875,23.207286834716797,297.7337341308594,483.6715087890625,179.48997497558594,430.1400146484375,6812.6298828125
2025-12-02,285.4131164550781,118.5,234.4199981689453,205.3800048828125,314.9908142089844,23.930431365966797,294.9384765625,486.91094970703125,181.02630615234375,429.239990234375,6829.3701171875
2025-12-03,283.378662109375,120.12999725341797,232.3800048828125,202.5399932861328,318.8009033203125,23.96849250793457,301.79412841796875,474.71832275390625,179.16075134277344,446.739990234375,6849.72021484375
2025-12-04,279.93804931640625,120.81999969482422,229.11000061035156,201.8699951171875,316.796142578125,24.644062042236328,302.6081848144531,477.8087158203125,182.951904296875,454.5299987792969,6857.1201171875
2025-12-05,278.0232238769531,124.31999969482422,229.52999877929688,201.88999938964844,320.4366760253906,24.65357780456543,305.2464904785156,480.11407470703125,181.98416137695312,455.0,6870.39990234375
2025-12-08,277.1356506347656,122.01000213623047,226.88999938964844,206.27000427246094,313.11090087890625,23.854310989379883,303.83416748046875,487.92449951171875,185.11683654785156,439.5799865722656,6846.509765625
2025-12-09,276.42755126953125,125.38999938964844,227.9199981689453,200.3699951171875,316.4643859863281,24.149276733398438,304.8149108886719,488.918212890625,184.53817749023438,445.1700134277344,6840.509765625
2025-12-10,278.0232238769531,127.56999969482422,231.77999877929688,198.72000122070312,319.58831787109375,24.253944396972656,304.55987548828125,475.5430603027344,183.35096740722656,451.45001220703125,6886.68017578125
2025-12-11,277.2752380371094,128.0,230.27999877929688,200.7100067138672,311.82342529296875,24.465768814086914,303.75567626953125,480.422119140625,180.50759887695312,446.8900146484375,6901.0
2025-12-12,277.52459716796875,128.38999938964844,226.19000244140625,204.3800048828125,308.68951416015625,23.820667266845703,310.63092041015625,475.51324462890625,174.6114044189453,458.9599914550781,6827.41015625
2025-12-15,273.3658752441406,131.80999755859375,222.5399932861328,205.5,307.6216125488281,23.5799560546875,312.6022644042969,471.8266296386719,175.87843322753906,475.30999755859375,6816.509765625
2025-12-16,273.8645324707031,132.00999450683594,222.55999755859375,206.7100067138672,305.97479248046875,23.907320022583008,308.4535827636719,473.38677978515625,177.30511474609375,489.8800048828125,6800.259765625
2025-12-17,271.1020812988281,133.77999877929688,221.27000427246094,206.3300018310547,296.1439208984375,23.522184371948242,312.5630187988281,473.1184387207031,170.5409393310547,467.260009765625,6721.43017578125
2025-12-18,271.45111083984375,133.99000549316406,226.75999450683594,208.27000427246094,301.8727722167969,22.578601837158203,313.5045471191406,480.9289245605469,173.73345947265625,483.3699951171875,6774.759765625
2025-12-19,272.9271545410156,135.27999877929688,227.35000610351562,214.0800018310547,306.56365966796875,22.395662307739258,309.7677917480469,482.8566589355469,180.56747436523438,481.20001220703125,6834.5
2025-12-22,270.23443603515625,136.9499969482422,228.42999267578125,216.83999633789062,309.1785888671875,22.30900764465332,310.1405334472656,481.8630065917969,183.26116943359375,488.7300109863281,6878.490234375
2025-12-23,271.62066650390625,136.49000549316406,232.13999938964844,216.85000610351562,313.73968505859375,22.077926635742188,304.86395263671875,483.7807922363281,188.76828002929688,485.55999755859375,6909.7900390625
2025-12-24,273.06671142578125,136.77999877929688,232.3800048828125,218.16000366210938,313.48016357421875,22.29937744140625,307.30609130859375,484.9433898925781,188.169677734375,485.3999938964844,6932.0498046875
2025-12-26,272.6578369140625,136.82000732421875,232.52000427246094,216.44000244140625,312.9013671875,22.395662307739258,304.7070007324219,484.6353454589844,190.085205078125,475.19000244140625,6929.93994140625
2025-12-29,273.0168762207031,136.6199951171875,232.07000732421875,217.25,312.9512634277344,21.885356903076172,302.5983581542969,484.02923583984375,187.7805938720703,459.6400146484375,6905.740234375
2025-12-30,272.33868408203125,136.91000366210938,232.52999877929688,218.5,313.24066162109375,22.049039840698242,302.10797119140625,484.4068603515625,187.1021728515625,454.42999267578125,6896.240234375
2025-12-31,271.12200927734375,135.72000122070312,230.82000732421875,217.1199951171875,312.3923034667969,21.45207977294922,299.7541198730469,480.5711669921875,186.0646209716797,449.7200012207031,6845.5
